"subreddit","permalink","title","description","score","upvotes","upvote_ratio","created_time","language","sentiment_score","sentiment_label","topic","type","topic_summary","topic_summary_concise"
"r/Monkeypox","https://www.reddit.com/r/Monkeypox/comments/1lp132d/monthly_discussion_thread_july_2025/","Monthly Discussion Thread: July 2025",NA,1,1,1,2025-07-01 13:01:59,"en",0.109137265968653,"positive",5,"post","Fears of mpox resurgence or endemicity, debates over vaccine strategies, and critiques of global disparities in outbreak response.","Resurgence fears, global disparities"
"r/Monkeypox","https://www.reddit.com/r/Monkeypox/comments/1kptc0j/researchers_report_mpox_dna_live_virus_on/","Researchers report mpox DNA, live virus on surfaces and in air from patients' rooms",NA,45,45,0.98,2025-05-18 20:16:37,"en",-0.0729204031042722,"neutral",8,"post","Scientific/policy debates on mutations and reinfection, stigma’s role in public perception, and advocacy for marginalized groups amid systemic gaps.","Mutations, reinfection risks"
"r/Monkeypox","https://www.reddit.com/r/Monkeypox/comments/1kpydng/bavarian_nordic_awarded_contract_options_from_the/","Bavarian Nordic Awarded Contract Options from the U.S. Government for Production and Supply of Freeze-dried Smallpox/Mpox Vaccines",NA,4,4,1,2025-05-19 00:10:42,"en",-0.0263163183869129,"neutral",8,"post","Scientific/policy debates on mutations and reinfection, stigma’s role in public perception, and advocacy for marginalized groups amid systemic gaps.","Mutations, reinfection risks"
"r/Monkeypox","https://www.reddit.com/r/Monkeypox/comments/1kis5k3/africa_cdc_and_who_update_mpox_strategy_as/","Africa CDC and WHO update mpox strategy as outbreaks persist",NA,7,7,1,2025-05-09 20:15:48,"en",0,"neutral",7,"post","Cross-border spread of strains, personal accounts of severe symptoms, and critiques of institutional response delays and inequities.","Cross-border spread, severe cases"
"r/Monkeypox","https://www.reddit.com/r/Monkeypox/comments/1kc8658/monthly_discussion_thread_may_2025/","Monthly Discussion Thread: May 2025",NA,1,1,1,2025-05-01 13:02:02,"en",0.109137265968653,"positive",6,"post","Emergence of high-risk mpox variants (e.g., Clade I), underreported global spread, and debates over containment strategies beyond MSM communities.","New variants, containment struggles"
"r/Monkeypox","https://www.reddit.com/r/Monkeypox/comments/1jxczxn/firefooted_rope_squirrels_funisciurus_pyrropus/","Fire-footed rope squirrels (Funisciurus pyrropus) are a reservoir host of monkeypox virus",NA,17,17,0.88,2025-04-12 08:54:17,"en",-0.113509617840557,"negative",8,"post","Scientific/policy debates on mutations and reinfection, stigma’s role in public perception, and advocacy for marginalized groups amid systemic gaps.","Mutations, reinfection risks"
"r/Monkeypox","https://www.reddit.com/r/Monkeypox/comments/1j6j1d1/who_extends_mpox_emergency_as_more_transmissible/","WHO extends mpox emergency as more transmissible clade 1a variant identified in DR Congo",NA,90,90,0.99,2025-03-08 15:05:26,"en",-0.138548765898117,"negative",6,"post","Emergence of high-risk mpox variants (e.g., Clade I), underreported global spread, and debates over containment strategies beyond MSM communities.","New variants, containment struggles"
"r/Monkeypox","https://www.reddit.com/r/Monkeypox/comments/1j05n9u/why_the_good_news_about_the_mpox_outbreak_of_2025/","Why the good news about the mpox outbreak of 2025 isn't really good after all",NA,67,67,0.97,2025-02-28 11:34:37,"en",0.204177128691962,"positive",5,"post","Fears of mpox resurgence or endemicity, debates over vaccine strategies, and critiques of global disparities in outbreak response.","Resurgence fears, global disparities"
"r/Monkeypox","https://www.reddit.com/r/Monkeypox/comments/1ig883c/china_discovers_cluster_of_new_mpox_strain/","China discovers cluster of new mpox strain",NA,66,66,0.98,2025-02-02 21:28:16,"en",0.04125000921751,"neutral",8,"post","Scientific/policy debates on mutations and reinfection, stigma’s role in public perception, and advocacy for marginalized groups amid systemic gaps.","Mutations, reinfection risks"
"r/Monkeypox","https://www.reddit.com/r/Monkeypox/comments/1iewr6o/in_a_shocker_decision_japan_approves_mpox_drug/","In a ‘shocker’ decision, Japan approves mpox drug that failed in two efficacy trials | Science",NA,14,14,1,2025-02-01 02:55:33,"en",0.197253846322029,"positive",6,"post","Emergence of high-risk mpox variants (e.g., Clade I), underreported global spread, and debates over containment strategies beyond MSM communities.","New variants, containment struggles"
"r/Monkeypox","https://www.reddit.com/r/Monkeypox/comments/1ieb70u/uk_reports_another_imported_clade_1b_mpox_case/","UK reports another imported clade 1b mpox case",NA,15,15,0.9,2025-01-31 09:38:01,"en",0,"neutral",6,"post","Emergence of high-risk mpox variants (e.g., Clade I), underreported global spread, and debates over containment strategies beyond MSM communities.","New variants, containment struggles"
"r/Monkeypox","https://www.reddit.com/r/Monkeypox/comments/1ibfvy2/rwandabacked_rebels_claim_to_have_seized_key_city/","Rwanda-backed rebels claim to have seized key city in Congo",NA,18,18,1,2025-01-27 18:16:40,"en",-0.057585716660062,"neutral",7,"post","Cross-border spread of strains, personal accounts of severe symptoms, and critiques of institutional response delays and inequities.","Cross-border spread, severe cases"
"r/Monkeypox","https://www.reddit.com/r/Monkeypox/comments/1i54j1i/sierra_leone_reports_mpox_cases_as_vaccine/","Sierra Leone reports mpox cases as vaccine approach broadens in DR Congo",NA,17,17,0.95,2025-01-19 18:00:38,"en",0,"neutral",7,"post","Cross-border spread of strains, personal accounts of severe symptoms, and critiques of institutional response delays and inequities.","Cross-border spread, severe cases"
"r/Monkeypox","https://www.reddit.com/r/Monkeypox/comments/1hwu4s2/france_detects_first_case_of_new_mpox_variant/","France detects first case of new mpox variant",NA,63,63,1,2025-01-08 20:32:12,"en",0.154343401693189,"positive",6,"post","Emergence of high-risk mpox variants (e.g., Clade I), underreported global spread, and debates over containment strategies beyond MSM communities.","New variants, containment struggles"
"r/Monkeypox","https://www.reddit.com/r/Monkeypox/comments/1hndh47/new_clade_1b_mpox_cases_detected_in_germany/","New clade 1b mpox cases detected in Germany",NA,42,42,0.94,2024-12-27 12:03:53,"en",0.154343401693189,"positive",7,"post","Cross-border spread of strains, personal accounts of severe symptoms, and critiques of institutional response delays and inequities.","Cross-border spread, severe cases"
"r/Monkeypox","https://www.reddit.com/r/Monkeypox/comments/1hnklcz/kosovo_detects_first_mpox_case_after_man_returns/","Kosovo detects first mpox case after man returns from Africa",NA,10,10,1,2024-12-27 17:55:03,"en",0,"neutral",1,"post","Discussions focus on global mpox transmission concerns, public health responses (especially vaccine distribution and messaging), and stigma, with emphasis on LGBTQ+ communities and personal experiences of symptoms/issues.","Transmission, stigma, vaccines"
"r/Monkeypox","https://www.reddit.com/r/Monkeypox/comments/1hnaphj/mpox_belgium_8th_nonafrican_nation_to_report_new/","Mpox: Belgium 8th non-African nation to report new variant, WHO says situation ‘especially concerning’",NA,42,42,0.94,2024-12-27 08:42:25,"en",0.112716483612588,"positive",6,"post","Emergence of high-risk mpox variants (e.g., Clade I), underreported global spread, and debates over containment strategies beyond MSM communities.","New variants, containment struggles"
"r/Monkeypox","https://www.reddit.com/r/Monkeypox/comments/1hnb3z1/mpox_is_a_public_health_threat_and_the_us_should/","Mpox is a public health threat and the U.S. should be prepared",NA,18,18,0.95,2024-12-27 09:12:40,"en",-0.0378365392801857,"neutral",7,"post","Cross-border spread of strains, personal accounts of severe symptoms, and critiques of institutional response delays and inequities.","Cross-border spread, severe cases"
"r/Monkeypox","https://www.reddit.com/r/Monkeypox/comments/1hndqf5/risk_of_clade_i_mpox_outbreaks_among_us_msm/","Risk of Clade I Mpox Outbreaks Among U.S. MSM - November Update",NA,3,3,0.72,2024-12-27 12:20:54,"en",-0.122061546837862,"negative",6,"post","Emergence of high-risk mpox variants (e.g., Clade I), underreported global spread, and debates over containment strategies beyond MSM communities.","New variants, containment struggles"
"r/Monkeypox","https://www.reddit.com/r/Monkeypox/comments/1hdjef0/nih_study_finds_tecovirimat_was_safe_but_did_not/","NIH study finds tecovirimat was safe but did not improve mpox resolution or pain",NA,22,22,0.83,2024-12-13 18:55:50,"en",-0.100156173663718,"negative",6,"post","Emergence of high-risk mpox variants (e.g., Clade I), underreported global spread, and debates over containment strategies beyond MSM communities.","New variants, containment struggles"
"r/Monkeypox","https://www.reddit.com/r/Monkeypox/comments/1hda8al/congo_to_get_japans_mpox_vaccine_for_children/","Congo to get Japan's mpox vaccine for children from next week, Africa CDC says",NA,25,25,0.97,2024-12-13 11:29:15,"en",0,"neutral",6,"post","Emergence of high-risk mpox variants (e.g., Clade I), underreported global spread, and debates over containment strategies beyond MSM communities.","New variants, containment struggles"
"r/Monkeypox","https://www.reddit.com/r/Monkeypox/comments/1h9w155/gay_venue_perth_steam_works_offering_free_mpox/","Gay venue Perth Steam Works offering free mpox vaccinations as cases rise across Australia",NA,1,1,1,2024-12-08 23:33:14,"en",0.109380604656408,"positive",8,"post","Scientific/policy debates on mutations and reinfection, stigma’s role in public perception, and advocacy for marginalized groups amid systemic gaps.","Mutations, reinfection risks"
"r/Monkeypox","https://www.reddit.com/r/Monkeypox/comments/1h86rm2/mpox_continues_its_africa_spread_as_clade_1b/","Mpox continues its Africa spread as clade 1b confirmed in 2 more nations",NA,25,25,0.96,2024-12-06 17:31:52,"en",0.141773467242649,"positive",1,"post","Discussions focus on global mpox transmission concerns, public health responses (especially vaccine distribution and messaging), and stigma, with emphasis on LGBTQ+ communities and personal experiences of symptoms/issues.","Transmission, stigma, vaccines"
"r/Monkeypox","https://www.reddit.com/r/Monkeypox/comments/1h5g31u/uk_reports_fifth_imported_mpox_case/","UK reports fifth imported mpox case",NA,21,21,0.9,2024-12-03 05:17:54,"en",0,"neutral",8,"post","Scientific/policy debates on mutations and reinfection, stigma’s role in public perception, and advocacy for marginalized groups amid systemic gaps.","Mutations, reinfection risks"
"r/Monkeypox","https://www.reddit.com/r/Monkeypox/comments/1gz73ry/public_health_agency_of_canada_confirms_the_first/","Public Health Agency of Canada confirms the first case of clade I mpox in Canada",NA,19,19,0.89,2024-11-25 01:19:40,"en",0,"neutral",7,"post","Cross-border spread of strains, personal accounts of severe symptoms, and critiques of institutional response delays and inequities.","Cross-border spread, severe cases"
"r/Monkeypox","https://www.reddit.com/r/Monkeypox/comments/1gqtk6e/mpox_plateaus_in_a_dr_congo_hot_spot_rises_in/","Mpox plateaus in a DR Congo hot spot, rises in other African nations",NA,13,13,1,2024-11-14 01:38:05,"en",-0.0378365392801857,"neutral",6,"post","Emergence of high-risk mpox variants (e.g., Clade I), underreported global spread, and debates over containment strategies beyond MSM communities.","New variants, containment struggles"
"r/Monkeypox","https://www.reddit.com/r/Monkeypox/comments/1gjreec/new_mpox_strain_spreads_to_household_contacts_in/","New mpox strain spreads to household contacts in the UK",NA,56,56,0.95,2024-11-04 22:35:15,"en",0.138048935225811,"positive",7,"post","Cross-border spread of strains, personal accounts of severe symptoms, and critiques of institutional response delays and inequities.","Cross-border spread, severe cases"
"r/Monkeypox","https://www.reddit.com/r/Monkeypox/comments/1gggqgz/ukhsa_detects_first_case_of_clade_ib_mpox/","UKHSA detects first case of Clade Ib mpox",NA,1,1,1,2024-10-31 15:06:27,"en",0,"neutral",7,"post","Cross-border spread of strains, personal accounts of severe symptoms, and critiques of institutional response delays and inequities.","Cross-border spread, severe cases"
"r/Monkeypox","https://www.reddit.com/r/Monkeypox/comments/1g9uhvo/germany_identifies_its_first_case_of_clade_1b/","Germany identifies its first case of clade 1b mpox, becoming fifth country outside Africa linked to outbreak",NA,121,121,0.99,2024-10-22 22:06:18,"en",-0.105878700065856,"negative",7,"post","Cross-border spread of strains, personal accounts of severe symptoms, and critiques of institutional response delays and inequities.","Cross-border spread, severe cases"
"r/Monkeypox","https://www.reddit.com/r/Monkeypox/comments/1g9sp71/in_remote_eastern_congo_a_new_mpox_variant_is/","In Remote Eastern Congo, a New Mpox Variant Is Attacking Children",NA,45,45,0.97,2024-10-22 20:49:23,"en",0.0493591857086246,"neutral",6,"post","Emergence of high-risk mpox variants (e.g., Clade I), underreported global spread, and debates over containment strategies beyond MSM communities.","New variants, containment struggles"
"r/Monkeypox","https://www.reddit.com/r/Monkeypox/comments/1g5hci7/mpox_vaccine_is_safe_and_generates_a_robust/","Mpox vaccine is safe and generates a robust antibody response in adolescents",NA,30,30,0.94,2024-10-17 03:06:24,"en",0.236289112071082,"positive",6,"post","Emergence of high-risk mpox variants (e.g., Clade I), underreported global spread, and debates over containment strategies beyond MSM communities.","New variants, containment struggles"
"r/Monkeypox","https://www.reddit.com/r/Monkeypox/comments/1g5hkk2/a_seroprevalence_study_indicates_a_high/","A seroprevalence study indicates a high proportion of clinically undiagnosed MPXV infections in men who have sex with men in Berlin, Germany",NA,18,18,1,2024-10-17 03:19:00,"en",-0.0523533223926218,"neutral",7,"post","Cross-border spread of strains, personal accounts of severe symptoms, and critiques of institutional response delays and inequities.","Cross-border spread, severe cases"
"r/Monkeypox","https://www.reddit.com/r/Monkeypox/comments/1g1f1ov/notes_from_the_field_mpox_cluster_caused_by/","Notes from the Field: Mpox Cluster Caused by Tecovirimat-Resistant Monkeypox Virus — Five States, October 2023–February 2024",NA,7,7,0.82,2024-10-11 17:19:43,"en",-0.102316186845613,"negative",6,"post","Emergence of high-risk mpox variants (e.g., Clade I), underreported global spread, and debates over containment strategies beyond MSM communities.","New variants, containment struggles"
"r/Monkeypox","https://www.reddit.com/r/Monkeypox/comments/1fzbqjj/congo_finally_begins_mpox_vaccinations_in_a_drive/","Congo finally begins mpox vaccinations in a drive to slow outbreaks",NA,10,10,0.86,2024-10-08 21:54:41,"en",0.0246795928543123,"neutral",7,"post","Cross-border spread of strains, personal accounts of severe symptoms, and critiques of institutional response delays and inequities.","Cross-border spread, severe cases"
"r/Monkeypox","https://www.reddit.com/r/Monkeypox/comments/1fwne21/who_approves_first_mpox_diagnostic_test_for/","WHO approves first mpox diagnostic test for emergency use, boosting global access",NA,13,13,0.82,2024-10-05 10:28:53,"en",0.141773467242649,"positive",8,"post","Scientific/policy debates on mutations and reinfection, stigma’s role in public perception, and advocacy for marginalized groups amid systemic gaps.","Mutations, reinfection risks"
"r/Monkeypox","https://www.reddit.com/r/Monkeypox/comments/1fvvxel/ongoing_australia_mpox_outbreak_new_article/","Ongoing Australia Mpox Outbreak - New Article includes some vax statistics",NA,32,32,0.94,2024-10-04 10:28:33,"en",0,"neutral",7,"post","Cross-border spread of strains, personal accounts of severe symptoms, and critiques of institutional response delays and inequities.","Cross-border spread, severe cases"
"r/Monkeypox","https://www.reddit.com/r/Monkeypox/comments/1fu9ar4/sex_workers_are_hit_hard_by_congos_mpox_outbreak/","Sex workers are hit hard by Congo’s mpox outbreak but say their only option is to keep working",NA,37,37,0.93,2024-10-02 05:54:39,"en",0.0286933256356898,"neutral",8,"post","Scientific/policy debates on mutations and reinfection, stigma’s role in public perception, and advocacy for marginalized groups amid systemic gaps.","Mutations, reinfection risks"
"r/Monkeypox","https://www.reddit.com/r/Monkeypox/comments/1fu7ajc/whos_slow_mpox_response_calls_for_a_rethink/","WHO’s Slow Mpox Response Calls For a Rethink",NA,14,14,1,2024-10-02 03:46:02,"en",-0.0454738608202723,"neutral",7,"post","Cross-border spread of strains, personal accounts of severe symptoms, and critiques of institutional response delays and inequities.","Cross-border spread, severe cases"
"r/Monkeypox","https://www.reddit.com/r/Monkeypox/comments/1fu70tp/mpox_vaccination_in_africa_what_needs_to_happen/","Mpox Vaccination in Africa: What Needs to Happen Next",NA,1,1,1,2024-10-02 03:30:35,"en",0,"neutral",8,"post","Scientific/policy debates on mutations and reinfection, stigma’s role in public perception, and advocacy for marginalized groups amid systemic gaps.","Mutations, reinfection risks"
"r/Monkeypox","https://www.reddit.com/r/Monkeypox/comments/1fowi2g/mpox_cases_in_la_county_on_the_rise_public_health/","Mpox cases in L.A. County on the rise, Public Health warns",NA,68,68,0.99,2024-09-25 04:46:59,"en",-0.0461349282252636,"neutral",8,"post","Scientific/policy debates on mutations and reinfection, stigma’s role in public perception, and advocacy for marginalized groups amid systemic gaps.","Mutations, reinfection risks"
"r/Monkeypox","https://www.reddit.com/r/Monkeypox/comments/1fovzbw/us_to_donate_1_million_mpox_vaccine_doses_to_halt/","U.S. to donate 1 million mpox vaccine doses to halt outbreak in Africa",NA,22,22,1,2024-09-25 04:14:40,"en",-0.181615388544891,"negative",6,"post","Emergence of high-risk mpox variants (e.g., Clade I), underreported global spread, and debates over containment strategies beyond MSM communities.","New variants, containment struggles"
"r/Monkeypox","https://www.reddit.com/r/Monkeypox/comments/1fowoa3/bavarian_nordic_gets_63_million_us_government/","Bavarian Nordic gets $63 million US government order for small pox, mpox vaccine",NA,16,16,0.95,2024-09-25 04:58:35,"en",-0.0787630373570273,"neutral",7,"post","Cross-border spread of strains, personal accounts of severe symptoms, and critiques of institutional response delays and inequities.","Cross-border spread, severe cases"
"r/Monkeypox","https://www.reddit.com/r/Monkeypox/comments/1fowygo/mpox_three_ongoing_vaccine_trials_to_watch/","Mpox: Three ongoing vaccine trials to watch",NA,9,9,1,2024-09-25 05:17:01,"en",0,"neutral",6,"post","Emergence of high-risk mpox variants (e.g., Clade I), underreported global spread, and debates over containment strategies beyond MSM communities.","New variants, containment struggles"
"r/Monkeypox","https://www.reddit.com/r/Monkeypox/comments/1fn6fok/amid_new_mpox_outbreak_study_suggests_waning/","Amid new mpox outbreak, study suggests waning protection of Jynneos vaccine",NA,30,30,0.94,2024-09-22 23:14:05,"en",0.106944902368687,"positive",8,"post","Scientific/policy debates on mutations and reinfection, stigma’s role in public perception, and advocacy for marginalized groups amid systemic gaps.","Mutations, reinfection risks"
"r/Monkeypox","https://www.reddit.com/r/Monkeypox/comments/1fn6nng/african_leaders_hold_weekend_meeting_to_address/","African Leaders Hold Weekend Meeting to Address ‘Worrying’ Increase in Mpox Cases",NA,12,12,0.94,2024-09-22 23:24:53,"en",-0.0393815186785137,"neutral",8,"post","Scientific/policy debates on mutations and reinfection, stigma’s role in public perception, and advocacy for marginalized groups amid systemic gaps.","Mutations, reinfection risks"
"r/Monkeypox","https://www.reddit.com/r/Monkeypox/comments/1fn7jwi/ema_broadens_imvanex_vaccine_use_to_teens_as_mpox/","EMA Broadens Imvanex Vaccine Use to Teens as Mpox Cases Rise",NA,10,10,0.92,2024-09-23 00:09:15,"en",0,"neutral",8,"post","Scientific/policy debates on mutations and reinfection, stigma’s role in public perception, and advocacy for marginalized groups amid systemic gaps.","Mutations, reinfection risks"
"r/Monkeypox","https://www.reddit.com/r/Monkeypox/comments/1fn7qzx/how_the_lessons_of_covid19_ensured_a_rapid/","How the lessons of COVID-19 ensured a rapid response to the mpox outbreak",NA,1,1,0.6,2024-09-23 00:19:05,"en",0.0302692314241485,"neutral",8,"post","Scientific/policy debates on mutations and reinfection, stigma’s role in public perception, and advocacy for marginalized groups amid systemic gaps.","Mutations, reinfection risks"
"r/Monkeypox","https://www.reddit.com/r/Monkeypox/comments/1fliq6b/the_latest_on_mpox_and_its_effect_on_women_in_the/","The latest on Mpox and its effect on women in the Democratic Republic of Congo",NA,19,19,1,2024-09-20 18:17:17,"en",0,"neutral",8,"post","Scientific/policy debates on mutations and reinfection, stigma’s role in public perception, and advocacy for marginalized groups amid systemic gaps.","Mutations, reinfection risks"
"r/Monkeypox","https://www.reddit.com/r/Monkeypox/comments/1fk1255/just_one_shot_of_an_existing_vaccine_could/","Just One Shot of an Existing Vaccine Could Prevent Mpox Infection",NA,54,54,0.86,2024-09-18 19:16:52,"en",-0.230342866640248,"negative",8,"post","Scientific/policy debates on mutations and reinfection, stigma’s role in public perception, and advocacy for marginalized groups amid systemic gaps.","Mutations, reinfection risks"
"r/Monkeypox","https://www.reddit.com/r/Monkeypox/comments/1fi8fwg/denial_the_hidden_link_connecting_mpox_covid19/","Denial: The Hidden Link Connecting Mpox, COVID-19, HIV/AIDS",NA,39,39,0.76,2024-09-16 16:05:47,"en",-0.181895443281089,"negative",8,"post","Scientific/policy debates on mutations and reinfection, stigma’s role in public perception, and advocacy for marginalized groups amid systemic gaps.","Mutations, reinfection risks"
"r/Monkeypox","https://www.reddit.com/r/Monkeypox/comments/1fi8oyf/contact_tracing_for_mpox_clade_ii_cases/","Contact Tracing for Mpox Clade II Cases Associated with Air Travel — United States, July 2021–August 2022",NA,24,24,0.88,2024-09-16 16:15:28,"en",0.126806044064161,"positive",8,"post","Scientific/policy debates on mutations and reinfection, stigma’s role in public perception, and advocacy for marginalized groups amid systemic gaps.","Mutations, reinfection risks"
"r/Monkeypox","https://www.reddit.com/r/Monkeypox/comments/1fi8n01/africa_cdc_confident_it_can_raise_600_million_for/","Africa CDC Confident it can raise $600 million for mpox response",NA,15,15,0.99,2024-09-16 16:13:22,"en",0.138048935225811,"positive",8,"post","Scientific/policy debates on mutations and reinfection, stigma’s role in public perception, and advocacy for marginalized groups amid systemic gaps.","Mutations, reinfection risks"
"r/Monkeypox","https://www.reddit.com/r/Monkeypox/comments/1fi8iig/cdc_says_mpox_vaccine_boosters_arent_needed_in/","CDC says mpox vaccine boosters aren’t needed in the US as questions emerge around waning immunity",NA,15,15,0.86,2024-09-16 16:08:33,"en",-0.0529393500329278,"neutral",7,"post","Cross-border spread of strains, personal accounts of severe symptoms, and critiques of institutional response delays and inequities.","Cross-border spread, severe cases"
"r/Monkeypox","https://www.reddit.com/r/Monkeypox/comments/1fgvgri/who_authorizes_mpox_vaccine_which_should_ease/","WHO authorizes mpox vaccine, which should ease global access",NA,6,6,1,2024-09-14 20:40:56,"en",0.209179759773252,"positive",8,"post","Scientific/policy debates on mutations and reinfection, stigma’s role in public perception, and advocacy for marginalized groups amid systemic gaps.","Mutations, reinfection risks"
"r/Monkeypox","https://www.reddit.com/r/Monkeypox/comments/1fej54v/nurses_working_in_fear_bbc_visits_mpox_epicentre/","Nurses working in fear: BBC visits mpox epicentre",NA,64,64,0.91,2024-09-11 19:41:13,"en",-0.0964646260582434,"neutral",1,"post","Discussions focus on global mpox transmission concerns, public health responses (especially vaccine distribution and messaging), and stigma, with emphasis on LGBTQ+ communities and personal experiences of symptoms/issues.","Transmission, stigma, vaccines"
"r/Monkeypox","https://www.reddit.com/r/Monkeypox/comments/1fbbi35/who_and_africa_cdc_launch_a_response_plan_to_the/","WHO and Africa CDC launch a response plan to the mpox outbreak",NA,51,51,0.96,2024-09-07 16:53:18,"en",-0.141773467242649,"negative",8,"post","Scientific/policy debates on mutations and reinfection, stigma’s role in public perception, and advocacy for marginalized groups amid systemic gaps.","Mutations, reinfection risks"
"r/Monkeypox","https://www.reddit.com/r/Monkeypox/comments/1fa42qy/poor_sanitation_and_supply_shortages_fuel_child/","Poor sanitation and supply shortages fuel child mpox deaths in DRC",NA,40,40,0.93,2024-09-06 02:11:37,"en",-0.148077557125874,"negative",7,"post","Cross-border spread of strains, personal accounts of severe symptoms, and critiques of institutional response delays and inequities.","Cross-border spread, severe cases"
"r/Monkeypox","https://www.reddit.com/r/Monkeypox/comments/1f96ioy/modernas_first_mrna_mpox_vaccine_beats_licensed/","Moderna’s First mRNA Mpox Vaccine Beats Licensed Rival Shots In Early Testing",NA,108,108,0.92,2024-09-04 22:26:10,"en",-0.0378365392801857,"neutral",8,"post","Scientific/policy debates on mutations and reinfection, stigma’s role in public perception, and advocacy for marginalized groups amid systemic gaps.","Mutations, reinfection risks"
"r/Monkeypox","https://www.reddit.com/r/Monkeypox/comments/1f8yqur/singapore_mpox_vaccine_to_be_offered_to/","[Singapore] Mpox vaccine to be offered to healthcare workers at highest risk and close contacts of confirmed cases",NA,23,23,0.93,2024-09-04 17:09:34,"en",-0.0321548753527478,"neutral",1,"post","Discussions focus on global mpox transmission concerns, public health responses (especially vaccine distribution and messaging), and stigma, with emphasis on LGBTQ+ communities and personal experiences of symptoms/issues.","Transmission, stigma, vaccines"
"r/Monkeypox","https://www.reddit.com/r/Monkeypox/comments/1f92n7o/join_ucla_hhipp_on_fri_sept_6_12115_pm_pacific/","Join UCLA HHIPP on Fri, Sept 6, 12-1:15 pm (Pacific) for a virtual community panel and mpox update. Our panelists Chichi La Pinga, Maurice Murdock, &amp; Victor Hugo Marroquin will be joined by Dr. Joseph Osmundson from NYU. Please email stickitinla@gmail.com to register and get the Zoom link.",NA,2,2,0.75,2024-09-04 19:44:26,"en",0.236766960293623,"positive",8,"post","Scientific/policy debates on mutations and reinfection, stigma’s role in public perception, and advocacy for marginalized groups amid systemic gaps.","Mutations, reinfection risks"
"r/Monkeypox","https://www.reddit.com/r/Monkeypox/comments/1f7iw88/drc_child_mpox_cases_surge_75fold_in_worsthit/","DRC: Child Mpox Cases Surge 75-fold in Worst-Hit Province as Schools Restart this Week",NA,135,135,0.96,2024-09-02 21:45:09,"en",-0.0211343406773602,"neutral",1,"post","Discussions focus on global mpox transmission concerns, public health responses (especially vaccine distribution and messaging), and stigma, with emphasis on LGBTQ+ communities and personal experiences of symptoms/issues.","Transmission, stigma, vaccines"
"r/Monkeypox","https://www.reddit.com/r/Monkeypox/comments/1f72434/weekly_discussion_september_2_2024_september_8/","Weekly Discussion | September 2, 2024- September 8, 2024","Share your general thoughts about mpox here. Ask questions and express your opinions. In this thread we use a more relaxed approach to moderation than the rest of r/monkeypox.",3,3,0.72,2024-09-02 08:58:24,"en",0.19789674647634,"positive",7,"post","Cross-border spread of strains, personal accounts of severe symptoms, and critiques of institutional response delays and inequities.","Cross-border spread, severe cases"
"r/Monkeypox","https://www.reddit.com/r/Monkeypox/comments/1f5pa26/mpox_outbreaks_in_africa_could_be_ended_in_6/","Mpox outbreaks in Africa could be ended in 6 months, WHO chief says",NA,70,70,0.91,2024-08-31 15:01:18,"en",0,"neutral",8,"post","Scientific/policy debates on mutations and reinfection, stigma’s role in public perception, and advocacy for marginalized groups amid systemic gaps.","Mutations, reinfection risks"
"r/Monkeypox","https://www.reddit.com/r/Monkeypox/comments/1f5db8c/mpox_is_spreading_rapidly_here_are_the_questions/","Mpox is spreading rapidly. Here are the questions researchers are racing to answer",NA,93,93,0.92,2024-08-31 02:51:04,"en",0,"neutral",1,"post","Discussions focus on global mpox transmission concerns, public health responses (especially vaccine distribution and messaging), and stigma, with emphasis on LGBTQ+ communities and personal experiences of symptoms/issues.","Transmission, stigma, vaccines"
"r/Monkeypox","https://www.reddit.com/r/Monkeypox/comments/1f4ueus/emergent_biosolutions_stock_soars_23_after_fda/","Emergent BioSolutions’ stock soars 23% after FDA approves its smallpox vaccine for mpox as a treatment for mpox disease in patients who are at high risk of infection.",NA,56,56,0.89,2024-08-30 12:48:24,"en",-0.309801280270974,"negative",8,"post","Scientific/policy debates on mutations and reinfection, stigma’s role in public perception, and advocacy for marginalized groups amid systemic gaps.","Mutations, reinfection risks"
"r/Monkeypox","https://www.reddit.com/r/Monkeypox/comments/1f2wxn6/spain_to_donate_500000_mpox_vaccine_doses_to/","Spain to donate 500,000 Mpox vaccine doses to combat outbreak in Africa",NA,98,98,0.93,2024-08-28 00:33:50,"en",-0.213889804737373,"negative",7,"post","Cross-border spread of strains, personal accounts of severe symptoms, and critiques of institutional response delays and inequities.","Cross-border spread, severe cases"
"r/Monkeypox","https://www.reddit.com/r/Monkeypox/comments/1f2xt2j/weekly_discussion_august_26_september_1_2024/","Weekly Discussion— August 26 - September 1, 2024","In light of the increased activity we’ve seen around the PHEIC announcement and several requests we’ve received from the community we are bringing back our Weekly Discussion threads. 

These threads serve as a place for general discussion about the disease and current events, not related to any particular news article or post. The moderation of this thread will be more relaxed than it is for other posts, and you are allowed to post personal opinions and anecdotes or ideas. If you choose to do so, please make it clear in your post that your ideas are your own and do not hold your statements out to be factual. The overarching principles of safety and civility still apply and we will not tolerate hate or harmful misinformation here. 

These threads will be refreshed each week and old threads will be locked and archived. We may update the frequency with which we post these in the future, so don’t be surprised if you see the time frames change (Daily, Weekly, Monthly, etc) just look for the blue “Discussion” flair. The current post will always be stickied to make it easy to find. If the level of activity in these threads falls below a certain threshold we may put them on hiatus again until a later date when there is renewed interest.",12,12,0.94,2024-08-28 01:16:15,"en",0.269862697975971,"positive",8,"post","Scientific/policy debates on mutations and reinfection, stigma’s role in public perception, and advocacy for marginalized groups amid systemic gaps.","Mutations, reinfection risks"
"r/Monkeypox","https://www.reddit.com/r/Monkeypox/comments/1f16fx8/africa_to_finally_receive_first_batch_of_vaccines/","Africa to finally receive first batch of vaccines for deadly mpox virus | The continent will belatedly get 10,000 shots amid criticism of delays to the process caused by WHO red tape",NA,67,67,0.91,2024-08-25 20:45:55,"en",-0.264014829090003,"negative",6,"post","Emergence of high-risk mpox variants (e.g., Clade I), underreported global spread, and debates over containment strategies beyond MSM communities.","New variants, containment struggles"
"r/Monkeypox","https://www.reddit.com/r/Monkeypox/comments/1ezx8cv/no_plans_to_close_schools_in_the_event_of_mpox/","No plans to close schools in the event of mpox outbreak, CDC says",NA,113,113,0.92,2024-08-24 04:48:01,"en",-0.121076925696594,"negative",8,"post","Scientific/policy debates on mutations and reinfection, stigma’s role in public perception, and advocacy for marginalized groups amid systemic gaps.","Mutations, reinfection risks"
"r/Monkeypox","https://www.reddit.com/r/Monkeypox/comments/1f01xvw/why_mpox_vaccines_are_only_just_arriving_in/","Why mpox vaccines are only just arriving in Africa after two years",NA,23,23,0.79,2024-08-24 10:13:39,"en",0,"neutral",8,"post","Scientific/policy debates on mutations and reinfection, stigma’s role in public perception, and advocacy for marginalized groups amid systemic gaps.","Mutations, reinfection risks"
"r/Monkeypox","https://www.reddit.com/r/Monkeypox/comments/1ezxq0u/african_health_officials_hopeful_mpox_shots_will/","African health officials hopeful mpox shots will start within days as WHO says outbreak is ‘not the new Covid’",NA,41,41,0.92,2024-08-24 05:17:51,"en",0.0938917723680949,"neutral",8,"post","Scientific/policy debates on mutations and reinfection, stigma’s role in public perception, and advocacy for marginalized groups amid systemic gaps.","Mutations, reinfection risks"
"r/Monkeypox","https://www.reddit.com/r/Monkeypox/comments/1ezxjud/mpox_in_burundi_on_the_frontline_of_the_fight_to/","Mpox In Burundi: On The Frontline Of The Fight To Halt The Spread",NA,28,28,0.88,2024-08-24 05:07:08,"en",-0.136211541408668,"negative",8,"post","Scientific/policy debates on mutations and reinfection, stigma’s role in public perception, and advocacy for marginalized groups amid systemic gaps.","Mutations, reinfection risks"
"r/Monkeypox","https://www.reddit.com/r/Monkeypox/comments/1ezh5xy/who_boss_calls_for_135_million_to_stop_mpox/","WHO boss calls for $135 million to stop mpox outbreak",NA,54,54,0.86,2024-08-23 16:30:21,"en",-0.218274531937307,"negative",6,"post","Emergence of high-risk mpox variants (e.g., Clade I), underreported global spread, and debates over containment strategies beyond MSM communities.","New variants, containment struggles"
"r/Monkeypox","https://www.reddit.com/r/Monkeypox/comments/1eys62v/the_new_deadlier_strain_of_mpox_has_spread_in/","The new, deadlier strain of Mpox has spread in Africa and into Europe. A Northeastern University expert says there will likely be cases in the U.S., but it’s not cause for panic.",NA,55,55,0.94,2024-08-22 19:25:54,"en",0.250700794093521,"positive",8,"post","Scientific/policy debates on mutations and reinfection, stigma’s role in public perception, and advocacy for marginalized groups amid systemic gaps.","Mutations, reinfection risks"
"r/Monkeypox","https://www.reddit.com/r/Monkeypox/comments/1eyivl0/thailand_confirms_mpox_case_is_clade_1b_second/","Thailand confirms mpox case is clade 1b, second outside of Africa",NA,132,132,0.97,2024-08-22 13:07:49,"en",0,"neutral",4,"post","Criticism of systemic public health failures (e.g., vaccine disparities, bureaucratic delays) and anxiety about broadening transmission (e.g., pediatric cases, workplaces).","Systemic failures, inequity"
"r/Monkeypox","https://www.reddit.com/r/Monkeypox/comments/1eyach7/mpox_not_new_covid_and_can_be_stopped_expert_says/","Mpox not new Covid and can be stopped, expert says.",NA,80,80,0.88,2024-08-22 04:19:56,"en",-0.103536701419358,"negative",8,"post","Scientific/policy debates on mutations and reinfection, stigma’s role in public perception, and advocacy for marginalized groups amid systemic gaps.","Mutations, reinfection risks"
"r/Monkeypox","https://www.reddit.com/r/Monkeypox/comments/1ey5h3o/please_read_our_policy_on_suspected_clade_i_mpox/","Please Read: Our Policy on Suspected Clade I Mpox Case Posts","Hello r/monkeypox,

This has been a busy week for our modteam and we want to thank everyone for being patient with us as we work to adjust our moderation to the volume of content coming through our queue. 

We are working hard to moderate with transparency and clarity, so we are making this announcement to clarify the rules around posts that report only on a “suspected” case of Clade I mpox outside of Africa. 

Moving forward any posts that fall into this category will only be allowed if they are reporting verified cases of mpox that have been tested/sequenced by a reputable public health authority and confirmed to belong to Clade I. 

Cases which are only “suspected” which have not yet been tested and verified are assumed to be Clade II cases until proven otherwise. As such, our existing policy against case count posts applies and these posts will be removed under that rule. 

If/when a case is known with certainty to be Clade I by way of reputable test results, feel free to post it. 

We are making this change to reduce confusion, combat misinformation and avoid spreading fear without due cause, thanks for your understanding.",80,80,0.95,2024-08-22 00:18:40,"en",0.15422278202616,"positive",8,"post","Scientific/policy debates on mutations and reinfection, stigma’s role in public perception, and advocacy for marginalized groups amid systemic gaps.","Mutations, reinfection risks"
"r/Monkeypox","https://www.reddit.com/r/Monkeypox/comments/1eymt6u/pharmadrug_cepharanthine_identified_for_potential/","PharmaDrug: Cepharanthine Identified For Potential To Bind To Monkeypox Proteins In Independent Screening",NA,1,1,1,2024-08-22 15:51:25,"en",0,"neutral",1,"post","Discussions focus on global mpox transmission concerns, public health responses (especially vaccine distribution and messaging), and stigma, with emphasis on LGBTQ+ communities and personal experiences of symptoms/issues.","Transmission, stigma, vaccines"
"r/Monkeypox","https://www.reddit.com/r/Monkeypox/comments/1ewgqfb/could_the_new_mpox_threat_cause_significant_harm/","Could the new mpox threat cause significant harm in the U.S.?",NA,99,99,0.9,2024-08-19 23:37:26,"en",-0.299299541956704,"negative",8,"post","Scientific/policy debates on mutations and reinfection, stigma’s role in public perception, and advocacy for marginalized groups amid systemic gaps.","Mutations, reinfection risks"
"r/Monkeypox","https://www.reddit.com/r/Monkeypox/comments/1eutwei/key_drug_doesnt_work_against_deadly_new_mpox/","Key drug doesn’t work against deadly new mpox virus, study finds",NA,222,222,0.95,2024-08-17 22:29:55,"en",-0.00787630373570272,"neutral",8,"post","Scientific/policy debates on mutations and reinfection, stigma’s role in public perception, and advocacy for marginalized groups amid systemic gaps.","Mutations, reinfection risks"
"r/Monkeypox","https://www.reddit.com/r/Monkeypox/comments/1eulis6/failure_to_deal_with_mpox_outbreak_is_risk_not/","Failure to deal with mpox outbreak ‘is risk not just to Africa but whole world’",NA,11,11,0.93,2024-08-17 16:18:26,"en",-0.0774925824836541,"neutral",8,"post","Scientific/policy debates on mutations and reinfection, stigma’s role in public perception, and advocacy for marginalized groups amid systemic gaps.","Mutations, reinfection risks"
"r/Monkeypox","https://www.reddit.com/r/Monkeypox/comments/1eu5ncp/mpox_and_mask_bans_a_recipe_for_disaster/","Mpox And Mask Bans - A Recipe For Disaster",NA,97,97,0.86,2024-08-17 01:19:24,"en",-0.192929252116487,"negative",6,"post","Emergence of high-risk mpox variants (e.g., Clade I), underreported global spread, and debates over containment strategies beyond MSM communities.","New variants, containment struggles"
"r/Monkeypox","https://www.reddit.com/r/Monkeypox/comments/1eto22x/as_mpox_continues_to_cross_borders_is_the_us/","As mpox continues to cross borders, is the US prepared for an outbreak?",NA,152,152,0.94,2024-08-16 12:55:30,"en",-0.0454038471362228,"neutral",6,"post","Emergence of high-risk mpox variants (e.g., Clade I), underreported global spread, and debates over containment strategies beyond MSM communities.","New variants, containment struggles"
"r/Monkeypox","https://www.reddit.com/r/Monkeypox/comments/1etzkcp/doh_mpox_variant_has_not_been_seen_in_new_york/","DOH: Mpox variant has not been seen in New York",NA,24,24,0.81,2024-08-16 20:49:31,"en",-0.138048935225811,"negative",7,"post","Cross-border spread of strains, personal accounts of severe symptoms, and critiques of institutional response delays and inequities.","Cross-border spread, severe cases"
"r/Monkeypox","https://www.reddit.com/r/Monkeypox/comments/1etwgf2/travellers_advised_to_consider_mpox_vaccine/","Travellers advised to consider Mpox vaccine",NA,31,31,0.84,2024-08-16 18:38:00,"en",0,"neutral",2,"post","Debates center on mpox spread among MSM, vaccine access challenges, and comparisons to COVID-19, alongside personal symptom accounts and frustration with public health failures.","MSM focus, vaccine inequity"
"r/Monkeypox","https://www.reddit.com/r/Monkeypox/comments/1eu2iw3/mpox_what_are_the_symptoms_and_how_does_it_spread/","Mpox: What are the symptoms, and how does it spread?",NA,13,13,0.78,2024-08-16 22:56:37,"en",-0.0690244676129055,"neutral",6,"post","Emergence of high-risk mpox variants (e.g., Clade I), underreported global spread, and debates over containment strategies beyond MSM communities.","New variants, containment struggles"
"r/Monkeypox","https://www.reddit.com/r/Monkeypox/comments/1esyy41/sweden_reports_first_case_outside_of_africa_of/","Sweden reports first case outside of Africa of new strain of monkeypox",NA,223,223,0.98,2024-08-15 16:02:05,"en",0.0315052149428109,"neutral",1,"post","Discussions focus on global mpox transmission concerns, public health responses (especially vaccine distribution and messaging), and stigma, with emphasis on LGBTQ+ communities and personal experiences of symptoms/issues.","Transmission, stigma, vaccines"
"r/Monkeypox","https://www.reddit.com/r/Monkeypox/comments/1es81az/who_declares_global_emergency_over_new_mpox/","W.H.O. Declares Global Emergency Over New Mpox Outbreak",NA,191,191,0.96,2024-08-14 17:46:20,"en",-0.064588899515369,"neutral",6,"post","Emergence of high-risk mpox variants (e.g., Clade I), underreported global spread, and debates over containment strategies beyond MSM communities.","New variants, containment struggles"
"r/Monkeypox","https://www.reddit.com/r/Monkeypox/comments/1esms2z/mpox_epidemic_fact_sheet_for_south_africa_9_july/","Mpox epidemic fact sheet for South Africa ( 9 JULY 2024 )",NA,14,14,0.85,2024-08-15 04:58:15,"en",-0.144696939087365,"negative",6,"post","Emergence of high-risk mpox variants (e.g., Clade I), underreported global spread, and debates over containment strategies beyond MSM communities.","New variants, containment struggles"
"r/Monkeypox","https://www.reddit.com/r/Monkeypox/comments/1eryaa5/mpox_map_shows_us_states_with_virus_in_wastewater/","Mpox Map Shows US States With Virus in Wastewater as Outbreak Hits Africa",NA,79,79,0.93,2024-08-14 10:37:02,"en",-0.196750004256966,"negative",8,"post","Scientific/policy debates on mutations and reinfection, stigma’s role in public perception, and advocacy for marginalized groups amid systemic gaps.","Mutations, reinfection risks"
"r/Monkeypox","https://www.reddit.com/r/Monkeypox/comments/1ert6wp/mpox_is_officially_a_health_emergency_in_africa/","Mpox Is Officially a Health Emergency in Africa",NA,62,62,0.91,2024-08-14 05:03:26,"en",-0.144696939087365,"negative",2,"post","Debates center on mpox spread among MSM, vaccine access challenges, and comparisons to COVID-19, alongside personal symptom accounts and frustration with public health failures.","MSM focus, vaccine inequity"
"r/Monkeypox","https://www.reddit.com/r/Monkeypox/comments/1eq0byv/why_a_growing_mpox_outbreak_has_the_world_worried/","Why a growing Mpox outbreak has the world worried again",NA,72,72,0.9,2024-08-12 00:43:54,"en",-0.129420876774198,"negative",6,"post","Emergence of high-risk mpox variants (e.g., Clade I), underreported global spread, and debates over containment strategies beyond MSM communities.","New variants, containment struggles"
"r/Monkeypox","https://www.reddit.com/r/Monkeypox/comments/1enp4u5/africa_cdc_likely_to_declare_mpox_public_health/","Africa CDC likely to declare mpox public health emergency next week",NA,25,25,0.9,2024-08-09 03:02:57,"en",-0.123397964271561,"negative",6,"post","Emergence of high-risk mpox variants (e.g., Clade I), underreported global spread, and debates over containment strategies beyond MSM communities.","New variants, containment struggles"
"r/Monkeypox","https://www.reddit.com/r/Monkeypox/comments/1emtp38/who_calls_emergency_meeting_to_discuss_jump_in/","WHO calls emergency meeting to discuss jump in mpox cases from DRC",NA,45,45,0.9,2024-08-08 01:45:03,"en",-0.118144556035541,"negative",7,"post","Cross-border spread of strains, personal accounts of severe symptoms, and critiques of institutional response delays and inequities.","Cross-border spread, severe cases"
"r/Monkeypox","https://www.reddit.com/r/Monkeypox/comments/1emt6n0/cdc_health_alert_network_health_update_mpox/","CDC Health Alert Network | Health Update:  Mpox Caused by Human-to-Human Transmission of Monkeypox Virus in the Democratic Republic of the Congo with Spread to Neighboring Countries",NA,31,31,0.89,2024-08-08 01:20:16,"en",-0.0773437672828312,"neutral",7,"post","Cross-border spread of strains, personal accounts of severe symptoms, and critiques of institutional response delays and inequities.","Cross-border spread, severe cases"
"r/Monkeypox","https://www.reddit.com/r/Monkeypox/comments/1ejyza3/who_chief_mulls_calling_emergency_committee_on/","WHO Chief Mulls Calling Emergency Committee On Mpox",NA,35,35,0.94,2024-08-04 16:15:16,"en",-0.144696939087365,"negative",6,"post","Emergence of high-risk mpox variants (e.g., Clade I), underreported global spread, and debates over containment strategies beyond MSM communities.","New variants, containment struggles"
"r/Monkeypox","https://www.reddit.com/r/Monkeypox/comments/1ejewy4/new_mpox_strain_infects_130_children_at_drc/","New mpox strain infects 130 children at DRC displacement camps",NA,83,83,0.96,2024-08-03 21:49:21,"en",0.0363790886562178,"neutral",7,"post","Cross-border spread of strains, personal accounts of severe symptoms, and critiques of institutional response delays and inequities.","Cross-border spread, severe cases"
"r/Monkeypox","https://www.reddit.com/r/Monkeypox/comments/1eimv1l/mpox_outbreaks_declared_in_kenya_and_central/","Mpox outbreaks declared in Kenya and Central African Republic. The race is on to contain the spread.",NA,93,93,0.97,2024-08-02 22:13:51,"en",0,"neutral",7,"post","Cross-border spread of strains, personal accounts of severe symptoms, and critiques of institutional response delays and inequities.","Cross-border spread, severe cases"
"r/Monkeypox","https://www.reddit.com/r/Monkeypox/comments/1einawf/the_permanent_representatives_committee_of_the/","The Permanent Representatives Committee of the African Union Provides Emergency Approval of $10.4 Million to Africa CDC for Mpox Outbreak Response",NA,20,20,0.99,2024-08-02 22:33:06,"en",-0.0976153382337534,"neutral",6,"post","Emergence of high-risk mpox variants (e.g., Clade I), underreported global spread, and debates over containment strategies beyond MSM communities.","New variants, containment struggles"
"r/Monkeypox","https://www.reddit.com/r/Monkeypox/comments/1eekai4/new_push_for_mpox_research_funding_as_cases_surge/","New push for mpox research funding, as cases surge",NA,36,36,0.88,2024-07-28 22:59:43,"en",0.145516354624871,"positive",6,"post","Emergence of high-risk mpox variants (e.g., Clade I), underreported global spread, and debates over containment strategies beyond MSM communities.","New variants, containment struggles"
"r/Monkeypox","https://www.reddit.com/r/Monkeypox/comments/1e0cscm/mpox_cases_on_the_rise_in_connecticut_health/","Mpox cases on the rise in Connecticut, health experts say",NA,49,49,0.96,2024-07-11 01:24:10,"en",0,"neutral",7,"post","Cross-border spread of strains, personal accounts of severe symptoms, and critiques of institutional response delays and inequities.","Cross-border spread, severe cases"
"r/Monkeypox","https://www.reddit.com/r/Monkeypox/comments/1e0i9q3/connecticut_dph_provides_mpox_update_2024_case/","Connecticut DPH provides mpox update; 2024 case count now up to 11",NA,10,10,1,2024-07-11 06:34:07,"en",0,"neutral",7,"post","Cross-border spread of strains, personal accounts of severe symptoms, and critiques of institutional response delays and inequities.","Cross-border spread, severe cases"
"r/Monkeypox","https://www.reddit.com/r/Monkeypox/comments/1dw5yed/mpox_patient_had_75_sexual_partners_in_21_days_imj/","Mpox patient had 75 sexual partners in 21 days - IMJ",NA,171,171,0.97,2024-07-05 19:15:32,"en",0.0964646260582434,"neutral",6,"post","Emergence of high-risk mpox variants (e.g., Clade I), underreported global spread, and debates over containment strategies beyond MSM communities.","New variants, containment struggles"
"r/Monkeypox","https://www.reddit.com/r/Monkeypox/comments/1dw4pn1/new_deadly_strain_of_mpox_found_in_drc_could/","New deadly strain of mpox found in DRC could spread exponentially among humans",NA,70,70,0.98,2024-07-05 18:22:24,"en",0.00756730785603714,"neutral",8,"post","Scientific/policy debates on mutations and reinfection, stigma’s role in public perception, and advocacy for marginalized groups amid systemic gaps.","Mutations, reinfection risks"
"r/Monkeypox","https://www.reddit.com/r/Monkeypox/comments/1doxlxw/new_mpox_strain_in_dr_congo_most_dangerous_yet/","New mpox strain in DR Congo 'most dangerous yet'",NA,66,66,0.99,2024-06-26 12:39:36,"en",-0.0545686329843267,"neutral",8,"post","Scientific/policy debates on mutations and reinfection, stigma’s role in public perception, and advocacy for marginalized groups amid systemic gaps.","Mutations, reinfection risks"
"r/Monkeypox","https://www.reddit.com/r/Monkeypox/comments/1do0ri3/successful_distribution_of_tecovirimat_during_the/","Successful Distribution of Tecovirimat During the Peak of the Mpox Outbreak — Los Angeles County, June 2022–January 2023",NA,6,6,1,2024-06-25 08:09:27,"en",-0.00682107912304085,"neutral",6,"post","Emergence of high-risk mpox variants (e.g., Clade I), underreported global spread, and debates over containment strategies beyond MSM communities.","New variants, containment struggles"
"r/Monkeypox","https://www.reddit.com/r/Monkeypox/comments/1dkhhh0/mpox_is_on_the_rise_in_la_county_heres_how_to/","Mpox is on the rise in L.A. County. Here's how to avoid it",NA,36,36,0.95,2024-06-20 17:34:37,"en",-0.102693932441651,"negative",6,"post","Emergence of high-risk mpox variants (e.g., Clade I), underreported global spread, and debates over containment strategies beyond MSM communities.","New variants, containment struggles"
"r/Monkeypox","https://www.reddit.com/r/Monkeypox/comments/1dkhix9/mpox_in_south_africa_second_person_dies_says/","Mpox in South Africa: Second person dies, says Health Minister Joe Phaahla",NA,17,17,1,2024-06-20 17:36:19,"en",-0.126020859771244,"negative",7,"post","Cross-border spread of strains, personal accounts of severe symptoms, and critiques of institutional response delays and inequities.","Cross-border spread, severe cases"
"r/Monkeypox","https://www.reddit.com/r/Monkeypox/comments/1dkhi78/mpox_spreads_to_another_dr_congo_province/","Mpox spreads to another DR Congo province",NA,4,4,1,2024-06-20 17:35:28,"en",0,"neutral",7,"post","Cross-border spread of strains, personal accounts of severe symptoms, and critiques of institutional response delays and inequities.","Cross-border spread, severe cases"
"r/Monkeypox","https://www.reddit.com/r/Monkeypox/comments/1degewz/federal_officials_urge_mpox_vaccinations_to_blunt/","Federal officials urge mpox vaccinations to blunt a summer surge",NA,36,36,0.93,2024-06-12 20:17:37,"en",-0.0862805845161319,"neutral",6,"post","Emergence of high-risk mpox variants (e.g., Clade I), underreported global spread, and debates over containment strategies beyond MSM communities.","New variants, containment struggles"
"r/Monkeypox","https://www.reddit.com/r/Monkeypox/comments/1degbzj/south_africa_records_first_mpox_death_after_five/","South Africa records first mpox death after five cases confirmed",NA,20,20,1,2024-06-12 20:14:21,"en",-0.043140292258066,"neutral",7,"post","Cross-border spread of strains, personal accounts of severe symptoms, and critiques of institutional response delays and inequities.","Cross-border spread, severe cases"
"r/Monkeypox","https://www.reddit.com/r/Monkeypox/comments/1d8rz7h/two_noncompeting_human_neutralizing_antibodies/","Two noncompeting human neutralizing antibodies targeting MPXV B6 show protective effects against orthopoxvirus infections - Nature Communications",NA,4,4,0.7,2024-06-05 14:56:51,"en",-0.0682107912304084,"neutral",9,"post","Sociopolitical reactions dominate, including stigma, naming controversies, and comparisons to past pandemics, alongside frustration with institutional mismanagement.","Stigma, naming debates"
"r/Monkeypox","https://www.reddit.com/r/Monkeypox/comments/1d51c5q/we_can_prevent_another_summer_mpox_outbreak/","We Can Prevent Another Summer mPox Outbreak",NA,10,10,0.81,2024-05-31 17:35:40,"en",-0.216562548391927,"negative",7,"post","Cross-border spread of strains, personal accounts of severe symptoms, and critiques of institutional response delays and inequities.","Cross-border spread, severe cases"
"r/Monkeypox","https://www.reddit.com/r/Monkeypox/comments/1d54lmj/bavarian_nordic_and_cepi_partner_to_advance_mpox/","Bavarian Nordic and CEPI partner to advance Mpox vaccination in Africa",NA,0,0,0.5,2024-05-31 19:56:10,"en",0.263248990445998,"positive",7,"post","Cross-border spread of strains, personal accounts of severe symptoms, and critiques of institutional response delays and inequities.","Cross-border spread, severe cases"
"r/Monkeypox","https://www.reddit.com/r/Monkeypox/comments/1d3wtfo/infection_plus_vaccineinduced_immunity_led_to/","Infection- plus vaccine-induced immunity led to decline of mpox in Netherlands, data reveal",NA,7,7,1,2024-05-30 05:41:45,"en",-0.160424886829399,"negative",7,"post","Cross-border spread of strains, personal accounts of severe symptoms, and critiques of institutional response delays and inequities.","Cross-border spread, severe cases"
"r/Monkeypox","https://www.reddit.com/r/Monkeypox/comments/1d1to3b/cdc_mmwr_articles_mpox_vaccine_effectiveness/","CDC MMWR Articles: Mpox Vaccine Effectiveness &amp; Ongoing Importance of Two-Dose Vaccine",NA,4,4,1,2024-05-27 15:07:23,"en",0.166480772832817,"positive",6,"post","Emergence of high-risk mpox variants (e.g., Clade I), underreported global spread, and debates over containment strategies beyond MSM communities.","New variants, containment struggles"
"r/Monkeypox","https://www.reddit.com/r/Monkeypox/comments/1czgbc3/mpox_why_the_viruss_continued_rapid_mutation/","Mpox: why the virus’s continued, rapid mutation since the 2022 global outbreak remains a concern",NA,11,11,0.93,2024-05-24 08:57:35,"en",-0.0704478022578674,"neutral",6,"post","Emergence of high-risk mpox variants (e.g., Clade I), underreported global spread, and debates over containment strategies beyond MSM communities.","New variants, containment struggles"
"r/Monkeypox","https://www.reddit.com/r/Monkeypox/comments/1cnxyiw/i_felt_like_i_was_dirty_experiences_of_gay_men/","‘I felt like I was dirty’: experiences of gay men diagnosed with mpox in England",NA,11,11,0.87,2024-05-09 13:58:48,"en",-0.0352239011289337,"neutral",6,"post","Emergence of high-risk mpox variants (e.g., Clade I), underreported global spread, and debates over containment strategies beyond MSM communities.","New variants, containment struggles"
"r/Monkeypox","https://www.reddit.com/r/Monkeypox/comments/1cmbs8s/substantial_rise_in_mpox_cases_prompts_nyc_health/","Substantial rise in mpox cases prompts NYC health alert",NA,30,30,0.97,2024-05-07 13:21:34,"en",0.0454738608202723,"neutral",9,"post","Sociopolitical reactions dominate, including stigma, naming controversies, and comparisons to past pandemics, alongside frustration with institutional mismanagement.","Stigma, naming debates"
"r/Monkeypox","https://www.reddit.com/r/Monkeypox/comments/1cmdmiu/a_new_form_of_mpox_that_may_spread_more_easily/","A new form of mpox that may spread more easily found in Congo's biggest outbreak",NA,8,8,0.83,2024-05-07 14:45:13,"en",0.152167252876994,"positive",7,"post","Cross-border spread of strains, personal accounts of severe symptoms, and critiques of institutional response delays and inequities.","Cross-border spread, severe cases"
"r/Monkeypox","https://www.reddit.com/r/Monkeypox/comments/1cmcp9w/infection_with_mpox_virus_via_the_genital_mucosae/","Infection with mpox virus via the genital mucosae increases shedding and transmission in the multimammate rat (Mastomys natalensis) - Nature Microbiology",NA,2,2,0.75,2024-05-07 14:04:31,"en",-0.164725883269459,"negative",6,"post","Emergence of high-risk mpox variants (e.g., Clade I), underreported global spread, and debates over containment strategies beyond MSM communities.","New variants, containment struggles"
"r/Monkeypox","https://www.reddit.com/r/Monkeypox/comments/1cmcgma/mpox_presentation_compared_in_racial_ethnic_groups/","Mpox Presentation Compared in Racial, Ethnic Groups",NA,2,2,0.75,2024-05-07 13:54:05,"en",0,"neutral",6,"post","Emergence of high-risk mpox variants (e.g., Clade I), underreported global spread, and debates over containment strategies beyond MSM communities.","New variants, containment struggles"
"r/Monkeypox","https://www.reddit.com/r/Monkeypox/comments/1cdu6s6/drc_is_seeing_its_worst_mpox_outbreak_but_has_no/","DRC is seeing its worst mpox outbreak — but has no vaccines or treatments yet. Why?",NA,14,14,1,2024-04-26 19:28:04,"en",-0.0653490326211895,"neutral",7,"post","Cross-border spread of strains, personal accounts of severe symptoms, and critiques of institutional response delays and inequities.","Cross-border spread, severe cases"
"r/Monkeypox","https://www.reddit.com/r/Monkeypox/comments/1c9oo31/early_release_mpox_diagnosis_behavioral_risk/","Early Release - Mpox Diagnosis, Behavioral Risk Modification, and Vaccination Uptake among Gay, Bisexual, and Other Men Who Have Sex with Men, United Kingdom, 2022 - Volume 30, Number 5—May 2024 - Emerging Infectious Diseases journal",NA,5,5,1,2024-04-21 18:18:14,"en",-0.139479532349436,"negative",8,"post","Scientific/policy debates on mutations and reinfection, stigma’s role in public perception, and advocacy for marginalized groups amid systemic gaps.","Mutations, reinfection risks"
"r/Monkeypox","https://www.reddit.com/r/Monkeypox/comments/1c89goh/rapid_risk_assessment_risk_posed_to_the_united/","Rapid Risk Assessment: Risk Posed to the United States by Clade I Mpox Outbreak in Democratic Republic of Congo",NA,7,7,1,2024-04-19 22:08:46,"en",-0.131448481315333,"negative",7,"post","Cross-border spread of strains, personal accounts of severe symptoms, and critiques of institutional response delays and inequities.","Cross-border spread, severe cases"
"r/Monkeypox","https://www.reddit.com/r/Monkeypox/comments/1c7rovu/mpox_possibly_starting_to_pop_up_in_cameroon/","Mpox possibly starting to pop up in Cameroon",NA,5,5,0.78,2024-04-19 08:25:14,"en",0,"neutral",6,"post","Emergence of high-risk mpox variants (e.g., Clade I), underreported global spread, and debates over containment strategies beyond MSM communities.","New variants, containment struggles"
"r/Monkeypox","https://www.reddit.com/r/Monkeypox/comments/1c755eo/public_health_preparedness_mpox_response/","Public Health Preparedness: Mpox Response Highlights Need for HHS to Address Recurring Challenges",NA,6,6,1,2024-04-18 14:46:09,"en",0,"neutral",7,"post","Cross-border spread of strains, personal accounts of severe symptoms, and critiques of institutional response delays and inequities.","Cross-border spread, severe cases"
"r/Monkeypox","https://www.reddit.com/r/Monkeypox/comments/1c75ogi/as_mpox_cases_climb_across_the_nation_michigans/","As mpox cases climb across the nation, Michigan's numbers are rising, too",NA,4,4,0.83,2024-04-18 15:08:19,"en",0,"neutral",7,"post","Cross-border spread of strains, personal accounts of severe symptoms, and critiques of institutional response delays and inequities.","Cross-border spread, severe cases"
"r/Monkeypox","https://www.reddit.com/r/Monkeypox/comments/1c75w1l/communiqué_united_in_the_fight_against_mpox_in/","Communiqué: United in the Fight Against Mpox in Africa - High-Level Emergency Regional Meeting",NA,2,2,1,2024-04-18 15:16:48,"en",-0.091879707911383,"neutral",7,"post","Cross-border spread of strains, personal accounts of severe symptoms, and critiques of institutional response delays and inequities.","Cross-border spread, severe cases"
"r/Monkeypox","https://www.reddit.com/r/Monkeypox/comments/1c604no/new_mutant_strain_of_monkeypox_with_pandemic/","New mutant strain of monkeypox with 'pandemic potential' is discovered in Congo village - as health officials call for 'urgent measures' to contain it",NA,56,56,0.91,2024-04-17 03:46:59,"en",-0.00568917326631122,"neutral",4,"post","Criticism of systemic public health failures (e.g., vaccine disparities, bureaucratic delays) and anxiety about broadening transmission (e.g., pediatric cases, workplaces).","Systemic failures, inequity"
"r/Monkeypox","https://www.reddit.com/r/Monkeypox/comments/1c3me8y/elevated_mpox_cases_spur_efforts_to_avoid_summer/","Elevated mpox cases spur efforts to avoid summer spread",NA,7,7,1,2024-04-14 05:57:40,"en",-0.0909477216405446,"neutral",4,"post","Criticism of systemic public health failures (e.g., vaccine disparities, bureaucratic delays) and anxiety about broadening transmission (e.g., pediatric cases, workplaces).","Systemic failures, inequity"
"r/Monkeypox","https://www.reddit.com/r/Monkeypox/comments/1c2iaxi/labcorp_receives_fda_emergency_use_authorization/","Labcorp Receives FDA Emergency Use Authorization for Mpox PCR Test Home Collection Kit",NA,12,12,1,2024-04-12 19:43:05,"en",-0.05297115499226,"neutral",7,"post","Cross-border spread of strains, personal accounts of severe symptoms, and critiques of institutional response delays and inequities.","Cross-border spread, severe cases"
"r/Monkeypox","https://www.reddit.com/r/Monkeypox/comments/1byfqd5/jynneos_mpox_vaccine_now_commercially_available/","Jynneos mpox vaccine now commercially available ahead of Pride Month",NA,25,25,0.89,2024-04-07 21:18:58,"en",0.319238162709688,"positive",7,"post","Cross-border spread of strains, personal accounts of severe symptoms, and critiques of institutional response delays and inequities.","Cross-border spread, severe cases"
"r/Monkeypox","https://www.reddit.com/r/Monkeypox/comments/1bsxenq/viral_genetics_confirms_what_ontheground/","Viral Genetics Confirms What On-the-Ground Activists Knew Early in the Mpox Outbreak",NA,25,25,0.96,2024-04-01 07:28:32,"en",-0.116672644966836,"negative",7,"post","Cross-border spread of strains, personal accounts of severe symptoms, and critiques of institutional response delays and inequities.","Cross-border spread, severe cases"
"r/Monkeypox","https://www.reddit.com/r/Monkeypox/comments/1bsx9d9/mpox_cases_in_the_us_are_on_the_rise_as/","Mpox cases in the US are on the rise as vaccination rates lag and new threats loom | CNN",NA,9,9,0.85,2024-04-01 07:18:25,"en",-0.154343401693189,"negative",7,"post","Cross-border spread of strains, personal accounts of severe symptoms, and critiques of institutional response delays and inequities.","Cross-border spread, severe cases"
"r/Monkeypox","https://www.reddit.com/r/Monkeypox/comments/1bsxbid/study_shows_mpox_monkeypox_antibodies_wane_within/","Study shows Mpox (monkeypox) antibodies wane within a year of vaccination",NA,7,7,0.78,2024-04-01 07:22:28,"en",-0.123397964271561,"negative",6,"post","Emergence of high-risk mpox variants (e.g., Clade I), underreported global spread, and debates over containment strategies beyond MSM communities.","New variants, containment struggles"
"r/Monkeypox","https://www.reddit.com/r/Monkeypox/comments/1bojm83/who_says_it_is_trying_to_expedite_mpox/","WHO Says It Is Trying To Expedite Mpox Vaccination In DRC - But Faces Multiple Hurdles - Health Policy Watch",NA,17,17,1,2024-03-26 21:25:42,"en",0.0321548753527478,"neutral",6,"post","Emergence of high-risk mpox variants (e.g., Clade I), underreported global spread, and debates over containment strategies beyond MSM communities.","New variants, containment struggles"
"r/Monkeypox","https://www.reddit.com/r/Monkeypox/comments/1bojclr/mpox_cases_on_the_rise_in_virginia_officials_say/","Mpox cases on the rise in Virginia, officials say - WTOP News",NA,4,4,0.76,2024-03-26 21:15:14,"en",0,"neutral",7,"post","Cross-border spread of strains, personal accounts of severe symptoms, and critiques of institutional response delays and inequities.","Cross-border spread, severe cases"
"r/Monkeypox","https://www.reddit.com/r/Monkeypox/comments/1bjyu5y/identity_concealment_may_discourage_healthseeking/","Identity Concealment May Discourage Health-Seeking Behaviors: Evidence From Sexual-Minority Men During the 2022 Global Mpox Outbreak",NA,5,5,0.86,2024-03-21 05:08:47,"en",-0.258079331410523,"negative",7,"post","Cross-border spread of strains, personal accounts of severe symptoms, and critiques of institutional response delays and inequities.","Cross-border spread, severe cases"
"r/Monkeypox","https://www.reddit.com/r/Monkeypox/comments/1bepfpg/eurosurveillance_ongoing_mpox_outbreak_in/","Eurosurveillance | Ongoing mpox outbreak in Kamituga, South Kivu province, associated with monkeypox virus of a novel Clade I sub-lineage, Democratic Republic of the Congo, 2024",NA,4,4,0.84,2024-03-14 16:34:28,"en",-0.130964719162384,"negative",7,"post","Cross-border spread of strains, personal accounts of severe symptoms, and critiques of institutional response delays and inequities.","Cross-border spread, severe cases"
"r/Monkeypox","https://www.reddit.com/r/Monkeypox/comments/1bbqmvl/epidemiology_clinical_characteristics_and/","Epidemiology, clinical characteristics, and transmission patterns of a novel Mpox (Monkeypox) outbreak in eastern Democratic Republic of the Congo (DRC): an observational, cross-sectional cohort study",NA,7,7,1,2024-03-11 01:05:49,"en",-0.0481580523029709,"neutral",7,"post","Cross-border spread of strains, personal accounts of severe symptoms, and critiques of institutional response delays and inequities.","Cross-border spread, severe cases"
"r/Monkeypox","https://www.reddit.com/r/Monkeypox/comments/1b41jky/vaccines_didnt_turn_back_mpox_study_finds_people/","Vaccines Didn’t Turn Back Mpox, Study Finds. People Did.",NA,96,96,0.94,2024-03-01 18:27:57,"en",0.0431552737455858,"neutral",1,"post","Discussions focus on global mpox transmission concerns, public health responses (especially vaccine distribution and messaging), and stigma, with emphasis on LGBTQ+ communities and personal experiences of symptoms/issues.","Transmission, stigma, vaccines"
"r/Monkeypox","https://www.reddit.com/r/Monkeypox/comments/1ax7odb/taiwan_meets_who_epidemic_elimination_conditions/","Taiwan meets WHO epidemic elimination conditions for mpox",NA,16,16,1,2024-02-22 14:27:22,"en",-0.241161565145608,"negative",7,"post","Cross-border spread of strains, personal accounts of severe symptoms, and critiques of institutional response delays and inequities.","Cross-border spread, severe cases"
"r/Monkeypox","https://www.reddit.com/r/Monkeypox/comments/1ax9se0/ending_the_neglect_of_paediatric_maternal_and/","Ending the neglect of paediatric, maternal, and congenital mpox",NA,3,3,1,2024-02-22 15:56:20,"en",-0.136421582460817,"negative",6,"post","Emergence of high-risk mpox variants (e.g., Clade I), underreported global spread, and debates over containment strategies beyond MSM communities.","New variants, containment struggles"
"r/Monkeypox","https://www.reddit.com/r/Monkeypox/comments/1awtwkg/integrated_network_analysis_of_symptom_clusters/","Integrated Network Analysis of Symptom Clusters Across Monkeypox Epidemics From 1970 to 2023: Systematic Review and Meta-Analysis",NA,5,5,0.86,2024-02-22 01:35:54,"en",-0.0204632373691225,"neutral",7,"post","Cross-border spread of strains, personal accounts of severe symptoms, and critiques of institutional response delays and inequities.","Cross-border spread, severe cases"
"r/Monkeypox","https://www.reddit.com/r/Monkeypox/comments/1awfgqh/detection_of_sexually_transmitted_infections/","Detection of Sexually Transmitted Infections Rises in New York City As Access to Services Improves",NA,17,17,1,2024-02-21 15:54:46,"en",0.112716483612588,"positive",7,"post","Cross-border spread of strains, personal accounts of severe symptoms, and critiques of institutional response delays and inequities.","Cross-border spread, severe cases"
"r/Monkeypox","https://www.reddit.com/r/Monkeypox/comments/1av2gr6/cambodia_confirmed_monkeypox_mpox_activity/","Cambodia: Confirmed monkeypox (mpox) activity reported in February",NA,8,8,0.91,2024-02-19 23:34:57,"en",0.0964646260582434,"neutral",6,"post","Emergence of high-risk mpox variants (e.g., Clade I), underreported global spread, and debates over containment strategies beyond MSM communities.","New variants, containment struggles"
"r/Monkeypox","https://www.reddit.com/r/Monkeypox/comments/1aufzzi/early_tecovirimat_treatment_for_mpox_disease/","Early Tecovirimat Treatment for Mpox Disease Among People With HIV",NA,7,7,1,2024-02-19 05:52:45,"en",-0.21570146129033,"negative",8,"post","Scientific/policy debates on mutations and reinfection, stigma’s role in public perception, and advocacy for marginalized groups amid systemic gaps.","Mutations, reinfection risks"
"r/Monkeypox","https://www.reddit.com/r/Monkeypox/comments/1au6o18/synthetic_modified_vaccinia_ankara_vaccines/","Synthetic modified vaccinia Ankara vaccines confer cross-reactive and protective immunity against mpox virus - Communications Medicine",NA,5,5,0.73,2024-02-18 22:19:00,"en",0,"neutral",7,"post","Cross-border spread of strains, personal accounts of severe symptoms, and critiques of institutional response delays and inequities.","Cross-border spread, severe cases"
"r/Monkeypox","https://www.reddit.com/r/Monkeypox/comments/1atgury/researchers_investigate_how_the_mpox_virus/","Researchers investigate how the mpox virus infiltrates brain cells",NA,5,5,0.78,2024-02-18 00:25:57,"en",-0.0454738608202723,"neutral",7,"post","Cross-border spread of strains, personal accounts of severe symptoms, and critiques of institutional response delays and inequities.","Cross-border spread, severe cases"
"r/Monkeypox","https://www.reddit.com/r/Monkeypox/comments/1arf0ri/cdc_urges_mpox_vaccination_for_those_eligible/","CDC Urges Mpox Vaccination for Those Eligible Given Continued U.S. Mpox Cases",NA,23,23,0.96,2024-02-15 13:07:23,"en",0.117769411546641,"positive",6,"post","Emergence of high-risk mpox variants (e.g., Clade I), underreported global spread, and debates over containment strategies beyond MSM communities.","New variants, containment struggles"
"r/Monkeypox","https://www.reddit.com/r/Monkeypox/comments/1ai4b47/children_at_centre_of_dangerous_mpox_outbreak/","Children at centre of dangerous mpox outbreak ‘accelerating’ in DRC",NA,42,42,0.96,2024-02-03 19:42:04,"en",-0.224329519741943,"negative",6,"post","Emergence of high-risk mpox variants (e.g., Clade I), underreported global spread, and debates over containment strategies beyond MSM communities.","New variants, containment struggles"
"r/Monkeypox","https://www.reddit.com/r/Monkeypox/comments/1ach366/cincinnati_health_department_offering_vaccines/","Cincinnati Health Department offering vaccines for at-risk individuals after mpox 'seems to have reemerged'",NA,21,21,0.96,2024-01-27 18:15:13,"en",-0.105671703386801,"negative",7,"post","Cross-border spread of strains, personal accounts of severe symptoms, and critiques of institutional response delays and inequities.","Cross-border spread, severe cases"
"r/Monkeypox","https://www.reddit.com/r/Monkeypox/comments/1achjgm/a_deadly_new_outbreak_is_testing_africas/","A deadly new outbreak is testing Africa’s ambitious public health efforts",NA,4,4,0.83,2024-01-27 18:34:50,"en",-0.0393815186785137,"neutral",8,"post","Scientific/policy debates on mutations and reinfection, stigma’s role in public perception, and advocacy for marginalized groups amid systemic gaps.","Mutations, reinfection risks"
"r/Monkeypox","https://www.reddit.com/r/Monkeypox/comments/19bourp/mpox_outbreak_los_angeles_county_california_may/","Mpox Outbreak Los Angeles County, California, May 4-August 17, 2023",NA,12,12,0.89,2024-01-20 23:16:54,"en",-0.154343401693189,"negative",6,"post","Emergence of high-risk mpox variants (e.g., Clade I), underreported global spread, and debates over containment strategies beyond MSM communities.","New variants, containment struggles"
"r/Monkeypox","https://www.reddit.com/r/Monkeypox/comments/19bqz5o/lessons_from_the_mpox_response/","Lessons From the Mpox Response",NA,2,2,0.75,2024-01-21 00:55:38,"en",0,"neutral",8,"post","Scientific/policy debates on mutations and reinfection, stigma’s role in public perception, and advocacy for marginalized groups amid systemic gaps.","Mutations, reinfection risks"
"r/Monkeypox","https://www.reddit.com/r/Monkeypox/comments/19bqq1n/detecting_mpox_cases_through_wastewater/","Detecting Mpox Cases Through Wastewater Surveillance — United States, August 2022–May 2023",NA,2,2,0.75,2024-01-21 00:43:31,"en",0.0172561169032264,"neutral",6,"post","Emergence of high-risk mpox variants (e.g., Clade I), underreported global spread, and debates over containment strategies beyond MSM communities.","New variants, containment struggles"
"r/Monkeypox","https://www.reddit.com/r/Monkeypox/comments/1963mkr/mpox_neutralising_antibodies_at_6_months_from/","Mpox neutralising antibodies at 6 months from mpox infection or MVA-BN vaccination: a comparative analysis",NA,2,2,0.63,2024-01-14 01:15:50,"en",-0.105671703386801,"negative",6,"post","Emergence of high-risk mpox variants (e.g., Clade I), underreported global spread, and debates over containment strategies beyond MSM communities.","New variants, containment struggles"
"r/Monkeypox","https://www.reddit.com/r/Monkeypox/comments/18k3f0d/amid_congos_deadliest_mpox_outbreak_a_new_worry/","Amid Congo’s deadliest mpox outbreak, a new worry: virus has become sexually transmissible",NA,38,38,0.91,2023-12-16 23:20:36,"en",-0.145840806208544,"negative",7,"post","Cross-border spread of strains, personal accounts of severe symptoms, and critiques of institutional response delays and inequities.","Cross-border spread, severe cases"
"r/Monkeypox","https://www.reddit.com/r/Monkeypox/comments/18jooq1/notes_from_the_field_transmission_of_mpox_to/","Notes from the Field: Transmission of Mpox to Nonsexual Close Contacts — Two U.S. Jurisdictions, May 1–July 31, 2022",NA,5,5,0.86,2023-12-16 10:43:21,"en",0,"neutral",6,"post","Emergence of high-risk mpox variants (e.g., Clade I), underreported global spread, and debates over containment strategies beyond MSM communities.","New variants, containment struggles"
"r/Monkeypox","https://www.reddit.com/r/Monkeypox/comments/18i1moz/japan_confirms_first_death_from_mpox_in_country/","Japan confirms first death from mpox in country",NA,49,49,0.93,2023-12-14 05:41:39,"en",-0.144696939087365,"negative",7,"post","Cross-border spread of strains, personal accounts of severe symptoms, and critiques of institutional response delays and inequities.","Cross-border spread, severe cases"
"r/Monkeypox","https://www.reddit.com/r/Monkeypox/comments/18fmrzu/mpox_monkeypox_outbreak_epidemiological_overview/","Mpox (monkeypox) outbreak: epidemiological overview, 7 December 2023",NA,6,6,0.75,2023-12-11 05:00:44,"en",-0.178220409030411,"negative",7,"post","Cross-border spread of strains, personal accounts of severe symptoms, and critiques of institutional response delays and inequities.","Cross-border spread, severe cases"
"r/Monkeypox","https://www.reddit.com/r/Monkeypox/comments/18fceve/who_very_worried_about_spread_of_mpox_in_drc/","WHO 'very worried' about spread of mpox in DRC",NA,34,34,0.9,2023-12-10 20:22:02,"en",0,"neutral",7,"post","Cross-border spread of strains, personal accounts of severe symptoms, and critiques of institutional response delays and inequities.","Cross-border spread, severe cases"
"r/Monkeypox","https://www.reddit.com/r/Monkeypox/comments/18emmjv/health_alert_network_han_00501_mpox_caused_by/","Health Alert Network (HAN) - 00501 | Mpox Caused by Human-to-Human Transmission of Monkeypox Virus with Geographic Spread in the Democratic Republic of the Congo",NA,7,7,1,2023-12-09 20:43:57,"en",-0.0835408167330051,"neutral",6,"post","Emergence of high-risk mpox variants (e.g., Clade I), underreported global spread, and debates over containment strategies beyond MSM communities.","New variants, containment struggles"
"r/Monkeypox","https://www.reddit.com/r/Monkeypox/comments/18ehyza/cdc_urges_clinicians_to_be_aware_of_potential/","CDC Urges Clinicians to Be Aware of Potential Clade I Mpox Cases From DRC",NA,12,12,0.93,2023-12-09 17:05:51,"en",0,"neutral",7,"post","Cross-border spread of strains, personal accounts of severe symptoms, and critiques of institutional response delays and inequities.","Cross-border spread, severe cases"
"r/Monkeypox","https://www.reddit.com/r/Monkeypox/comments/18cfkv2/mpox_surge_in_congo_raises_concerns_world_will/","Mpox surge in Congo raises concerns world will ignore warnings again",NA,32,32,0.94,2023-12-06 22:03:20,"en",-0.304381645203185,"negative",8,"post","Scientific/policy debates on mutations and reinfection, stigma’s role in public perception, and advocacy for marginalized groups amid systemic gaps.","Mutations, reinfection risks"
"r/Monkeypox","https://www.reddit.com/r/Monkeypox/comments/189fxwz/why_has_monkeypox_not_died_out_in_the_us/","Why has monkeypox not died out in the US?",NA,36,36,0.89,2023-12-02 23:22:33,"en",0.0909477216405446,"neutral",8,"post","Scientific/policy debates on mutations and reinfection, stigma’s role in public perception, and advocacy for marginalized groups amid systemic gaps.","Mutations, reinfection risks"
"r/Monkeypox","https://www.reddit.com/r/Monkeypox/comments/183ezgs/un_confirms_sexual_spread_of_mpox_in_congo_for/","UN confirms sexual spread of mpox in Congo for the 1st time as country sees a record outbreak",NA,22,22,0.9,2023-11-25 08:11:12,"en",-0.102895601128793,"negative",6,"post","Emergence of high-risk mpox variants (e.g., Clade I), underreported global spread, and debates over containment strategies beyond MSM communities.","New variants, containment struggles"
"r/Monkeypox","https://www.reddit.com/r/Monkeypox/comments/180ix57/mike_johnson_is_a_board_member_of_a_christian/","Mike Johnson is a board member of a Christian publishing house that called ‘monkeypox’ a penalty for being gay",NA,17,17,0.81,2023-11-21 15:00:08,"en",-0.0938917723680949,"neutral",6,"post","Emergence of high-risk mpox variants (e.g., Clade I), underreported global spread, and debates over containment strategies beyond MSM communities.","New variants, containment struggles"
"r/Monkeypox","https://www.reddit.com/r/Monkeypox/comments/180agk4/mpox_might_have_circulated_in_humans_longer_than/","Mpox Might Have Circulated in Humans Longer Than Realized",NA,4,4,0.75,2023-11-21 06:22:39,"en",0,"neutral",7,"post","Cross-border spread of strains, personal accounts of severe symptoms, and critiques of institutional response delays and inequities.","Cross-border spread, severe cases"
"r/Monkeypox","https://www.reddit.com/r/Monkeypox/comments/17zwwhc/preventing_drug_resistance_combination_treatment/","Preventing drug resistance: combination treatment for mpox",NA,3,3,1,2023-11-20 19:38:48,"en",-0.12375002765253,"negative",6,"post","Emergence of high-risk mpox variants (e.g., Clade I), underreported global spread, and debates over containment strategies beyond MSM communities.","New variants, containment struggles"
"r/Monkeypox","https://www.reddit.com/r/Monkeypox/comments/17zmlad/have_you_been_cured_for_mpox_please_help_to/","Have you been cured for MPOX? Please help to understand more",NA,2,2,0.75,2023-11-20 11:37:09,"en",0.611380932216844,"positive",7,"post","Cross-border spread of strains, personal accounts of severe symptoms, and critiques of institutional response delays and inequities.","Cross-border spread, severe cases"
"r/Monkeypox","https://www.reddit.com/r/Monkeypox/comments/17v9eoo/fading_from_global_headlines_mpox_continues_to/","Fading from global headlines, mpox continues to trouble its ‘cradle’ – DRC",NA,8,8,0.91,2023-11-14 18:58:11,"en",0.0822653095143743,"neutral",7,"post","Cross-border spread of strains, personal accounts of severe symptoms, and critiques of institutional response delays and inequities.","Cross-border spread, severe cases"
"r/Monkeypox","https://www.reddit.com/r/Monkeypox/comments/17uhrec/california_department_of_public_health_advisory/","California Department of Public Health Advisory | Increase in Mpox Cases in California: Updates on Identification, Laboratory Testing, Management and Treatment, and Vaccination for Mpox",NA,5,5,0.86,2023-11-13 18:53:28,"en",0.0724020411686044,"neutral",6,"post","Emergence of high-risk mpox variants (e.g., Clade I), underreported global spread, and debates over containment strategies beyond MSM communities.","New variants, containment struggles"
"r/Monkeypox","https://www.reddit.com/r/Monkeypox/comments/17qc5j9/oregon_sees_17_cases_of_mpox_since_july_health/","Oregon sees 17 cases of Mpox since July, health officials urge vaccinations",NA,11,11,0.82,2023-11-08 02:58:48,"en",0,"neutral",7,"post","Cross-border spread of strains, personal accounts of severe symptoms, and critiques of institutional response delays and inequities.","Cross-border spread, severe cases"
"r/Monkeypox","https://www.reddit.com/r/Monkeypox/comments/17oxry4/mpox_circulated_for_five_years_before_global/","Mpox circulated for five years before global explosion in 2022, research finds",NA,18,18,0.91,2023-11-06 07:54:47,"en",-0.0329061238057497,"neutral",6,"post","Emergence of high-risk mpox variants (e.g., Clade I), underreported global spread, and debates over containment strategies beyond MSM communities.","New variants, containment struggles"
"r/Monkeypox","https://www.reddit.com/r/Monkeypox/comments/17lzd96/cdc_advisers_vote_to_recommend_routine_use_of_the/","CDC advisers vote to recommend routine use of the mpox vaccine to protect people at high risk of infection",NA,10,10,1,2023-11-02 09:10:45,"en",-0.181524093244984,"negative",4,"post","Criticism of systemic public health failures (e.g., vaccine disparities, bureaucratic delays) and anxiety about broadening transmission (e.g., pediatric cases, workplaces).","Systemic failures, inequity"
"r/Monkeypox","https://www.reddit.com/r/Monkeypox/comments/17lyys5/oklahoma_health_department_confirms_mpox_is/","Oklahoma Health Department confirms mpox is present in the state",NA,2,2,1,2023-11-02 08:38:14,"en",0.043140292258066,"neutral",7,"post","Cross-border spread of strains, personal accounts of severe symptoms, and critiques of institutional response delays and inequities.","Cross-border spread, severe cases"
"r/Monkeypox","https://www.reddit.com/r/Monkeypox/comments/17gocgj/multicountry_outbreak_of_mpox_external_situation/","Multi-country outbreak of mpox, External situation report#29",NA,3,3,0.8,2023-10-26 04:28:03,"en",-0.154343401693189,"negative",6,"post","Emergence of high-risk mpox variants (e.g., Clade I), underreported global spread, and debates over containment strategies beyond MSM communities.","New variants, containment struggles"
"r/Monkeypox","https://www.reddit.com/r/Monkeypox/comments/17dj89b/the_economist_many_of_the_worlds_new_mpox_cases/","The Economist - Many of the world’s new mpox cases are in China",NA,3,3,1,2023-10-22 02:38:54,"en",0.121076925696594,"positive",7,"post","Cross-border spread of strains, personal accounts of severe symptoms, and critiques of institutional response delays and inequities.","Cross-border spread, severe cases"
"r/Monkeypox","https://www.reddit.com/r/Monkeypox/comments/1778agw/study_immunity_from_infection_a_major_driver_in/","Study: Immunity from infection a major driver in Netherlands mpox decline",NA,7,7,0.89,2023-10-13 20:46:31,"en",-0.139851026174436,"negative",6,"post","Emergence of high-risk mpox variants (e.g., Clade I), underreported global spread, and debates over containment strategies beyond MSM communities.","New variants, containment struggles"
"r/Monkeypox","https://www.reddit.com/r/Monkeypox/comments/173v1fx/the_west_has_forgotten_its_brush_with_monkeypox/","The West has forgotten its brush with Monkeypox – yet it remains a deadly foe for Africa (this article is free to read)",NA,23,23,0.93,2023-10-09 15:43:48,"en",-0.145425895535061,"negative",8,"post","Scientific/policy debates on mutations and reinfection, stigma’s role in public perception, and advocacy for marginalized groups amid systemic gaps.","Mutations, reinfection risks"
"r/Monkeypox","https://www.reddit.com/r/Monkeypox/comments/16f5xvn/cdc_mmwr_reduced_odds_of_mpox_associated/","CDC MMWR | Reduced Odds of Mpox Associated Hospitalization Among Persons Who Received Jynneos Vaccine. California— May 2022-May 2023",NA,7,7,0.77,2023-09-10 17:22:59,"en",0.0782935694343325,"neutral",7,"post","Cross-border spread of strains, personal accounts of severe symptoms, and critiques of institutional response delays and inequities.","Cross-border spread, severe cases"
"r/Monkeypox","https://www.reddit.com/r/Monkeypox/comments/16cet16/credit_where_its_due_queer_seattleites_protected/","Credit where it’s due: Queer Seattleites protected each other from mpox",NA,5,5,0.69,2023-09-07 12:39:39,"en",0.149649770978352,"positive",6,"post","Emergence of high-risk mpox variants (e.g., Clade I), underreported global spread, and debates over containment strategies beyond MSM communities.","New variants, containment struggles"
"r/Monkeypox","https://www.reddit.com/r/Monkeypox/comments/16bs8vs/china_needs_to_step_up_its_fight_to_contain/","China needs to step up its fight to contain growing mpox outbreak",NA,5,5,0.73,2023-09-06 18:42:48,"en",-0.0787630373570273,"neutral",6,"post","Emergence of high-risk mpox variants (e.g., Clade I), underreported global spread, and debates over containment strategies beyond MSM communities.","New variants, containment struggles"
"r/Monkeypox","https://www.reddit.com/r/Monkeypox/comments/16brzn0/mpox_in_people_with_past_infection_or_a_complete/","Mpox in people with past infection or a complete vaccination course: a global case series",NA,3,3,0.67,2023-09-06 18:32:50,"en",-0.0493134615805072,"neutral",1,"post","Discussions focus on global mpox transmission concerns, public health responses (especially vaccine distribution and messaging), and stigma, with emphasis on LGBTQ+ communities and personal experiences of symptoms/issues.","Transmission, stigma, vaccines"
"r/Monkeypox","https://www.reddit.com/r/Monkeypox/comments/16bsjk2/mpox_in_the_drc_350000_euros_in_eu_aid_to_combat/","Mpox in the DRC: 350,000 euros in EU aid to combat the disease",NA,0,0,0.33,2023-09-06 18:54:21,"en",-0.0787630373570273,"neutral",6,"post","Emergence of high-risk mpox variants (e.g., Clade I), underreported global spread, and debates over containment strategies beyond MSM communities.","New variants, containment struggles"
"r/Monkeypox","https://www.reddit.com/r/Monkeypox/comments/166rhrz/mpox_cases_rising_in_san_francisco_health/","Mpox cases rising in San Francisco, health officials say",NA,12,12,0.8,2023-09-01 00:01:39,"en",0,"neutral",7,"post","Cross-border spread of strains, personal accounts of severe symptoms, and critiques of institutional response delays and inequities.","Cross-border spread, severe cases"
"r/Monkeypox","https://www.reddit.com/r/Monkeypox/comments/166rt35/cdc_mmwr_possible_exposures_among_mpox_patients/","CDC MMWR | Possible Exposures Among Mpox Patients Without Reported Male- Male Sexual Contact",NA,9,9,0.81,2023-09-01 00:14:32,"en",0.0605384628482971,"neutral",8,"post","Scientific/policy debates on mutations and reinfection, stigma’s role in public perception, and advocacy for marginalized groups amid systemic gaps.","Mutations, reinfection risks"
"r/Monkeypox","https://www.reddit.com/r/Monkeypox/comments/166s9od/monitoring_routes_of_transmission_for_human_mpox/","Monitoring routes of transmission for human mpox",NA,2,2,1,2023-09-01 00:33:42,"en",0,"neutral",6,"post","Emergence of high-risk mpox variants (e.g., Clade I), underreported global spread, and debates over containment strategies beyond MSM communities.","New variants, containment struggles"
"r/Monkeypox","https://www.reddit.com/r/Monkeypox/comments/16631c9/call_for_participants_to_new_asymptomatic_mpox/","Call for participants to new asymptomatic mpox transmission study",NA,9,9,0.85,2023-08-31 06:21:27,"en",0.190990215445144,"positive",6,"post","Emergence of high-risk mpox variants (e.g., Clade I), underreported global spread, and debates over containment strategies beyond MSM communities.","New variants, containment struggles"
"r/Monkeypox","https://www.reddit.com/r/Monkeypox/comments/15s7bzk/over_1000_new_mpox_cases_reported/","Over 1,000 New Mpox Cases Reported",NA,20,20,0.88,2023-08-15 22:32:58,"en",0.195230676467507,"positive",7,"post","Cross-border spread of strains, personal accounts of severe symptoms, and critiques of institutional response delays and inequities.","Cross-border spread, severe cases"
"r/Monkeypox","https://www.reddit.com/r/Monkeypox/comments/15k2jq5/blue_water_biotech_makes_the_case_for_better_mpox/","Blue Water Biotech makes the case for better mpox vaccines, even at 'hyperlow endemicity'",NA,7,7,0.74,2023-08-06 22:24:19,"en",0.116672644966836,"positive",6,"post","Emergence of high-risk mpox variants (e.g., Clade I), underreported global spread, and debates over containment strategies beyond MSM communities.","New variants, containment struggles"
"r/Monkeypox","https://www.reddit.com/r/Monkeypox/comments/15hcu6u/first_was_covid_now_china_is_facing_an_mpox/","First was COVID. Now China is facing an mpox crisis as cases spike",NA,42,42,0.93,2023-08-03 19:05:46,"en",-0.11579775081929,"negative",7,"post","Cross-border spread of strains, personal accounts of severe symptoms, and critiques of institutional response delays and inequities.","Cross-border spread, severe cases"
"r/Monkeypox","https://www.reddit.com/r/Monkeypox/comments/150xl57/an_mpox_vaccine_is_entering_clinical_trial_in/","An mpox vaccine is entering clinical trial in China",NA,2,2,0.75,2023-07-16 05:25:58,"en",0,"neutral",7,"post","Cross-border spread of strains, personal accounts of severe symptoms, and critiques of institutional response delays and inequities.","Cross-border spread, severe cases"
"r/Monkeypox","https://www.reddit.com/r/Monkeypox/comments/14ueoq5/the_incubation_period_of_mpox_estimated_using/","The Incubation period of mpox estimated using data of two international European festivals and outbreaks in Berlin with data provided from 10 European countries.",NA,18,18,0.92,2023-07-08 20:36:48,"en",0,"neutral",6,"post","Emergence of high-risk mpox variants (e.g., Clade I), underreported global spread, and debates over containment strategies beyond MSM communities.","New variants, containment struggles"
"r/Monkeypox","https://www.reddit.com/r/Monkeypox/comments/14rmp5m/the_doctor_who_warned_the_world_of_the_mpox/","The doctor who warned the world of the mpox outbreak of 2022 is still worried",NA,29,29,0.88,2023-07-05 20:41:42,"en",-0.298973652727516,"negative",7,"post","Cross-border spread of strains, personal accounts of severe symptoms, and critiques of institutional response delays and inequities.","Cross-border spread, severe cases"
"r/Monkeypox","https://www.reddit.com/r/Monkeypox/comments/14rnqk2/eastern_dr_congo_health_system_at_breaking_point/","Eastern DR Congo: Health system at breaking point warns WHO",NA,4,4,0.71,2023-07-05 21:19:46,"en",-0.146676993677424,"negative",6,"post","Emergence of high-risk mpox variants (e.g., Clade I), underreported global spread, and debates over containment strategies beyond MSM communities.","New variants, containment struggles"
"r/Monkeypox","https://www.reddit.com/r/Monkeypox/comments/14nc5o7/who_urges_gay_men_to_get_mpox_vaccine_as_european/","WHO urges gay men to get mpox vaccine as European cases rise",NA,7,7,0.82,2023-06-30 21:06:48,"en",0,"neutral",7,"post","Cross-border spread of strains, personal accounts of severe symptoms, and critiques of institutional response delays and inequities.","Cross-border spread, severe cases"
"r/Monkeypox","https://www.reddit.com/r/Monkeypox/comments/14mvw9r/vaccine_effectiveness_of_jynneos_against_mpox/","Vaccine Effectiveness of JYNNEOS against Mpox Disease in the United States",NA,9,9,1,2023-06-30 09:47:28,"en",0.0164530619028749,"neutral",8,"post","Scientific/policy debates on mutations and reinfection, stigma’s role in public perception, and advocacy for marginalized groups amid systemic gaps.","Mutations, reinfection risks"
"r/Monkeypox","https://www.reddit.com/r/Monkeypox/comments/14ik4cb/mpox_continues_to_spread_in_countries_with_little/","Mpox continues to spread in countries with little access to vaccines | Gavi, the Vaccine Alliance",NA,19,19,0.88,2023-06-25 11:37:31,"en",0,"neutral",6,"post","Emergence of high-risk mpox variants (e.g., Clade I), underreported global spread, and debates over containment strategies beyond MSM communities.","New variants, containment struggles"
"r/Monkeypox","https://www.reddit.com/r/Monkeypox/comments/14i90jy/la_county_health_officials_report_concerning/","LA COUNTY HEALTH OFFICIALS REPORT 'CONCERNING' SPIKE IN MPOX CASES",NA,22,22,0.9,2023-06-25 01:14:13,"en",0,"neutral",6,"post","Emergence of high-risk mpox variants (e.g., Clade I), underreported global spread, and debates over containment strategies beyond MSM communities.","New variants, containment struggles"
"r/Monkeypox","https://www.reddit.com/r/Monkeypox/comments/14euzy5/mpox_emergence_in_japan_ongoing_risk_of/","Mpox emergence in Japan: ongoing risk of establishment in Asia",NA,2,2,0.67,2023-06-21 02:35:41,"en",-0.129420876774198,"negative",5,"post","Fears of mpox resurgence or endemicity, debates over vaccine strategies, and critiques of global disparities in outbreak response.","Resurgence fears, global disparities"
"r/Monkeypox","https://www.reddit.com/r/Monkeypox/comments/14bxqzv/postexposure_vaccine_effectiveness_and_contact/","Post-exposure vaccine effectiveness and contact management in the mpox outbreak, Madrid, Spain, May to August 2022",NA,10,10,0.81,2023-06-17 18:14:36,"en",0.0818529494764901,"neutral",6,"post","Emergence of high-risk mpox variants (e.g., Clade I), underreported global spread, and debates over containment strategies beyond MSM communities.","New variants, containment struggles"
"r/Monkeypox","https://www.reddit.com/r/Monkeypox/comments/14azjcf/mpox_transmission_stays_low_globally_with_mixed/","Mpox transmission stays low globally, with mixed regional patterns",NA,12,12,0.85,2023-06-16 15:17:38,"en",0,"neutral",1,"post","Discussions focus on global mpox transmission concerns, public health responses (especially vaccine distribution and messaging), and stigma, with emphasis on LGBTQ+ communities and personal experiences of symptoms/issues.","Transmission, stigma, vaccines"
"r/Monkeypox","https://www.reddit.com/r/Monkeypox/comments/14az6n2/mpox_vaccines_extended_after_spike_in_cases_bbc/","Mpox vaccines extended after spike in cases - BBC News",NA,6,6,0.67,2023-06-16 15:03:25,"en",0,"neutral",6,"post","Emergence of high-risk mpox variants (e.g., Clade I), underreported global spread, and debates over containment strategies beyond MSM communities.","New variants, containment struggles"
"r/Monkeypox","https://www.reddit.com/r/Monkeypox/comments/14ahipk/colorado_department_of_health_reports_3_cases_of/","Colorado Department of Health reports 3 cases of mpox",NA,19,19,0.85,2023-06-15 23:55:16,"en",0,"neutral",6,"post","Emergence of high-risk mpox variants (e.g., Clade I), underreported global spread, and debates over containment strategies beyond MSM communities.","New variants, containment struggles"
"r/Monkeypox","https://www.reddit.com/r/Monkeypox/comments/14924cs/resistance_to_antiorthopoxviral_drug_tecovirimat/","Resistance to anti-orthopoxviral drug tecovirimat (TPOXX®) during the 2022 mpox outbreak in the US",NA,11,11,0.8,2023-06-14 08:10:49,"en",-0.350017934900507,"negative",8,"post","Scientific/policy debates on mutations and reinfection, stigma’s role in public perception, and advocacy for marginalized groups amid systemic gaps.","Mutations, reinfection risks"
"r/Monkeypox","https://www.reddit.com/r/Monkeypox/comments/146lsyv/multicountry_outbreak_of_mpox_monkeypox_external/","Multi-country outbreak of mpox (monkeypox) - External Situation Report 24, published 10 June 2023 - World",NA,19,19,0.89,2023-06-11 05:48:48,"en",-0.126020859771244,"negative",1,"post","Discussions focus on global mpox transmission concerns, public health responses (especially vaccine distribution and messaging), and stigma, with emphasis on LGBTQ+ communities and personal experiences of symptoms/issues.","Transmission, stigma, vaccines"
"r/Monkeypox","https://www.reddit.com/r/Monkeypox/comments/1464190/minnesota_department_of_health_reports_first_mpox/","Minnesota Department of Health reports first mpox cases of 2023",NA,27,27,1,2023-06-10 16:07:26,"en",0,"neutral",3,"post","Post-peak concerns include declining cases, lingering public health challenges (e.g., misinformation, isolation fatigue), and scientific analyses of mutations/long-term impacts.","Post-outbreak issues, mutations"
"r/Monkeypox","https://www.reddit.com/r/Monkeypox/comments/1464iiz/notes_from_the_field_exposures_to_mpox_among/","Notes from the Field: Exposures to Mpox Among Cases in Children Aged ≤12 Years — United States, September 25–December 31, 2022",NA,2,2,1,2023-06-10 16:27:46,"en",0.0661741875411597,"neutral",8,"post","Scientific/policy debates on mutations and reinfection, stigma’s role in public perception, and advocacy for marginalized groups amid systemic gaps.","Mutations, reinfection risks"
"r/Monkeypox","https://www.reddit.com/r/Monkeypox/comments/144qy2m/rmonkeypox_will_not_be_going_dark_on_june_12_this/","r/Monkeypox will not be going dark on June 12 — this is why","We've received a couple inquiries about this so we felt it was important to let the community know that r/Monkeypox will not be going dark on June 12th as many other subreddits plan to do in protest of changes to Reddit's API. 

This was a tough call to make, and we have given the topic a great deal of thought over the past several days. Here is why we came to this decision. 

As moderators, we believe in the cause behind this collective action, and hope that Reddit's leadership reconsiders their misguided policy by finding ways to make Reddit more not less accessible. 

While we condemn Reddit's API changes as unduly restrictive and harmful to our community and others, we are committed to maintaining this space as an active, publicly accessible resource, that will remain available to anyone who might need to make use of it, as long as we are able and in spite of Reddit's apparent disregard for these principles. 

We believe that access to accurate and timely public health information is a human right, which should never come at a cost greater than free— and it is not our place to restrict the availability of that resource to anyone, for any cause, no matter how noble. 

We have maintained this forum for the past year because we believe that it serves a critical niche, and in doing so this place has become an often quiet, occasionally cacophonous, but always committed community dedicated constantly to continuing the public conversation about this disease. 

Even absent the panic-driven attention which put mpox on the top of the social and political agenda last summer, r/Monkeypox has stubbornly persisted and insisted on not moving on until mpox is truly gone.  

Because no one who is at risk should feel left in the dark when it comes to mpox. 

In this time of renewed concerns that we are at risk of an mpox resurgence, and at the height of pride month in many parts of the world, it would be unethical to turn our focus away from that higher purpose that this place represents.

Nevertheless, we wish the subreddits participating in this protest success as they shine a light on Reddit's shady decision making. 

You have our support.",66,66,0.79,2023-06-09 01:04:42,"en",0.0807026229648435,"neutral",1,"post","Discussions focus on global mpox transmission concerns, public health responses (especially vaccine distribution and messaging), and stigma, with emphasis on LGBTQ+ communities and personal experiences of symptoms/issues.","Transmission, stigma, vaccines"
"r/Monkeypox","https://www.reddit.com/r/Monkeypox/comments/1449xmr/moderna_to_test_mpox_vaccine_in_humans_this_summer/","Moderna to test mpox vaccine in humans this summer",NA,19,19,0.86,2023-06-08 13:54:06,"en",0,"neutral",8,"post","Scientific/policy debates on mutations and reinfection, stigma’s role in public perception, and advocacy for marginalized groups amid systemic gaps.","Mutations, reinfection risks"
"r/Monkeypox","https://www.reddit.com/r/Monkeypox/comments/1434k6d/mother_baby_test_positive_for_monkeypox_at_bia/","Mother &amp; Baby test positive for Monkeypox at BIA",NA,11,11,0.79,2023-06-07 05:38:37,"en",0.24555884842947,"positive",7,"post","Cross-border spread of strains, personal accounts of severe symptoms, and critiques of institutional response delays and inequities.","Cross-border spread, severe cases"
"r/Monkeypox","https://www.reddit.com/r/Monkeypox/comments/142s1a2/beijing_reports_first_two_mpox_cases_isolates/","Beijing Reports First Two Mpox Cases, Isolates Patients",NA,24,24,0.88,2023-06-06 20:19:28,"en",0,"neutral",9,"post","Sociopolitical reactions dominate, including stigma, naming controversies, and comparisons to past pandemics, alongside frustration with institutional mismanagement.","Stigma, naming debates"
"r/Monkeypox","https://www.reddit.com/r/Monkeypox/comments/1420u3t/milwaukee_resident_has_positive_case_of_mpox/","Milwaukee resident has positive case of mpox, health department says",NA,18,18,0.91,2023-06-06 02:35:38,"en",0.129420876774198,"positive",8,"post","Scientific/policy debates on mutations and reinfection, stigma’s role in public perception, and advocacy for marginalized groups amid systemic gaps.","Mutations, reinfection risks"
"r/Monkeypox","https://www.reddit.com/r/Monkeypox/comments/13zniyw/2_new_cases_of_mpox_detected_in_nj/","2 new cases of mpox detected in N.J.",NA,21,21,0.86,2023-06-03 19:53:49,"en",0.154343401693189,"positive",7,"post","Cross-border spread of strains, personal accounts of severe symptoms, and critiques of institutional response delays and inequities.","Cross-border spread, severe cases"
"r/Monkeypox","https://www.reddit.com/r/Monkeypox/comments/13yitqr/gay_and_bisexual_men_urged_to_get_vaccinated/","Gay and bisexual men urged to get vaccinated against mpox as new cases reported",NA,34,34,0.89,2023-06-02 17:23:26,"en",0.116672644966836,"positive",8,"post","Scientific/policy debates on mutations and reinfection, stigma’s role in public perception, and advocacy for marginalized groups amid systemic gaps.","Mutations, reinfection risks"
"r/Monkeypox","https://www.reddit.com/r/Monkeypox/comments/13ykrj6/as_mpox_worries_return_ahead_of_pride_a_leather/","As mpox worries return ahead of Pride, a leather convention offers hope",NA,9,9,1,2023-06-02 18:34:49,"en",0.228412808335379,"positive",8,"post","Scientific/policy debates on mutations and reinfection, stigma’s role in public perception, and advocacy for marginalized groups amid systemic gaps.","Mutations, reinfection risks"
"r/Monkeypox","https://www.reddit.com/r/Monkeypox/comments/13xrluw/no_new_mpox_cases_reported_in_md_va_and_dc/","No new mpox cases reported in Md., Va., and D.C.",NA,3,3,1,2023-06-01 19:57:27,"en",-0.131624495222999,"negative",3,"post","Post-peak concerns include declining cases, lingering public health challenges (e.g., misinformation, isolation fatigue), and scientific analyses of mutations/long-term impacts.","Post-outbreak issues, mutations"
"r/Monkeypox","https://www.reddit.com/r/Monkeypox/comments/13w40h2/a_year_after_outbreak_africa_waits_for_its_share/","A year after outbreak, Africa waits for its share of mpox vaccines",NA,23,23,0.93,2023-05-30 22:20:33,"en",-0.0472578224142164,"neutral",8,"post","Scientific/policy debates on mutations and reinfection, stigma’s role in public perception, and advocacy for marginalized groups amid systemic gaps.","Mutations, reinfection risks"
"r/Monkeypox","https://www.reddit.com/r/Monkeypox/comments/13t3omi/latest_mpox_cases_a_reminder_that_the_infection/","Latest mpox cases a reminder that the infection has not gone away: The UK Health Security Agency (UKHSA) urges people to remain vigilant as a further 10 cases of mpox (monkeypox) have been diagnosed in the UK.",NA,7,7,0.82,2023-05-27 10:16:13,"en",0.136421582460817,"positive",8,"post","Scientific/policy debates on mutations and reinfection, stigma’s role in public perception, and advocacy for marginalized groups amid systemic gaps.","Mutations, reinfection risks"
"r/Monkeypox","https://www.reddit.com/r/Monkeypox/comments/13sv60o/first_mpox_case_in_months_reported_in_travis/","First mpox case in months reported in Travis County",NA,18,18,0.83,2023-05-27 02:03:56,"en",0,"neutral",8,"post","Scientific/policy debates on mutations and reinfection, stigma’s role in public perception, and advocacy for marginalized groups amid systemic gaps.","Mutations, reinfection risks"
"r/Monkeypox","https://www.reddit.com/r/Monkeypox/comments/13skpj0/mpox_london_sees_rise_in_cases_in_the_last_month/","Mpox: London sees rise in cases in the last month - BBC News",NA,18,18,0.95,2023-05-26 18:26:33,"en",0,"neutral",8,"post","Scientific/policy debates on mutations and reinfection, stigma’s role in public perception, and advocacy for marginalized groups amid systemic gaps.","Mutations, reinfection risks"
"r/Monkeypox","https://www.reddit.com/r/Monkeypox/comments/13sisoy/potential_for_recurrent_mpox_outbreaks_among_gay/","Potential for Recurrent Mpox Outbreaks Among Gay, Bisexual, and Other Men Who Have Sex with Men — United States, 2023",NA,3,3,1,2023-05-26 17:07:03,"en",0.0771717008465947,"neutral",8,"post","Scientific/policy debates on mutations and reinfection, stigma’s role in public perception, and advocacy for marginalized groups amid systemic gaps.","Mutations, reinfection risks"
"r/Monkeypox","https://www.reddit.com/r/Monkeypox/comments/13rs46y/cdc_reports_more_mpox_cases_as_authorities_brace/","CDC reports more mpox cases as authorities brace for summer resurgence",NA,25,25,0.88,2023-05-25 20:17:35,"en",0,"neutral",8,"post","Scientific/policy debates on mutations and reinfection, stigma’s role in public perception, and advocacy for marginalized groups amid systemic gaps.","Mutations, reinfection risks"
"r/Monkeypox","https://www.reddit.com/r/Monkeypox/comments/13px148/studies_show_jynneos_protection_against_mpox/","Studies show Jynneos protection against mpox ranges from 66% to 89%",NA,45,45,0.98,2023-05-23 18:47:10,"en",0.145516354624871,"positive",8,"post","Scientific/policy debates on mutations and reinfection, stigma’s role in public perception, and advocacy for marginalized groups amid systemic gaps.","Mutations, reinfection risks"
"r/Monkeypox","https://www.reddit.com/r/Monkeypox/comments/13pxulc/case_study_details_mpox_spread_among_casual/","Case study details mpox spread among casual heterosexual partners",NA,8,8,1,2023-05-23 19:17:55,"en",0.0454738608202723,"neutral",6,"post","Emergence of high-risk mpox variants (e.g., Clade I), underreported global spread, and debates over containment strategies beyond MSM communities.","New variants, containment struggles"
"r/Monkeypox","https://www.reddit.com/r/Monkeypox/comments/13o400u/mpox_cases_still_on_the_rise_in_chicago/","Mpox cases still on the rise in Chicago",NA,18,18,0.85,2023-05-21 19:31:50,"en",0,"neutral",2,"post","Debates center on mpox spread among MSM, vaccine access challenges, and comparisons to COVID-19, alongside personal symptom accounts and frustration with public health failures.","MSM focus, vaccine inequity"
"r/Monkeypox","https://www.reddit.com/r/Monkeypox/comments/13o47u9/one_year_on_from_mpox_where_are_we_now_a/","One year on from mpox: where are we now? – a conversation with Martin Joseph and Harun Tulunay",NA,1,1,0.6,2023-05-21 19:40:43,"en",0,"neutral",8,"post","Scientific/policy debates on mutations and reinfection, stigma’s role in public perception, and advocacy for marginalized groups amid systemic gaps.","Mutations, reinfection risks"
"r/Monkeypox","https://www.reddit.com/r/Monkeypox/comments/13mf7u2/mpox_virus_found_in_palm_springs_wastewater_for/","Mpox virus found in Palm Springs wastewater for first time in 2023, but no new cases seen",NA,24,24,0.89,2023-05-20 02:20:30,"en",-0.231916690183389,"negative",2,"post","Debates center on mpox spread among MSM, vaccine access challenges, and comparisons to COVID-19, alongside personal symptom accounts and frustration with public health failures.","MSM focus, vaccine inequity"
"r/Monkeypox","https://www.reddit.com/r/Monkeypox/comments/13mh5xi/mpox_one_year_later_where_is_the_us_today_kaiser/","Mpox One Year Later: Where is the U.S. today? — Kaiser Family Foundation",NA,3,3,0.81,2023-05-20 03:54:27,"en",0.112755627079267,"positive",8,"post","Scientific/policy debates on mutations and reinfection, stigma’s role in public perception, and advocacy for marginalized groups amid systemic gaps.","Mutations, reinfection risks"
"r/Monkeypox","https://www.reddit.com/r/Monkeypox/comments/13mdxrl/jynneos_vaccine_offers_protection_against_mpox/","Jynneos Vaccine Offers Protection Against Mpox, New Studies Confirm",NA,5,5,0.86,2023-05-20 01:20:54,"en",0.291032709249743,"positive",6,"post","Emergence of high-risk mpox variants (e.g., Clade I), underreported global spread, and debates over containment strategies beyond MSM communities.","New variants, containment struggles"
"r/Monkeypox","https://www.reddit.com/r/Monkeypox/comments/13mdnlw/effectiveness_of_jynneos_vaccine_against/","Effectiveness of JYNNEOS Vaccine Against Diagnosed Mpox Infection —New York, 2022",NA,2,2,1,2023-05-20 01:08:15,"en",0.112164759870971,"positive",8,"post","Scientific/policy debates on mutations and reinfection, stigma’s role in public perception, and advocacy for marginalized groups amid systemic gaps.","Mutations, reinfection risks"
"r/Monkeypox","https://www.reddit.com/r/Monkeypox/comments/13krhfw/an_mpox_resurgence_in_the_european_region_this/","An mpox resurgence in the European Region this spring and summer? To prevent that, key measures must continue",NA,21,21,0.89,2023-05-18 07:20:01,"en",0.0276809569351582,"neutral",8,"post","Scientific/policy debates on mutations and reinfection, stigma’s role in public perception, and advocacy for marginalized groups amid systemic gaps.","Mutations, reinfection risks"
"r/Monkeypox","https://www.reddit.com/r/Monkeypox/comments/13k1r7k/wastewater_detections_show_mpox_likely/","Wastewater detections show mpox likely underestimated",NA,25,25,0.93,2023-05-17 13:27:34,"en",-0.0891102045152054,"neutral",8,"post","Scientific/policy debates on mutations and reinfection, stigma’s role in public perception, and advocacy for marginalized groups amid systemic gaps.","Mutations, reinfection risks"
"r/Monkeypox","https://www.reddit.com/r/Monkeypox/comments/13jc10j/treatment_failure_in_patient_with_severe_mpox_and/","Treatment Failure in Patient with Severe Mpox and Untreated HIV, Maryland, USA",NA,19,19,0.95,2023-05-16 17:47:16,"en",-0.141773467242649,"negative",8,"post","Scientific/policy debates on mutations and reinfection, stigma’s role in public perception, and advocacy for marginalized groups amid systemic gaps.","Mutations, reinfection risks"
"r/Monkeypox","https://www.reddit.com/r/Monkeypox/comments/13izvlg/health_alert_network_han_00490_potential_risk_for/","Health Alert Network (HAN) - 00490 | Potential Risk for New Mpox Cases",NA,4,4,1,2023-05-16 09:09:42,"en",-0.0345122338064527,"neutral",8,"post","Scientific/policy debates on mutations and reinfection, stigma’s role in public perception, and advocacy for marginalized groups amid systemic gaps.","Mutations, reinfection risks"
"r/Monkeypox","https://www.reddit.com/r/Monkeypox/comments/13ic52i/monkeypox_now_known_as_mpox_showing_signs_of/","Monkeypox, now known as mpox, showing signs of return",NA,34,34,0.92,2023-05-15 15:57:38,"en",0,"neutral",5,"post","Fears of mpox resurgence or endemicity, debates over vaccine strategies, and critiques of global disparities in outbreak response.","Resurgence fears, global disparities"
"r/Monkeypox","https://www.reddit.com/r/Monkeypox/comments/13ic2c6/new_mpox_cluster_in_fully_vaccinated_people_has/","New Mpox Cluster in Fully Vaccinated People Has NYC Ties, CDC Warns",NA,23,23,0.9,2023-05-15 15:54:11,"en",0.149649770978352,"positive",1,"post","Discussions focus on global mpox transmission concerns, public health responses (especially vaccine distribution and messaging), and stigma, with emphasis on LGBTQ+ communities and personal experiences of symptoms/issues.","Transmission, stigma, vaccines"
"r/Monkeypox","https://www.reddit.com/r/Monkeypox/comments/13ic3s5/the_disease_will_be_neglected_scientists_react_to/","‘The disease will be neglected’: scientists react to WHO ending mpox emergency",NA,14,14,0.89,2023-05-15 15:56:00,"en",-0.393815186785137,"negative",1,"post","Discussions focus on global mpox transmission concerns, public health responses (especially vaccine distribution and messaging), and stigma, with emphasis on LGBTQ+ communities and personal experiences of symptoms/issues.","Transmission, stigma, vaccines"
"r/Monkeypox","https://www.reddit.com/r/Monkeypox/comments/13icacw/mpox_outbreak_not_over_warns_cdc_amid_ongoing/","Mpox outbreak ""not over,"" warns CDC, amid ""ongoing community transmission""",NA,9,9,0.84,2023-05-15 16:03:47,"en",0.198445344387103,"positive",7,"post","Cross-border spread of strains, personal accounts of severe symptoms, and critiques of institutional response delays and inequities.","Cross-border spread, severe cases"
"r/Monkeypox","https://www.reddit.com/r/Monkeypox/comments/13g05un/high_risk_for_mpox_resurgence_this_summer_as/","High risk for mpox resurgence this summer as vaccine immunity wanes: ‘With any public health crisis, you want to be one step ahead, not one step behind’ - Northwestern Edu",NA,38,38,0.93,2023-05-12 23:09:36,"en",-0.131730829826492,"negative",8,"post","Scientific/policy debates on mutations and reinfection, stigma’s role in public perception, and advocacy for marginalized groups amid systemic gaps.","Mutations, reinfection risks"
"r/Monkeypox","https://www.reddit.com/r/Monkeypox/comments/13f92t3/sf_health_leaders_encourage_mpox_vaccinations/","SF Health Leaders Encourage Mpox Vaccinations Before Pride Celebrations",NA,14,14,0.89,2023-05-12 03:15:47,"en",0.181895443281089,"positive",7,"post","Cross-border spread of strains, personal accounts of severe symptoms, and critiques of institutional response delays and inequities.","Cross-border spread, severe cases"
"r/Monkeypox","https://www.reddit.com/r/Monkeypox/comments/13f0pho/health_officials_urge_monkeypox_vaccines_before/","Health Officials Urge Monkeypox Vaccines Before Los Angeles Pride Events",NA,22,22,0.9,2023-05-11 21:30:56,"en",0.043140292258066,"neutral",5,"post","Fears of mpox resurgence or endemicity, debates over vaccine strategies, and critiques of global disparities in outbreak response.","Resurgence fears, global disparities"
"r/Monkeypox","https://www.reddit.com/r/Monkeypox/comments/13f0ygo/dont_look_now_but_mpox_could_make_a_comeback/","Don't Look Now, but Mpox Could Make a Comeback",NA,15,15,0.83,2023-05-11 21:40:03,"en",0,"neutral",8,"post","Scientific/policy debates on mutations and reinfection, stigma’s role in public perception, and advocacy for marginalized groups amid systemic gaps.","Mutations, reinfection risks"
"r/Monkeypox","https://www.reddit.com/r/Monkeypox/comments/13eq1dh/mpox_is_no_longer_a_global_health_emergency_who/","Mpox is no longer a global health emergency, WHO announces",NA,14,14,0.89,2023-05-11 15:06:08,"en",0.0603964091612923,"neutral",3,"post","Post-peak concerns include declining cases, lingering public health challenges (e.g., misinformation, isolation fatigue), and scientific analyses of mutations/long-term impacts.","Post-outbreak issues, mutations"
"r/Monkeypox","https://www.reddit.com/r/Monkeypox/comments/13f91i3/community_partnerships_make_public_health_more/","Community Partnerships Make Public Health More Effective: Learning From the 2022 Mpox Outbreak Response",NA,1,1,1,2023-05-12 03:14:13,"en",0.381392315944272,"positive",5,"post","Fears of mpox resurgence or endemicity, debates over vaccine strategies, and critiques of global disparities in outbreak response.","Resurgence fears, global disparities"
"r/Monkeypox","https://www.reddit.com/r/Monkeypox/comments/13eyyez/as_mpox_cases_grow_elsewhere_officials_encourage/","As mpox cases grow elsewhere, officials encourage safety ahead of White Party Palm Springs",NA,2,2,0.75,2023-05-11 20:27:40,"en",0.517734862040333,"positive",2,"post","Debates center on mpox spread among MSM, vaccine access challenges, and comparisons to COVID-19, alongside personal symptom accounts and frustration with public health failures.","MSM focus, vaccine inequity"
"r/Monkeypox","https://www.reddit.com/r/Monkeypox/comments/13dciq6/study_launched_to_find_out_more_about_mpox/","Study launched to find out more about mpox immunity",NA,12,12,0.84,2023-05-10 01:29:47,"en",0.0909477216405446,"neutral",7,"post","Cross-border spread of strains, personal accounts of severe symptoms, and critiques of institutional response delays and inequities.","Cross-border spread, severe cases"
"r/Monkeypox","https://www.reddit.com/r/Monkeypox/comments/13c9kpw/rise_of_mpox_cases_in_chicago_raises_concern/","Rise of mpox cases in Chicago raises concern about possible summer spread: Diagnosed cases have been “increasing slightly” in eight countries the past three weeks, some in vaccinated people, the World Health Organization said.",NA,28,28,0.92,2023-05-09 00:11:15,"en",-0.0187168866999457,"neutral",8,"post","Scientific/policy debates on mutations and reinfection, stigma’s role in public perception, and advocacy for marginalized groups amid systemic gaps.","Mutations, reinfection risks"
"r/Monkeypox","https://www.reddit.com/r/Monkeypox/comments/138umv1/first_mpox_case_in_nsw_for_six_months_sparks/","First mpox case in NSW for six months sparks health warning",NA,24,24,0.91,2023-05-05 16:56:55,"en",-0.0822653095143743,"neutral",1,"post","Discussions focus on global mpox transmission concerns, public health responses (especially vaccine distribution and messaging), and stigma, with emphasis on LGBTQ+ communities and personal experiences of symptoms/issues.","Transmission, stigma, vaccines"
"r/Monkeypox","https://www.reddit.com/r/Monkeypox/comments/138v3c2/five_men_appear_to_have_acquired_mpox_twice/","Five Men Appear to Have Acquired Mpox Twice",NA,9,9,0.92,2023-05-05 17:12:47,"en",0.154343401693189,"positive",8,"post","Scientific/policy debates on mutations and reinfection, stigma’s role in public perception, and advocacy for marginalized groups amid systemic gaps.","Mutations, reinfection risks"
"r/Monkeypox","https://www.reddit.com/r/Monkeypox/comments/138uu5e/study_shows_hiv_status_does_not_change_treatment/","Study shows HIV status does not change treatment outcome for mpox",NA,9,9,1,2023-05-05 17:03:42,"en",0.123397964271561,"positive",5,"post","Fears of mpox resurgence or endemicity, debates over vaccine strategies, and critiques of global disparities in outbreak response.","Resurgence fears, global disparities"
"r/Monkeypox","https://www.reddit.com/r/Monkeypox/comments/13402fm/pakistan_to_approach_who_for_vaccine_amid_fears/","Pakistan to approach WHO for vaccine amid fears of mpox spread",NA,23,23,0.87,2023-04-30 19:02:00,"en",-0.164530619028749,"negative",8,"post","Scientific/policy debates on mutations and reinfection, stigma’s role in public perception, and advocacy for marginalized groups amid systemic gaps.","Mutations, reinfection risks"
"r/Monkeypox","https://www.reddit.com/r/Monkeypox/comments/132qmx5/us_reports_no_new_mpox_cases_for_first_time_since/","U.S. reports no new mpox cases for first time since outbreak began",NA,64,64,0.94,2023-04-29 11:36:52,"en",-0.242153851393188,"negative",7,"post","Cross-border spread of strains, personal accounts of severe symptoms, and critiques of institutional response delays and inequities.","Cross-border spread, severe cases"
"r/Monkeypox","https://www.reddit.com/r/Monkeypox/comments/133018o/vigilance_needed_despite_encouraging_mpox/","Vigilance needed despite encouraging mpox situation: WHO/Europe launches key considerations for control and elimination",NA,6,6,1,2023-04-29 16:22:12,"en",0.253612088128323,"positive",8,"post","Scientific/policy debates on mutations and reinfection, stigma’s role in public perception, and advocacy for marginalized groups amid systemic gaps.","Mutations, reinfection risks"
"r/Monkeypox","https://www.reddit.com/r/Monkeypox/comments/130cxa3/modelling_the_impact_of_vaccination_and_sexual/","Modelling the impact of vaccination and sexual behavior change on reported cases of mpox in Washington D.C",NA,20,20,0.84,2023-04-27 07:14:01,"en",0,"neutral",8,"post","Scientific/policy debates on mutations and reinfection, stigma’s role in public perception, and advocacy for marginalized groups amid systemic gaps.","Mutations, reinfection risks"
"r/Monkeypox","https://www.reddit.com/r/Monkeypox/comments/130c37v/risk_assessment_of_mpox_resurgence_and/","Risk Assessment of Mpox Resurgence and Vaccination Considerations",NA,10,10,0.92,2023-04-27 06:28:19,"en",0.00964646260582434,"neutral",8,"post","Scientific/policy debates on mutations and reinfection, stigma’s role in public perception, and advocacy for marginalized groups amid systemic gaps.","Mutations, reinfection risks"
"r/Monkeypox","https://www.reddit.com/r/Monkeypox/comments/12zkjyt/pakistan_confirms_its_first_case_of_mpox/","Pakistan confirms its first case of mpox",NA,34,34,0.89,2023-04-26 15:16:24,"en",0,"neutral",8,"post","Scientific/policy debates on mutations and reinfection, stigma’s role in public perception, and advocacy for marginalized groups amid systemic gaps.","Mutations, reinfection risks"
"r/Monkeypox","https://www.reddit.com/r/Monkeypox/comments/12x6f6g/the_curious_case_of_mpox_the_sexual_network/","The Curious Case of Mpox: The “Sexual Network” Theory on Why the Monkeypox Epidemic Waned",NA,30,30,0.92,2023-04-24 06:49:18,"en",-0.0493134615805072,"neutral",8,"post","Scientific/policy debates on mutations and reinfection, stigma’s role in public perception, and advocacy for marginalized groups amid systemic gaps.","Mutations, reinfection risks"
"r/Monkeypox","https://www.reddit.com/r/Monkeypox/comments/12s6khj/opinion_how_gay_men_saved_us_from_mpox/","Opinion | How Gay Men Saved Us From Mpox",NA,52,52,0.82,2023-04-19 19:02:52,"en",0.154343401693189,"positive",9,"post","Sociopolitical reactions dominate, including stigma, naming controversies, and comparisons to past pandemics, alongside frustration with institutional mismanagement.","Stigma, naming debates"
"r/Monkeypox","https://www.reddit.com/r/Monkeypox/comments/12saacc/canadian_experts_urge_vaccination_reminders_to/","Canadian experts urge vaccination reminders to prevent potential mpox resurgence this summer",NA,3,3,0.8,2023-04-19 21:10:45,"en",-0.0393815186785137,"neutral",1,"post","Discussions focus on global mpox transmission concerns, public health responses (especially vaccine distribution and messaging), and stigma, with emphasis on LGBTQ+ communities and personal experiences of symptoms/issues.","Transmission, stigma, vaccines"
"r/Monkeypox","https://www.reddit.com/r/Monkeypox/comments/12pte38/ecdc_highlights_measures_to_mitigate_possible/","ECDC highlights measures to mitigate possible increase in mpox cases during spring and summer",NA,17,17,0.91,2023-04-17 19:17:42,"en",0.0729204031042722,"neutral",7,"post","Cross-border spread of strains, personal accounts of severe symptoms, and critiques of institutional response delays and inequities.","Cross-border spread, severe cases"
"r/Monkeypox","https://www.reddit.com/r/Monkeypox/comments/12pvmwq/epidemiologic_and_clinical_features_of/","Epidemiologic and Clinical Features of Mpox-Associated Deaths — United States, May 10, 2022–March 7, 2023",NA,1,1,0.67,2023-04-17 20:30:20,"en",0.0787630373570273,"neutral",2,"post","Debates center on mpox spread among MSM, vaccine access challenges, and comparisons to COVID-19, alongside personal symptom accounts and frustration with public health failures.","MSM focus, vaccine inequity"
"r/Monkeypox","https://www.reddit.com/r/Monkeypox/comments/12mm275/global_mpox_cases_decline_but_cases_up_slightly/","Global mpox cases decline, but cases up slightly in 2 regions",NA,24,24,0.94,2023-04-15 02:02:09,"en",-0.0603964091612923,"neutral",9,"post","Sociopolitical reactions dominate, including stigma, naming controversies, and comparisons to past pandemics, alongside frustration with institutional mismanagement.","Stigma, naming debates"
"r/Monkeypox","https://www.reddit.com/r/Monkeypox/comments/12l6zuj/racial_and_ethnic_disparities_in_mpox_cases_and/","Racial and Ethnic Disparities in Mpox Cases and Vaccination...",NA,7,7,0.72,2023-04-13 21:51:06,"en",0,"neutral",8,"post","Scientific/policy debates on mutations and reinfection, stigma’s role in public perception, and advocacy for marginalized groups amid systemic gaps.","Mutations, reinfection risks"
"r/Monkeypox","https://www.reddit.com/r/Monkeypox/comments/12fy3qz/south_korea_reports_1st_case_of_locally/","South Korea reports 1st case of locally transmitted monkeypox",NA,79,79,0.96,2023-04-08 20:53:53,"en",0,"neutral",8,"post","Scientific/policy debates on mutations and reinfection, stigma’s role in public perception, and advocacy for marginalized groups amid systemic gaps.","Mutations, reinfection risks"
"r/Monkeypox","https://www.reddit.com/r/Monkeypox/comments/12epafu/two_individuals_with_potential_monkeypox_virus/","Two individuals with potential monkeypox virus reinfection",NA,33,33,0.86,2023-04-07 15:39:19,"en",-0.103125023043775,"negative",3,"post","Post-peak concerns include declining cases, lingering public health challenges (e.g., misinformation, isolation fatigue), and scientific analyses of mutations/long-term impacts.","Post-outbreak issues, mutations"
"r/Monkeypox","https://www.reddit.com/r/Monkeypox/comments/12b69zc/poxapp_this_free_opensource_web_application_from/","PoxApp | This Free Open-Source Web Application From Stanford Can Identify Potential Mpox Lesions Using Artificial Intelligence and a Photo of Your Skin",NA,22,22,0.92,2023-04-04 02:18:47,"en",0.113783465326225,"positive",8,"post","Scientific/policy debates on mutations and reinfection, stigma’s role in public perception, and advocacy for marginalized groups amid systemic gaps.","Mutations, reinfection risks"
"r/Monkeypox","https://www.reddit.com/r/Monkeypox/comments/12an0db/uk_mpox_vaccine_rollout_to_wind_down/","UK Mpox Vaccine Rollout to Wind Down",NA,12,12,0.88,2023-04-03 14:58:38,"en",0,"neutral",8,"post","Scientific/policy debates on mutations and reinfection, stigma’s role in public perception, and advocacy for marginalized groups amid systemic gaps.","Mutations, reinfection risks"
"r/Monkeypox","https://www.reddit.com/r/Monkeypox/comments/12afmgj/international_research_team_spots_ingredient_to/","International research team spots ingredient to fight Mpox",NA,19,19,0.86,2023-04-03 10:06:47,"en",-0.0964646260582434,"neutral",8,"post","Scientific/policy debates on mutations and reinfection, stigma’s role in public perception, and advocacy for marginalized groups amid systemic gaps.","Mutations, reinfection risks"
"r/Monkeypox","https://www.reddit.com/r/Monkeypox/comments/12a7165/us_tops_1_million_mpox_vaccine_doses_given_but/","US tops 1 million mpox vaccine doses given, but coverage lags in risk groups",NA,19,19,0.86,2023-04-03 02:41:15,"en",-0.274314909781346,"negative",1,"post","Discussions focus on global mpox transmission concerns, public health responses (especially vaccine distribution and messaging), and stigma, with emphasis on LGBTQ+ communities and personal experiences of symptoms/issues.","Transmission, stigma, vaccines"
"r/Monkeypox","https://www.reddit.com/r/Monkeypox/comments/128wd8u/us_at_risk_of_mpox_surge_even_worse_than_last/","U.S. at risk of mpox surge even worse than last year, CDC modelers warn",NA,74,74,0.93,2023-04-01 19:38:05,"en",-0.317015110160403,"negative",8,"post","Scientific/policy debates on mutations and reinfection, stigma’s role in public perception, and advocacy for marginalized groups amid systemic gaps.","Mutations, reinfection risks"
"r/Monkeypox","https://www.reddit.com/r/Monkeypox/comments/1272ts9/mpox_cases_slowly_creeping_up_in_japan_even_as/","Mpox cases slowly creeping up in Japan even as spread slows abroad",NA,42,42,0.94,2023-03-30 23:22:50,"en",-0.133897163506946,"negative",1,"post","Discussions focus on global mpox transmission concerns, public health responses (especially vaccine distribution and messaging), and stigma, with emphasis on LGBTQ+ communities and personal experiences of symptoms/issues.","Transmission, stigma, vaccines"
"r/Monkeypox","https://www.reddit.com/r/Monkeypox/comments/125kuel/a_case_of_mpox_reinfection_pubmed/","A case of mpox reinfection - PubMed",NA,21,21,0.9,2023-03-29 11:18:18,"en",0,"neutral",4,"post","Criticism of systemic public health failures (e.g., vaccine disparities, bureaucratic delays) and anxiety about broadening transmission (e.g., pediatric cases, workplaces).","Systemic failures, inequity"
"r/Monkeypox","https://www.reddit.com/r/Monkeypox/comments/120grdi/mpox_in_young_woman_with_no_epidemiologic_risk/","Mpox in Young Woman with No Epidemiologic Risk Factors, Massachusetts, USA",NA,56,56,0.93,2023-03-24 10:56:03,"en",0.057585716660062,"neutral",1,"post","Discussions focus on global mpox transmission concerns, public health responses (especially vaccine distribution and messaging), and stigma, with emphasis on LGBTQ+ communities and personal experiences of symptoms/issues.","Transmission, stigma, vaccines"
"r/Monkeypox","https://www.reddit.com/r/Monkeypox/comments/120gix5/erythema_and_induration_after_mpox_jynneos/","Erythema and Induration after Mpox (JYNNEOS) Vaccination Revisited",NA,3,3,1,2023-03-24 10:44:32,"en",0,"neutral",8,"post","Scientific/policy debates on mutations and reinfection, stigma’s role in public perception, and advocacy for marginalized groups amid systemic gaps.","Mutations, reinfection risks"
"r/Monkeypox","https://www.reddit.com/r/Monkeypox/comments/11yqu1u/japan_reports_13_mpox_cases_in_past_week/","Japan reports 13 Mpox cases in past week",NA,54,54,1,2023-03-22 17:52:58,"en",0,"neutral",7,"post","Cross-border spread of strains, personal accounts of severe symptoms, and critiques of institutional response delays and inequities.","Cross-border spread, severe cases"
"r/Monkeypox","https://www.reddit.com/r/Monkeypox/comments/11yrlwq/an_mpoxrelated_death_in_the_united_states/","An Mpox-Related Death in the United States",NA,18,18,0.96,2023-03-22 18:18:00,"en",-0.0482323130291217,"neutral",8,"post","Scientific/policy debates on mutations and reinfection, stigma’s role in public perception, and advocacy for marginalized groups amid systemic gaps.","Mutations, reinfection risks"
"r/Monkeypox","https://www.reddit.com/r/Monkeypox/comments/11hf5gu/taiwan_reports_first_2_cases_of_locally_acquired/","Taiwan reports first 2 cases of locally acquired mpox",NA,39,39,0.91,2023-03-03 21:14:18,"en",0.154343401693189,"positive",8,"post","Scientific/policy debates on mutations and reinfection, stigma’s role in public perception, and advocacy for marginalized groups amid systemic gaps.","Mutations, reinfection risks"
"r/Monkeypox","https://www.reddit.com/r/Monkeypox/comments/11hf0qt/mpox_in_people_with_advanced_hiv_infection_a/","Mpox in people with advanced HIV infection: a global case series",NA,16,16,0.91,2023-03-03 21:09:15,"en",0.0658122476114994,"neutral",8,"post","Scientific/policy debates on mutations and reinfection, stigma’s role in public perception, and advocacy for marginalized groups amid systemic gaps.","Mutations, reinfection risks"
"r/Monkeypox","https://www.reddit.com/r/Monkeypox/comments/11hf8nq/mmwr_possible_undetected_mpox_infection_among/","MMWR | Possible Undetected Mpox Infection Among Homeless Persons in San Francisco",NA,6,6,0.88,2023-03-03 21:17:43,"en",-0.28792858330031,"negative",8,"post","Scientific/policy debates on mutations and reinfection, stigma’s role in public perception, and advocacy for marginalized groups amid systemic gaps.","Mutations, reinfection risks"
"r/Monkeypox","https://www.reddit.com/r/Monkeypox/comments/11hfglh/taiwan_to_purchase_more_monkeypox_vaccine_doses/","Taiwan to purchase more monkeypox vaccine doses: CDC",NA,4,4,1,2023-03-03 21:26:03,"en",0.086818163452419,"neutral",8,"post","Scientific/policy debates on mutations and reinfection, stigma’s role in public perception, and advocacy for marginalized groups amid systemic gaps.","Mutations, reinfection risks"
"r/Monkeypox","https://www.reddit.com/r/Monkeypox/comments/11hf2gt/disproportionately_low_number_of_black/","Disproportionately low number of Black individuals received the mpox vaccine",NA,2,2,0.67,2023-03-03 21:11:02,"en",0.0603964091612923,"neutral",8,"post","Scientific/policy debates on mutations and reinfection, stigma’s role in public perception, and advocacy for marginalized groups amid systemic gaps.","Mutations, reinfection risks"
"r/Monkeypox","https://www.reddit.com/r/Monkeypox/comments/11hf6f3/taiwan_expands_eligibility_for_vaccinations/","Taiwan expands eligibility for vaccinations against Mpox",NA,3,3,0.81,2023-03-03 21:15:21,"en",0.08250001843502,"neutral",8,"post","Scientific/policy debates on mutations and reinfection, stigma’s role in public perception, and advocacy for marginalized groups amid systemic gaps.","Mutations, reinfection risks"
"r/Monkeypox","https://www.reddit.com/r/Monkeypox/comments/11ar2lr/cdc_panel_recommends_bavarian_nordics_mpox/","CDC panel recommends Bavarian Nordic';s mpox vaccine for all adults at risk",NA,28,28,0.87,2023-02-24 13:11:53,"en",0.00756730785603714,"neutral",1,"post","Discussions focus on global mpox transmission concerns, public health responses (especially vaccine distribution and messaging), and stigma, with emphasis on LGBTQ+ communities and personal experiences of symptoms/issues.","Transmission, stigma, vaccines"
"r/Monkeypox","https://www.reddit.com/r/Monkeypox/comments/115awsa/africa_cdc_expects_mpox_vaccines_to_arrive_within/","Africa CDC expects Mpox vaccines to arrive within 2 weeks: Africa’s public health body says it hopes Mpox vaccines will finally arrive on the continent “in another two weeks, tops” after months of seeking doses",NA,51,51,0.96,2023-02-18 08:46:32,"en",0.18447564936569,"positive",8,"post","Scientific/policy debates on mutations and reinfection, stigma’s role in public perception, and advocacy for marginalized groups amid systemic gaps.","Mutations, reinfection risks"
"r/Monkeypox","https://www.reddit.com/r/Monkeypox/comments/114ff2j/fourth_meeting_of_the_international_health/","Fourth meeting of the International Health Regulations (2005) (IHR) Emergency Committee on the Multi-Country Outbreak of monkeypox (mpox)",NA,12,12,0.81,2023-02-17 09:35:02,"en",-0.199360227187036,"negative",8,"post","Scientific/policy debates on mutations and reinfection, stigma’s role in public perception, and advocacy for marginalized groups amid systemic gaps.","Mutations, reinfection risks"
"r/Monkeypox","https://www.reddit.com/r/Monkeypox/comments/113j703/who_says_it_will_maintain_global_health_emergency/","WHO says it will maintain global health emergency for mpox",NA,34,34,0.87,2023-02-16 05:42:06,"en",-0.0603964091612923,"neutral",8,"post","Scientific/policy debates on mutations and reinfection, stigma’s role in public perception, and advocacy for marginalized groups amid systemic gaps.","Mutations, reinfection risks"
"r/Monkeypox","https://www.reddit.com/r/Monkeypox/comments/10z2j6v/who_may_soon_end_mpox_emergency_but_outbreaks/","WHO may soon end mpox emergency — but outbreaks rage in Africa",NA,54,54,0.97,2023-02-10 20:44:38,"en",-0.370317290778956,"negative",1,"post","Discussions focus on global mpox transmission concerns, public health responses (especially vaccine distribution and messaging), and stigma, with emphasis on LGBTQ+ communities and personal experiences of symptoms/issues.","Transmission, stigma, vaccines"
"r/Monkeypox","https://www.reddit.com/r/Monkeypox/comments/10xo1dz/mpox_is_simmering_south_of_the_border_threatening/","Mpox is simmering south of the border, threatening a resurgence",NA,51,51,0.96,2023-02-09 06:53:25,"en",-0.172561169032264,"negative",2,"post","Debates center on mpox spread among MSM, vaccine access challenges, and comparisons to COVID-19, alongside personal symptom accounts and frustration with public health failures.","MSM focus, vaccine inequity"
"r/Monkeypox","https://www.reddit.com/r/Monkeypox/comments/10xocsm/a_waning_outbreak_of_the_mpox_virus_among_men_who/","A waning outbreak of the mpox virus among men who have sex with men",NA,29,29,0.91,2023-02-09 07:11:12,"en",-0.233345289933671,"negative",8,"post","Scientific/policy debates on mutations and reinfection, stigma’s role in public perception, and advocacy for marginalized groups amid systemic gaps.","Mutations, reinfection risks"
"r/Monkeypox","https://www.reddit.com/r/Monkeypox/comments/10tb3gz/public_health_emergency_for_mpox_officially_ends/","Public health emergency for mpox officially ends",NA,84,84,0.99,2023-02-04 09:16:10,"en",-0.154687534565662,"negative",9,"post","Sociopolitical reactions dominate, including stigma, naming controversies, and comparisons to past pandemics, alongside frustration with institutional mismanagement.","Stigma, naming debates"
"r/Monkeypox","https://www.reddit.com/r/Monkeypox/comments/10td80j/creating_an_underground_railroad_for_mpox_vaccines/","Creating an Underground Railroad for Mpox Vaccines",NA,5,5,0.86,2023-02-04 10:27:20,"en",0,"neutral",3,"post","Post-peak concerns include declining cases, lingering public health challenges (e.g., misinformation, isolation fatigue), and scientific analyses of mutations/long-term impacts.","Post-outbreak issues, mutations"
"r/Monkeypox","https://www.reddit.com/r/Monkeypox/comments/10tbybc/simulations_of_college_campus_mpox_outbreaks_show/","Simulations of College Campus Mpox Outbreaks Show Importance of Detection and Isolation",NA,5,5,0.86,2023-02-04 09:44:15,"en",0.0787630373570273,"neutral",8,"post","Scientific/policy debates on mutations and reinfection, stigma’s role in public perception, and advocacy for marginalized groups amid systemic gaps.","Mutations, reinfection risks"
"r/Monkeypox","https://www.reddit.com/r/Monkeypox/comments/10pefk1/ireland_to_end_targeted_mpox_vaccinations_as/","Ireland to end targeted mpox vaccinations as cases plummet",NA,5,5,0.78,2023-01-30 21:21:29,"en",-0.145516354624871,"negative",8,"post","Scientific/policy debates on mutations and reinfection, stigma’s role in public perception, and advocacy for marginalized groups amid systemic gaps.","Mutations, reinfection risks"
"r/Monkeypox","https://www.reddit.com/r/Monkeypox/comments/10mn5c2/which_us_states_have_had_the_most_mpox_monkeypox/","Which U.S. States Have Had the Most Mpox (Monkeypox) Cases per Capita in 2022?",NA,18,18,0.83,2023-01-27 15:10:46,"en",0,"neutral",3,"post","Post-peak concerns include declining cases, lingering public health challenges (e.g., misinformation, isolation fatigue), and scientific analyses of mutations/long-term impacts.","Post-outbreak issues, mutations"
"r/Monkeypox","https://www.reddit.com/r/Monkeypox/comments/10klnvh/global_mpox_cases_rise_slightly_with_more_deaths/","Global mpox cases rise slightly, with more deaths reported",NA,30,30,0.88,2023-01-25 00:54:22,"en",0.0145516354624871,"neutral",9,"post","Sociopolitical reactions dominate, including stigma, naming controversies, and comparisons to past pandemics, alongside frustration with institutional mismanagement.","Stigma, naming debates"
"r/Monkeypox","https://www.reddit.com/r/Monkeypox/comments/10kle3x/use_of_wastewater_for_mpox_outbreak_surveillance/","Use of Wastewater for Mpox Outbreak Surveillance in California",NA,8,8,0.83,2023-01-25 00:41:29,"en",-0.218274531937307,"negative",1,"post","Discussions focus on global mpox transmission concerns, public health responses (especially vaccine distribution and messaging), and stigma, with emphasis on LGBTQ+ communities and personal experiences of symptoms/issues.","Transmission, stigma, vaccines"
"r/Monkeypox","https://www.reddit.com/r/Monkeypox/comments/10hty76/mpox_has_been_silently_circulating_in/","Mpox has been silently circulating in non-mpox-endemic nations for 20 years, according to new study",NA,66,66,0.93,2023-01-21 15:39:06,"en",0.0886740285995309,"neutral",8,"post","Scientific/policy debates on mutations and reinfection, stigma’s role in public perception, and advocacy for marginalized groups amid systemic gaps.","Mutations, reinfection risks"
"r/Monkeypox","https://www.reddit.com/r/Monkeypox/comments/10az96t/officials_fear_mpox_cases_will_go_undetected_and/","Officials fear mpox cases will go undetected and unreported - STAT",NA,53,53,0.93,2023-01-13 16:51:01,"en",-0.129420876774198,"negative",8,"post","Scientific/policy debates on mutations and reinfection, stigma’s role in public perception, and advocacy for marginalized groups amid systemic gaps.","Mutations, reinfection risks"
"r/Monkeypox","https://www.reddit.com/r/Monkeypox/comments/107k87v/the_2022_monkeypox_epidemic_and_what_has_led_to/","The 2022 Monkeypox Epidemic and What Has Led to the Current State of the Disease in the US: A Systematic Review",NA,20,20,0.92,2023-01-09 17:27:54,"en",-0.164725883269459,"negative",8,"post","Scientific/policy debates on mutations and reinfection, stigma’s role in public perception, and advocacy for marginalized groups amid systemic gaps.","Mutations, reinfection risks"
"r/Monkeypox","https://www.reddit.com/r/Monkeypox/comments/107c4s5/mpox_enough_vaccine_vials_obtained_for_up_to/","Mpox: Enough vaccine vials obtained for up to 20,000 at-risk people in New Zealand",NA,34,34,0.88,2023-01-09 11:27:52,"en",0.0875044837251267,"neutral",8,"post","Scientific/policy debates on mutations and reinfection, stigma’s role in public perception, and advocacy for marginalized groups amid systemic gaps.","Mutations, reinfection risks"
"r/Monkeypox","https://www.reddit.com/r/Monkeypox/comments/106h1ae/africa_reported_1200_mpox_cases_nigeria_leads_who/","Africa reported 1,200 mpox cases, Nigeria leads –WHO",NA,35,35,0.86,2023-01-08 11:28:01,"en",0.08250001843502,"neutral",8,"post","Scientific/policy debates on mutations and reinfection, stigma’s role in public perception, and advocacy for marginalized groups amid systemic gaps.","Mutations, reinfection risks"
"r/Monkeypox","https://www.reddit.com/r/Monkeypox/comments/105xnzk/mpox_vaccine_now_open_to_everyone_in_la_no/","Mpox Vaccine Now Open To Everyone In LA, No Questions Asked",NA,46,46,0.9,2023-01-07 19:41:50,"en",0,"neutral",1,"post","Discussions focus on global mpox transmission concerns, public health responses (especially vaccine distribution and messaging), and stigma, with emphasis on LGBTQ+ communities and personal experiences of symptoms/issues.","Transmission, stigma, vaccines"
"r/Monkeypox","https://www.reddit.com/r/Monkeypox/comments/10573t1/mpox_cases_among_cisgender_women_and_pregnant/","Mpox Cases Among Cisgender Women and Pregnant Women",NA,33,33,0.83,2023-01-06 22:08:15,"en",0,"neutral",8,"post","Scientific/policy debates on mutations and reinfection, stigma’s role in public perception, and advocacy for marginalized groups amid systemic gaps.","Mutations, reinfection risks"
"r/Monkeypox","https://www.reddit.com/r/Monkeypox/comments/103n1zb/moderna_ceo_says_mpox_vaccine_is_fantastic_it_may/","Moderna CEO says mpox vaccine is 'fantastic.' It may never see the market",NA,70,70,0.93,2023-01-05 02:33:52,"en",0,"neutral",1,"post","Discussions focus on global mpox transmission concerns, public health responses (especially vaccine distribution and messaging), and stigma, with emphasis on LGBTQ+ communities and personal experiences of symptoms/issues.","Transmission, stigma, vaccines"
"r/Monkeypox","https://www.reddit.com/r/Monkeypox/comments/100qean/how_the_monkeypox_outbreak_revealed_the_path_for/","How the monkeypox outbreak revealed the path for vanquishing viruses",NA,35,35,0.86,2023-01-01 18:55:10,"en",-0.138048935225811,"negative",9,"post","Sociopolitical reactions dominate, including stigma, naming controversies, and comparisons to past pandemics, alongside frustration with institutional mismanagement.","Stigma, naming debates"
"r/Monkeypox","https://www.reddit.com/r/Monkeypox/comments/zyor8x/the_bittersweet_defeat_of_mpox/","The Bittersweet Defeat of Mpox",NA,40,40,0.86,2022-12-30 02:45:26,"en",-0.195230676467507,"negative",8,"post","Scientific/policy debates on mutations and reinfection, stigma’s role in public perception, and advocacy for marginalized groups amid systemic gaps.","Mutations, reinfection risks"
"r/Monkeypox","https://www.reddit.com/r/Monkeypox/comments/zyqr6t/whos_new_mpox_guidance_all_contacts_should_avoid/","WHO's new mpox guidance: All contacts should avoid sex for 21 days",NA,14,14,0.86,2022-12-30 04:21:04,"en",0.148077557125874,"positive",8,"post","Scientific/policy debates on mutations and reinfection, stigma’s role in public perception, and advocacy for marginalized groups amid systemic gaps.","Mutations, reinfection risks"
"r/Monkeypox","https://www.reddit.com/r/Monkeypox/comments/zvm5vv/monkeypox_covid_and_racism_journalists_and/","Monkeypox, COVID, and Racism... “Journalists and editors of global North media outlets badly need training on how to not be racist and stigmatizing in their reporting [of] Ebola, COVID-19, monkeypox”, tweeted Dr. Madhu Pai...",NA,26,26,0.69,2022-12-26 12:26:38,"en",-0.0733900422766952,"neutral",1,"post","Discussions focus on global mpox transmission concerns, public health responses (especially vaccine distribution and messaging), and stigma, with emphasis on LGBTQ+ communities and personal experiences of symptoms/issues.","Transmission, stigma, vaccines"
"r/Monkeypox","https://www.reddit.com/r/Monkeypox/comments/zs2ga3/how_we_stopped_mpox_this_year_and_whats_next_for/","How We Stopped Mpox This Year And What’s Next For The Disease Formerly Known As Monkeypox",NA,39,39,0.85,2022-12-21 22:03:07,"en",-0.185287725115247,"negative",1,"post","Discussions focus on global mpox transmission concerns, public health responses (especially vaccine distribution and messaging), and stigma, with emphasis on LGBTQ+ communities and personal experiences of symptoms/issues.","Transmission, stigma, vaccines"
"r/Monkeypox","https://www.reddit.com/r/Monkeypox/comments/zs2s41/who_directorgenerals_opening_remarks_at_the_media/","WHO Director-General's opening remarks at the media briefing – 21 December 2022",NA,10,10,0.78,2022-12-21 22:10:09,"en",0.043140292258066,"neutral",7,"post","Cross-border spread of strains, personal accounts of severe symptoms, and critiques of institutional response delays and inequities.","Cross-border spread, severe cases"
"r/Monkeypox","https://www.reddit.com/r/Monkeypox/comments/zklluk/contact_tracing_and_exposure_investigation_in/","Contact Tracing and Exposure Investigation in Response to the First Case of Monkeypox Virus Infection in the United States During the 2022 Global Monkeypox Outbreak | Annals of Internal Medicine",NA,27,27,0.89,2022-12-13 03:57:19,"en",-0.0773437672828312,"neutral",1,"post","Discussions focus on global mpox transmission concerns, public health responses (especially vaccine distribution and messaging), and stigma, with emphasis on LGBTQ+ communities and personal experiences of symptoms/issues.","Transmission, stigma, vaccines"
"r/Monkeypox","https://www.reddit.com/r/Monkeypox/comments/zidyob/two_doses_of_monkeypox_vaccine_urged_amid_uptick/","Two doses of monkeypox vaccine urged amid uptick in cases",NA,56,56,0.88,2022-12-11 03:55:35,"en",0,"neutral",1,"post","Discussions focus on global mpox transmission concerns, public health responses (especially vaccine distribution and messaging), and stigma, with emphasis on LGBTQ+ communities and personal experiences of symptoms/issues.","Transmission, stigma, vaccines"
"r/Monkeypox","https://www.reddit.com/r/Monkeypox/comments/zga8nh/cdc_mmwr_reduced_mpox_risk_after_jynneos_compared/","CDC MMWR — Reduced Mpox Risk After Jynneos Compared With Unvaccinated Persons",NA,27,27,0.83,2022-12-08 20:18:26,"en",-0.123397964271561,"negative",7,"post","Cross-border spread of strains, personal accounts of severe symptoms, and critiques of institutional response delays and inequities.","Cross-border spread, severe cases"
"r/Monkeypox","https://www.reddit.com/r/Monkeypox/comments/zdpdkz/these_monkeypox_researchers_warned_that_the/","These monkeypox researchers warned that the disease would go global",NA,62,62,0.9,2022-12-06 00:20:48,"en",-0.18981728593549,"negative",8,"post","Scientific/policy debates on mutations and reinfection, stigma’s role in public perception, and advocacy for marginalized groups amid systemic gaps.","Mutations, reinfection risks"
"r/Monkeypox","https://www.reddit.com/r/Monkeypox/comments/zd17k8/tecovirimat_for_monkeypox_in_central_african/","Tecovirimat for Monkeypox in Central African Republic under Expanded Access",NA,21,21,0.86,2022-12-05 08:24:32,"en",0,"neutral",1,"post","Discussions focus on global mpox transmission concerns, public health responses (especially vaccine distribution and messaging), and stigma, with emphasis on LGBTQ+ communities and personal experiences of symptoms/issues.","Transmission, stigma, vaccines"
"r/Monkeypox","https://www.reddit.com/r/Monkeypox/comments/zbxybn/africa_to_receive_first_batch_of_50000_mpox/","Africa to receive first batch of 50,000 mpox vaccines",NA,82,82,0.93,2022-12-04 02:27:26,"en",0,"neutral",1,"post","Discussions focus on global mpox transmission concerns, public health responses (especially vaccine distribution and messaging), and stigma, with emphasis on LGBTQ+ communities and personal experiences of symptoms/issues.","Transmission, stigma, vaccines"
"r/Monkeypox","https://www.reddit.com/r/Monkeypox/comments/z8ddbb/who_recommends_new_name_for_monkeypox_disease/","WHO recommends new name for monkeypox disease",NA,45,45,0.86,2022-11-30 01:46:28,"en",0.12375002765253,"positive",8,"post","Scientific/policy debates on mutations and reinfection, stigma’s role in public perception, and advocacy for marginalized groups amid systemic gaps.","Mutations, reinfection risks"
"r/Monkeypox","https://www.reddit.com/r/Monkeypox/comments/z4oacw/no_monkeypox_for_a_month_in_connecticut_heres_why/","No monkeypox for a month in Connecticut: Here's why",NA,57,57,0.94,2022-11-25 21:09:46,"en",0,"neutral",6,"post","Emergence of high-risk mpox variants (e.g., Clade I), underreported global spread, and debates over containment strategies beyond MSM communities.","New variants, containment struggles"
"r/Monkeypox","https://www.reddit.com/r/Monkeypox/comments/yzk5ra/bring_sexual_healthcare_to_places_where_people/","Bring Sexual Healthcare to Places Where People Have Sex",NA,35,35,0.91,2022-11-19 19:38:36,"en",0.0181895443281089,"neutral",8,"post","Scientific/policy debates on mutations and reinfection, stigma’s role in public perception, and advocacy for marginalized groups amid systemic gaps.","Mutations, reinfection risks"
"r/Monkeypox","https://www.reddit.com/r/Monkeypox/comments/yzhdre/human_monkeypox_virus_infection_in_women_and/","Human monkeypox virus infection in women and non-binary individuals during the 2022 outbreaks: a global case series",NA,39,39,0.85,2022-11-19 17:38:11,"en",-0.112496118819971,"negative",7,"post","Cross-border spread of strains, personal accounts of severe symptoms, and critiques of institutional response delays and inequities.","Cross-border spread, severe cases"
"r/Monkeypox","https://www.reddit.com/r/Monkeypox/comments/yyeqtg/los_angeles_county_public_health_reports_2nd/","Los Angeles County public health reports 2nd death from monkeypox",NA,60,60,0.95,2022-11-18 08:10:29,"en",-0.129420876774198,"negative",2,"post","Debates center on mpox spread among MSM, vaccine access challenges, and comparisons to COVID-19, alongside personal symptom accounts and frustration with public health failures.","MSM focus, vaccine inequity"
"r/Monkeypox","https://www.reddit.com/r/Monkeypox/comments/yy9eyx/last_call_for_the_monkeypox_vaccine_van_as_the/","Last Call for the Monkeypox Vaccine Van | As the monkeypox emergency subsides, the city has stopped placing vaccine vans outside nightclubs and sex parties. Vaccinations will still be available at sexual health clinics.",NA,37,37,0.86,2022-11-18 03:03:36,"en",0.0184767184953755,"neutral",3,"post","Post-peak concerns include declining cases, lingering public health challenges (e.g., misinformation, isolation fatigue), and scientific analyses of mutations/long-term impacts.","Post-outbreak issues, mutations"
"r/Monkeypox","https://www.reddit.com/r/Monkeypox/comments/yw2s53/what_happened_to_monkeypox_lgbtq_community/","What happened to monkeypox? LGBTQ community appears to have quashed spread for now",NA,115,115,0.94,2022-11-15 16:51:35,"en",0.0976492374702896,"neutral",9,"post","Sociopolitical reactions dominate, including stigma, naming controversies, and comparisons to past pandemics, alongside frustration with institutional mismanagement.","Stigma, naming debates"
"r/Monkeypox","https://www.reddit.com/r/Monkeypox/comments/yvtgqn/london_records_no_weekly_monkeypox_cases_for/","London records no weekly monkeypox cases for first time in four months",NA,110,110,0.95,2022-11-15 10:39:11,"en",0,"neutral",8,"post","Scientific/policy debates on mutations and reinfection, stigma’s role in public perception, and advocacy for marginalized groups amid systemic gaps.","Mutations, reinfection risks"
"r/Monkeypox","https://www.reddit.com/r/Monkeypox/comments/yvtnw3/mutations_in_the_monkeypox_virus_replication/","Mutations in the monkeypox virus replication complex: Potential contributing factors to the 2022 outbreak",NA,10,10,0.92,2022-11-15 10:49:32,"en",-0.15891346497678,"negative",7,"post","Cross-border spread of strains, personal accounts of severe symptoms, and critiques of institutional response delays and inequities.","Cross-border spread, severe cases"
"r/Monkeypox","https://www.reddit.com/r/Monkeypox/comments/yvtbin/whoeurope_providing_monkeypox_diagnosis_support/","WHO/Europe providing monkeypox diagnosis support to countries that need it most",NA,5,5,0.86,2022-11-15 10:31:53,"en",0.165402378449757,"positive",8,"post","Scientific/policy debates on mutations and reinfection, stigma’s role in public perception, and advocacy for marginalized groups amid systemic gaps.","Mutations, reinfection risks"
"r/Monkeypox","https://www.reddit.com/r/Monkeypox/comments/yrxf40/monkeypox_in_kids_and_teens_is_rare_and_seldom/","Monkeypox in kids and teens is rare and seldom severe - CDC",NA,28,28,0.83,2022-11-11 01:17:16,"en",0,"neutral",6,"post","Emergence of high-risk mpox variants (e.g., Clade I), underreported global spread, and debates over containment strategies beyond MSM communities.","New variants, containment struggles"
"r/Monkeypox","https://www.reddit.com/r/Monkeypox/comments/yov2p7/tecovirimat_is_effective_against_human_monkeypox/","Tecovirimat is effective against human monkeypox virus in vitro at nanomolar concentrations - Nature Microbiology",NA,57,57,0.92,2022-11-07 18:07:57,"en",0.0437522418625634,"neutral",8,"post","Scientific/policy debates on mutations and reinfection, stigma’s role in public perception, and advocacy for marginalized groups amid systemic gaps.","Mutations, reinfection risks"
"r/Monkeypox","https://www.reddit.com/r/Monkeypox/comments/yn3l9t/african_scientists_say_western_aid_to_fight/","African scientists say Western aid to fight pandemic is backfiring. Here's their plan",NA,60,60,0.91,2022-11-05 19:25:16,"en",-0.0771985005461934,"neutral",8,"post","Scientific/policy debates on mutations and reinfection, stigma’s role in public perception, and advocacy for marginalized groups amid systemic gaps.","Mutations, reinfection risks"
"r/Monkeypox","https://www.reddit.com/r/Monkeypox/comments/yle8zp/scientists_find_evidence_of_substantial/","Scientists find evidence of 'substantial' transmission of monkeypox even before symptoms appear",NA,94,94,0.95,2022-11-03 20:41:30,"en",-0.0630104298856219,"neutral",3,"post","Post-peak concerns include declining cases, lingering public health challenges (e.g., misinformation, isolation fatigue), and scientific analyses of mutations/long-term impacts.","Post-outbreak issues, mutations"
"r/Monkeypox","https://www.reddit.com/r/Monkeypox/comments/yg6anl/monkeypox_cases_are_plummeting_scientists_are/","Monkeypox cases are plummeting. Scientists are debating why",NA,86,86,0.93,2022-10-29 01:25:02,"en",0,"neutral",3,"post","Post-peak concerns include declining cases, lingering public health challenges (e.g., misinformation, isolation fatigue), and scientific analyses of mutations/long-term impacts.","Post-outbreak issues, mutations"
"r/Monkeypox","https://www.reddit.com/r/Monkeypox/comments/yg1j73/genomic_rearrangements_in_monkeypox_virus_could/","Genomic rearrangements in monkeypox virus could be a sign of adaption to the human host",NA,38,38,0.93,2022-10-28 21:47:15,"en",-0.0704478022578674,"neutral",9,"post","Sociopolitical reactions dominate, including stigma, naming controversies, and comparisons to past pandemics, alongside frustration with institutional mismanagement.","Stigma, naming debates"
"r/Monkeypox","https://www.reddit.com/r/Monkeypox/comments/yg62bu/monkeypox_mvabn_vaccine_elicits_durable_immunity/","Monkeypox MVA-BN® Vaccine Elicits Durable Immunity for 2 Years With Single Dose",NA,13,13,0.8,2022-10-29 01:14:02,"en",0.118144556035541,"positive",1,"post","Discussions focus on global mpox transmission concerns, public health responses (especially vaccine distribution and messaging), and stigma, with emphasis on LGBTQ+ communities and personal experiences of symptoms/issues.","Transmission, stigma, vaccines"
"r/Monkeypox","https://www.reddit.com/r/Monkeypox/comments/yg1i73/when_monkeypox_reaches_rural_communities_it/","When monkeypox reaches rural communities, it collides with strained public health systems",NA,14,14,0.8,2022-10-28 21:46:06,"en",-0.157526074714055,"negative",9,"post","Sociopolitical reactions dominate, including stigma, naming controversies, and comparisons to past pandemics, alongside frustration with institutional mismanagement.","Stigma, naming debates"
"r/Monkeypox","https://www.reddit.com/r/Monkeypox/comments/yed5bp/severe_monkeypox_in_hospitalized_patients_united/","Severe Monkeypox in Hospitalized Patients — United States, August 10–October 10, 2022 | MMWR Morb Mortal Wkly Rep. [26 October 2022]",NA,41,41,0.87,2022-10-27 00:07:36,"en",0.0915821429352276,"neutral",6,"post","Emergence of high-risk mpox variants (e.g., Clade I), underreported global spread, and debates over containment strategies beyond MSM communities.","New variants, containment struggles"
"r/Monkeypox","https://www.reddit.com/r/Monkeypox/comments/yeg84p/epidemiologist_what_we_know_about_monkeypox/","Epidemiologist: What We Know About Monkeypox",NA,22,22,0.87,2022-10-27 02:35:09,"en",0,"neutral",7,"post","Cross-border spread of strains, personal accounts of severe symptoms, and critiques of institutional response delays and inequities.","Cross-border spread, severe cases"
"r/Monkeypox","https://www.reddit.com/r/Monkeypox/comments/ybmcwu/monkeypox_kills_2_chicagoans_first_to_die_from/","Monkeypox Kills 2 Chicagoans, First To Die From Virus In The City, Officials Announce",NA,92,92,0.94,2022-10-23 16:39:51,"en",-0.302692314241486,"negative",6,"post","Emergence of high-risk mpox variants (e.g., Clade I), underreported global spread, and debates over containment strategies beyond MSM communities.","New variants, containment struggles"
"r/Monkeypox","https://www.reddit.com/r/Monkeypox/comments/ybvjva/new_uk_research_consortium_given_2m_to_tackle/","New UK research consortium given £2m to tackle monkeypox",NA,1,1,0.57,2022-10-23 23:00:15,"en",0.100042493804599,"positive",1,"post","Discussions focus on global mpox transmission concerns, public health responses (especially vaccine distribution and messaging), and stigma, with emphasis on LGBTQ+ communities and personal experiences of symptoms/issues.","Transmission, stigma, vaccines"
"r/Monkeypox","https://www.reddit.com/r/Monkeypox/comments/yac6wn/in_central_africa_a_deadly_monkeypox_variant_is/","In Central Africa, a deadly monkeypox variant is surging",NA,92,92,0.92,2022-10-22 02:53:07,"en",-0.136421582460817,"negative",1,"post","Discussions focus on global mpox transmission concerns, public health responses (especially vaccine distribution and messaging), and stigma, with emphasis on LGBTQ+ communities and personal experiences of symptoms/issues.","Transmission, stigma, vaccines"
"r/Monkeypox","https://www.reddit.com/r/Monkeypox/comments/ya2358/new_york_maryland_nevada_announce_first_monkeypox/","New York, Maryland, Nevada announce first monkeypox deaths as official CDC tally rises to 4",NA,77,77,0.97,2022-10-21 19:17:19,"en",0.116672644966836,"positive",6,"post","Emergence of high-risk mpox variants (e.g., Clade I), underreported global spread, and debates over containment strategies beyond MSM communities.","New variants, containment struggles"
"r/Monkeypox","https://www.reddit.com/r/Monkeypox/comments/y8kgse/nyc_has_almost_eliminated_monkeypox_an_nyu/","NYC has almost eliminated monkeypox. An NYU biology prof on what the city needs to reach zero",NA,93,93,0.95,2022-10-20 01:28:51,"en",-0.0109175166467294,"neutral",3,"post","Post-peak concerns include declining cases, lingering public health challenges (e.g., misinformation, isolation fatigue), and scientific analyses of mutations/long-term impacts.","Post-outbreak issues, mutations"
"r/Monkeypox","https://www.reddit.com/r/Monkeypox/comments/y8knpb/as_monkeypox_subsides_experts_grapple_with_the/","As monkeypox subsides, experts grapple with the possibility of long-term consequences",NA,13,13,0.94,2022-10-20 01:37:15,"en",-0.189031289656866,"negative",2,"post","Debates center on mpox spread among MSM, vaccine access challenges, and comparisons to COVID-19, alongside personal symptom accounts and frustration with public health failures.","MSM focus, vaccine inequity"
"r/Monkeypox","https://www.reddit.com/r/Monkeypox/comments/y4ke0y/monkeypox_cases_waning_but_global_threat_remains/","Monkeypox cases waning, but global threat remains",NA,37,37,0.86,2022-10-15 10:24:46,"en",-0.244921929728965,"negative",1,"post","Discussions focus on global mpox transmission concerns, public health responses (especially vaccine distribution and messaging), and stigma, with emphasis on LGBTQ+ communities and personal experiences of symptoms/issues.","Transmission, stigma, vaccines"
"r/Monkeypox","https://www.reddit.com/r/Monkeypox/comments/y4st7g/what_does_the_future_look_like_for_monkeypox/","What does the future look like for monkeypox?",NA,4,4,0.76,2022-10-15 16:53:34,"en",0.0964646260582434,"neutral",5,"post","Fears of mpox resurgence or endemicity, debates over vaccine strategies, and critiques of global disparities in outbreak response.","Resurgence fears, global disparities"
"r/Monkeypox","https://www.reddit.com/r/Monkeypox/comments/y39zkb/monkeypox_treatment_trial_begins_in_the/","Monkeypox treatment trial begins in the Democratic Republic of the Congo",NA,56,56,0.89,2022-10-13 21:01:39,"en",-0.0411326547571871,"neutral",1,"post","Discussions focus on global mpox transmission concerns, public health responses (especially vaccine distribution and messaging), and stigma, with emphasis on LGBTQ+ communities and personal experiences of symptoms/issues.","Transmission, stigma, vaccines"
"r/Monkeypox","https://www.reddit.com/r/Monkeypox/comments/y2dxk2/weekly_discussion_october_10th_october_17th_2022/","Weekly Discussion | October 10th - October 17th, 2022","This thread is for general discussion about Monkeypox Virus and the ongoing outbreak of 2022. Please use this space to post anecdotes, ask questions, and hold other conversations that are not directly related to the topic of another standalone post.

The moderation of content in this thread will be more relaxed in regard to staying on-topic and posting about personal experiences and opinions is allowed, however the rules of [r/Monkeypox](https://www.reddit.com/r/Monkeypox/) still apply.

In particular, please remember rule #9; this subreddit is not an appropriate place to seek or supply medical advice. If you are concerned about your health, talk to a licensed medical provider.

In case you missed it, catch up on last week’s discussion [here.](https://www.reddit.com/r/Monkeypox/comments/xuv0zu/weekly_discussion_october_3_october_10_2022/?utm_source=share&amp;utm_medium=ios_app&amp;utm_name=iossmf)",2,2,1,2022-10-12 20:04:25,"en",0.166813181621763,"positive",1,"post","Discussions focus on global mpox transmission concerns, public health responses (especially vaccine distribution and messaging), and stigma, with emphasis on LGBTQ+ communities and personal experiences of symptoms/issues.","Transmission, stigma, vaccines"
"r/Monkeypox","https://www.reddit.com/r/Monkeypox/comments/y07b87/monkeypox_cases_are_down_but_concern_over/","Monkeypox Cases are Down, but Concern Over Intradermal Vaccine Lingers",NA,81,81,0.96,2022-10-10 06:17:16,"en",-0.388262630322594,"negative",8,"post","Scientific/policy debates on mutations and reinfection, stigma’s role in public perception, and advocacy for marginalized groups amid systemic gaps.","Mutations, reinfection risks"
"r/Monkeypox","https://www.reddit.com/r/Monkeypox/comments/y07k8z/what_are_your_chances_of_catching_monkeypox/","What are your chances of catching monkeypox?",NA,24,24,0.88,2022-10-10 06:32:57,"en",0.0515625115218875,"neutral",3,"post","Post-peak concerns include declining cases, lingering public health challenges (e.g., misinformation, isolation fatigue), and scientific analyses of mutations/long-term impacts.","Post-outbreak issues, mutations"
"r/Monkeypox","https://www.reddit.com/r/Monkeypox/comments/y07d30/will_the_monkeypox_virus_become_more_dangerous/","Will the Monkeypox Virus Become More Dangerous?",NA,18,18,0.83,2022-10-10 06:20:25,"en",-0.37125008295759,"negative",9,"post","Sociopolitical reactions dominate, including stigma, naming controversies, and comparisons to past pandemics, alongside frustration with institutional mismanagement.","Stigma, naming debates"
"r/Monkeypox","https://www.reddit.com/r/Monkeypox/comments/xy686p/mpx_cases_falling_dramatically_in_california_is/","MPX cases falling dramatically in California. Is the outbreak ending?",NA,77,77,0.95,2022-10-07 18:17:36,"en",-0.249310715869754,"negative",4,"post","Criticism of systemic public health failures (e.g., vaccine disparities, bureaucratic delays) and anxiety about broadening transmission (e.g., pediatric cases, workplaces).","Systemic failures, inequity"
"r/Monkeypox","https://www.reddit.com/r/Monkeypox/comments/xx6u9c/monkeypoxs_toll_stories_of_agony_isolation_and/","Monkeypox’s toll: Stories of agony, isolation and government incompetence",NA,61,61,0.85,2022-10-06 14:36:52,"en",-0.534939624000018,"negative",8,"post","Scientific/policy debates on mutations and reinfection, stigma’s role in public perception, and advocacy for marginalized groups amid systemic gaps.","Mutations, reinfection risks"
"r/Monkeypox","https://www.reddit.com/r/Monkeypox/comments/xwktnw/the_cdc_scientist_who_couldnt_get_monkeypox/","The CDC Scientist Who Couldn’t Get Monkeypox Treatment",NA,100,100,0.95,2022-10-05 20:06:47,"en",0.0272843164921634,"neutral",2,"post","Debates center on mpox spread among MSM, vaccine access challenges, and comparisons to COVID-19, alongside personal symptom accounts and frustration with public health failures.","MSM focus, vaccine inequity"
"r/Monkeypox","https://www.reddit.com/r/Monkeypox/comments/xvid3o/genomic_accordions_may_hold_the_key_to_monkeypox/","Genomic accordions may hold the key to Monkeypox Clade IIb's increased transmissibility - Evolution",NA,26,26,0.85,2022-10-04 15:40:42,"en",0.113509617840557,"positive",5,"post","Fears of mpox resurgence or endemicity, debates over vaccine strategies, and critiques of global disparities in outbreak response.","Resurgence fears, global disparities"
"r/Monkeypox","https://www.reddit.com/r/Monkeypox/comments/xuyeol/hhs_extends_monkeypox_emergency_declaration/","HHS extends monkeypox emergency declaration, expands covered providers",NA,35,35,0.86,2022-10-03 23:07:26,"en",0.00964646260582434,"neutral",7,"post","Cross-border spread of strains, personal accounts of severe symptoms, and critiques of institutional response delays and inequities.","Cross-border spread, severe cases"
"r/Monkeypox","https://www.reddit.com/r/Monkeypox/comments/xuv0zu/weekly_discussion_october_3_october_10_2022/","Weekly Discussion | October 3 - October 10, 2022","**Weekly Discussion | Week of October 3rd- October 10th, 2022**

This thread is for general discussion about Monkeypox Virus and the ongoing outbreak of 2022. Please use this space to post anecdotes, ask questions, and hold other conversations that are not directly related to the topic of another standalone post.

The moderation of content in this thread will be more relaxed in regard to staying on-topic and posting about personal experiences and opinions is allowed, however the rules of [r/Monkeypox](https://www.reddit.com/r/Monkeypox/) still apply.

In particular, please remember rule #9; this subreddit is not an appropriate place to seek or supply medical advice. If you are concerned about your health, talk to a licensed medical provider.

In case you missed it, catch up on last week’s discussion [here.](https://www.reddit.com/r/Monkeypox/comments/xm0ll7/weekly_discussion_september_23rd_september_30th/?utm_source=share&amp;utm_medium=ios_app&amp;utm_name=iossmf)",6,6,1,2022-10-03 20:49:03,"en",0.188141251564923,"positive",8,"post","Scientific/policy debates on mutations and reinfection, stigma’s role in public perception, and advocacy for marginalized groups amid systemic gaps.","Mutations, reinfection risks"
"r/Monkeypox","https://www.reddit.com/r/Monkeypox/comments/xt1leo/monkeypox_eradication_unlikely_in_the_us_as_virus/","Monkeypox eradication unlikely in the U.S. as virus could spread indefinitely, CDC says",NA,121,121,0.95,2022-10-01 17:48:29,"en",-0.233345289933671,"negative",1,"post","Discussions focus on global mpox transmission concerns, public health responses (especially vaccine distribution and messaging), and stigma, with emphasis on LGBTQ+ communities and personal experiences of symptoms/issues.","Transmission, stigma, vaccines"
"r/Monkeypox","https://www.reddit.com/r/Monkeypox/comments/xsw3l1/prevention_risk_exposure_and_knowledge_of/","Prevention, Risk Exposure, and Knowledge of Monkeypox in Occupational Settings: A Scoping Review",NA,6,6,1,2022-10-01 14:02:26,"en",0.0151346157120743,"neutral",2,"post","Debates center on mpox spread among MSM, vaccine access challenges, and comparisons to COVID-19, alongside personal symptom accounts and frustration with public health failures.","MSM focus, vaccine inequity"
"r/Monkeypox","https://www.reddit.com/r/Monkeypox/comments/xsn548/possible_occupational_infection_of_healthcare/","Possible Occupational Infection of Healthcare Workers with Monkeypox Virus, Brazil",NA,19,19,0.91,2022-10-01 05:32:03,"en",-0.21570146129033,"negative",8,"post","Scientific/policy debates on mutations and reinfection, stigma’s role in public perception, and advocacy for marginalized groups amid systemic gaps.","Mutations, reinfection risks"
"r/Monkeypox","https://www.reddit.com/r/Monkeypox/comments/xs58c6/should_i_still_be_worried_about_monkeypox/","Should I still be worried about monkeypox?",NA,23,23,0.85,2022-09-30 16:07:19,"en",-0.154687534565662,"negative",2,"post","Debates center on mpox spread among MSM, vaccine access challenges, and comparisons to COVID-19, alongside personal symptom accounts and frustration with public health failures.","MSM focus, vaccine inequity"
"r/Monkeypox","https://www.reddit.com/r/Monkeypox/comments/xrcqoe/im_dr_marta_lado_ive_battled_pandemics_for_the/","I’m Dr. Marta Lado, I’ve battled pandemics for the last 8 years in 3 countries and now work to prepare and respond to the next pandemic, AMA about Monkeypox!",NA,44,44,0.85,2022-09-29 16:48:38,"en",-0.12666425944855,"negative",7,"post","Cross-border spread of strains, personal accounts of severe symptoms, and critiques of institutional response delays and inequities.","Cross-border spread, severe cases"
"r/Monkeypox","https://www.reddit.com/r/Monkeypox/comments/xql0w3/good_bavarian_nordic_vaccine_results_according_to/","Good bavarian nordic vaccine results according to white house",NA,16,16,0.9,2022-09-28 18:54:17,"en",0.254653620593525,"positive",3,"post","Post-peak concerns include declining cases, lingering public health challenges (e.g., misinformation, isolation fatigue), and scientific analyses of mutations/long-term impacts.","Post-outbreak issues, mutations"
"r/Monkeypox","https://www.reddit.com/r/Monkeypox/comments/xq3x2v/it_is_sinking_us_even_further_sti_clinics_already/","‘It is sinking us even further’: STI clinics, already stretched thin, strain under weight of monkeypox response",NA,65,65,0.9,2022-09-28 05:31:44,"en",-0.112496118819971,"negative",2,"post","Debates center on mpox spread among MSM, vaccine access challenges, and comparisons to COVID-19, alongside personal symptom accounts and frustration with public health failures.","MSM focus, vaccine inequity"
"r/Monkeypox","https://www.reddit.com/r/Monkeypox/comments/xq3nva/washington_school_district_rules_out_monkeypox/","Washington School District rules out monkeypox after students undergo testing Mike Darnay - Monday",NA,6,6,0.81,2022-09-28 05:17:25,"en",0,"neutral",9,"post","Sociopolitical reactions dominate, including stigma, naming controversies, and comparisons to past pandemics, alongside frustration with institutional mismanagement.","Stigma, naming debates"
"r/Monkeypox","https://www.reddit.com/r/Monkeypox/comments/xpngaw/effectiveness_of_a_singledose_modified_vaccinia/","Effectiveness of a single-dose Modified Vaccinia Ankara in Human Monkeypox: an observational study",NA,31,31,0.89,2022-09-27 17:45:02,"en",0.123964685277263,"positive",2,"post","Debates center on mpox spread among MSM, vaccine access challenges, and comparisons to COVID-19, alongside personal symptom accounts and frustration with public health failures.","MSM focus, vaccine inequity"
"r/Monkeypox","https://www.reddit.com/r/Monkeypox/comments/xo07a6/life_after_monkeypox_men_describe_an_uncertain/","Life After Monkeypox: Men Describe an Uncertain Road to Recovery",NA,31,31,0.83,2022-09-25 21:51:29,"en",-0.0862805845161319,"neutral",1,"post","Discussions focus on global mpox transmission concerns, public health responses (especially vaccine distribution and messaging), and stigma, with emphasis on LGBTQ+ communities and personal experiences of symptoms/issues.","Transmission, stigma, vaccines"
"r/Monkeypox","https://www.reddit.com/r/Monkeypox/comments/xm2ha4/dc_makes_all_monkeypox_vaccines_available_by/","DC Makes All Monkeypox Vaccines Available By Walk-Up Only",NA,89,89,0.91,2022-09-23 16:39:27,"en",0.138048935225811,"positive",3,"post","Post-peak concerns include declining cases, lingering public health challenges (e.g., misinformation, isolation fatigue), and scientific analyses of mutations/long-term impacts.","Post-outbreak issues, mutations"
"r/Monkeypox","https://www.reddit.com/r/Monkeypox/comments/xm0ll7/weekly_discussion_september_23rd_september_30th/","Weekly Discussion | September 23rd - September 30th, 2022","**Weekly Discussion | Week of September 23rd- September 30th, 2022**

This thread is for general discussion about Monkeypox Virus and the ongoing outbreak of 2022. Please use this space to post anecdotes, ask questions, and hold other conversations that are not directly related to the topic of another standalone post.

The moderation of content in this thread will be more relaxed in regard to staying on-topic and posting about personal experiences and opinions is allowed, however the rules of [r/Monkeypox](https://www.reddit.com/r/Monkeypox/) still apply.

In particular, please remember rule #9; this subreddit is not an appropriate place to seek or supply medical advice. If you are concerned about your health, talk to a licensed medical provider.

In case you missed it, catch up on last week’s discussion [here.](https://www.reddit.com/r/Monkeypox/comments/xchx30/weekly_discussion_september_12th_september_18th/?utm_source=share&amp;utm_medium=ios_app&amp;utm_name=iossmf)",3,3,0.8,2022-09-23 15:27:32,"en",0.18300565160648,"positive",8,"post","Scientific/policy debates on mutations and reinfection, stigma’s role in public perception, and advocacy for marginalized groups amid systemic gaps.","Mutations, reinfection risks"
"r/Monkeypox","https://www.reddit.com/r/Monkeypox/comments/xlggar/as_monkeypox_cases_go_down_testing_must_go_up/","As Monkeypox Cases Go Down, Testing Must Go Up",NA,51,51,0.91,2022-09-22 23:09:29,"en",0,"neutral",2,"post","Debates center on mpox spread among MSM, vaccine access challenges, and comparisons to COVID-19, alongside personal symptom accounts and frustration with public health failures.","MSM focus, vaccine inequity"
"r/Monkeypox","https://www.reddit.com/r/Monkeypox/comments/xlb9iz/monkeypox_case_numbers_are_falling_but_that/","Monkeypox case numbers are falling, but that doesn’t mean it’s going away anytime soon",NA,26,26,0.87,2022-09-22 19:46:40,"en",-0.102316186845613,"negative",8,"post","Scientific/policy debates on mutations and reinfection, stigma’s role in public perception, and advocacy for marginalized groups amid systemic gaps.","Mutations, reinfection risks"
"r/Monkeypox","https://www.reddit.com/r/Monkeypox/comments/xl5cpp/evolutionary_consequences_of_delaying/","Evolutionary consequences of delaying intervention for monkeypox",NA,43,43,0.9,2022-09-22 16:00:41,"en",-0.45375010139261,"negative",7,"post","Cross-border spread of strains, personal accounts of severe symptoms, and critiques of institutional response delays and inequities.","Cross-border spread, severe cases"
"r/Monkeypox","https://www.reddit.com/r/Monkeypox/comments/xjzjto/monkeypox_how_universities_are_preventing/","Monkeypox: how universities are preventing outbreaks on campus",NA,19,19,0.88,2022-09-21 08:59:17,"en",0.0964646260582434,"neutral",2,"post","Debates center on mpox spread among MSM, vaccine access challenges, and comparisons to COVID-19, alongside personal symptom accounts and frustration with public health failures.","MSM focus, vaccine inequity"
"r/Monkeypox","https://www.reddit.com/r/Monkeypox/comments/xjh4k8/possible_tattootransmitted_monkeypox_viral/","Possible tattoo-transmitted monkeypox viral infection - Internal and Emergency Medicine",NA,85,85,0.96,2022-09-20 18:52:54,"en",-0.258841753548396,"negative",3,"post","Post-peak concerns include declining cases, lingering public health challenges (e.g., misinformation, isolation fatigue), and scientific analyses of mutations/long-term impacts.","Post-outbreak issues, mutations"
"r/Monkeypox","https://www.reddit.com/r/Monkeypox/comments/xj0w1b/health_care_personnel_exposures_to_subsequently/","Health Care Personnel Exposures to Subsequently Laboratory Confirmed Monkeypox Patients — Colorado, 2022",NA,20,20,0.92,2022-09-20 06:13:01,"en",0.246795928543123,"positive",1,"post","Discussions focus on global mpox transmission concerns, public health responses (especially vaccine distribution and messaging), and stigma, with emphasis on LGBTQ+ communities and personal experiences of symptoms/issues.","Transmission, stigma, vaccines"
"r/Monkeypox","https://www.reddit.com/r/Monkeypox/comments/xi0fft/monkeypox_dont_touch_foreigners_says_china_health/","Monkeypox: don’t touch foreigners, says China health chief, as first case reported",NA,81,81,0.95,2022-09-19 03:19:05,"en",0,"neutral",4,"post","Criticism of systemic public health failures (e.g., vaccine disparities, bureaucratic delays) and anxiety about broadening transmission (e.g., pediatric cases, workplaces).","Systemic failures, inequity"
"r/Monkeypox","https://www.reddit.com/r/Monkeypox/comments/xhdk6m/southern_states_lackluster_monkeypox_efforts/","Southern States’ Lackluster Monkeypox Efforts Leave LGBTQ+ Groups Going It Alone",NA,79,79,0.88,2022-09-18 10:52:43,"en",-0.222116335688811,"negative",7,"post","Cross-border spread of strains, personal accounts of severe symptoms, and critiques of institutional response delays and inequities.","Cross-border spread, severe cases"
"r/Monkeypox","https://www.reddit.com/r/Monkeypox/comments/xgyisz/viable_monkeypox_virus_in_the_environment_of_a/","Viable Monkeypox virus in the environment of a patient room",NA,77,77,0.96,2022-09-17 21:42:17,"en",0.043140292258066,"neutral",5,"post","Fears of mpox resurgence or endemicity, debates over vaccine strategies, and critiques of global disparities in outbreak response.","Resurgence fears, global disparities"
"r/Monkeypox","https://www.reddit.com/r/Monkeypox/comments/xh4q22/for_virus_tracking_wastewater_is_liquid_gold/","For virus tracking, wastewater is liquid gold. Scientists hope that work isn't flushed away",NA,21,21,0.87,2022-09-18 02:30:58,"en",0.0461349282252636,"neutral",7,"post","Cross-border spread of strains, personal accounts of severe symptoms, and critiques of institutional response delays and inequities.","Cross-border spread, severe cases"
"r/Monkeypox","https://www.reddit.com/r/Monkeypox/comments/xgyezf/monkeypox_virus_infections_in_southern_italy_is/","Monkeypox Virus Infections in Southern Italy: Is There a Risk for Community Spread?",NA,8,8,0.84,2022-09-17 21:37:54,"en",-0.249721159249226,"negative",9,"post","Sociopolitical reactions dominate, including stigma, naming controversies, and comparisons to past pandemics, alongside frustration with institutional mismanagement.","Stigma, naming debates"
"r/Monkeypox","https://www.reddit.com/r/Monkeypox/comments/xg9krr/mainland_china_reports_first_imported_monkeypox/","Mainland China reports first imported monkeypox case",NA,38,38,0.87,2022-09-17 01:57:44,"en",0,"neutral",8,"post","Scientific/policy debates on mutations and reinfection, stigma’s role in public perception, and advocacy for marginalized groups amid systemic gaps.","Mutations, reinfection risks"
"r/Monkeypox","https://www.reddit.com/r/Monkeypox/comments/xge8sz/findings_on_the_monkeypox_exposure_mitigation/","Findings on the Monkeypox Exposure Mitigation Strategies Employed by Men Who Have Sex with Men and Transgender Women in the United States - Archives of Sexual Behavior",NA,10,10,0.74,2022-09-17 05:49:36,"en",0.0642107364039611,"neutral",1,"post","Discussions focus on global mpox transmission concerns, public health responses (especially vaccine distribution and messaging), and stigma, with emphasis on LGBTQ+ communities and personal experiences of symptoms/issues.","Transmission, stigma, vaccines"
"r/Monkeypox","https://www.reddit.com/r/Monkeypox/comments/xey7am/as_monkeypox_eases_in_the_west_nothing_has/","As Monkeypox Eases in the West, ""Nothing Has Changed"" for Africa, Where Doctors Remain Helpless",NA,118,118,0.95,2022-09-15 14:26:16,"en",-0.0211343406773602,"neutral",6,"post","Emergence of high-risk mpox variants (e.g., Clade I), underreported global spread, and debates over containment strategies beyond MSM communities.","New variants, containment struggles"
"r/Monkeypox","https://www.reddit.com/r/Monkeypox/comments/xe64z5/why_monkeypox_wasnt_another_covid19/","Why Monkeypox Wasn’t Another COVID-19",NA,87,87,0.85,2022-09-14 16:18:19,"en",0,"neutral",8,"post","Scientific/policy debates on mutations and reinfection, stigma’s role in public perception, and advocacy for marginalized groups amid systemic gaps.","Mutations, reinfection risks"
"r/Monkeypox","https://www.reddit.com/r/Monkeypox/comments/xeaml5/study_highlights_the_efficacy_of_mvabn_booster/","Study highlights the efficacy of MVA-BN booster vaccination in inducing durable B cell memory responses against monkeypox",NA,18,18,0.88,2022-09-14 19:18:20,"en",0.257239002821982,"positive",4,"post","Criticism of systemic public health failures (e.g., vaccine disparities, bureaucratic delays) and anxiety about broadening transmission (e.g., pediatric cases, workplaces).","Systemic failures, inequity"
"r/Monkeypox","https://www.reddit.com/r/Monkeypox/comments/xdhhw5/first_us_death_from_monkeypox_confirmed_in_los/","First U.S. death from monkeypox confirmed in Los Angeles County",NA,156,156,0.98,2022-09-13 20:19:58,"en",-0.0411326547571871,"neutral",8,"post","Scientific/policy debates on mutations and reinfection, stigma’s role in public perception, and advocacy for marginalized groups amid systemic gaps.","Mutations, reinfection risks"
"r/Monkeypox","https://www.reddit.com/r/Monkeypox/comments/xdfhmf/retrospective_analysis_revealed_an_april/","Retrospective Analysis Revealed an April Occurrence of Monkeypox in the Czech Republic",NA,29,29,0.94,2022-09-13 18:59:10,"en",0,"neutral",5,"post","Fears of mpox resurgence or endemicity, debates over vaccine strategies, and critiques of global disparities in outbreak response.","Resurgence fears, global disparities"
"r/Monkeypox","https://www.reddit.com/r/Monkeypox/comments/xdempq/will_existing_vaccines_be_effective_against/","Will existing vaccines be effective against current monkeypox variants?",NA,20,20,0.79,2022-09-13 18:25:28,"en",0.145516354624871,"positive",4,"post","Criticism of systemic public health failures (e.g., vaccine disparities, bureaucratic delays) and anxiety about broadening transmission (e.g., pediatric cases, workplaces).","Systemic failures, inequity"
"r/Monkeypox","https://www.reddit.com/r/Monkeypox/comments/xdbp0g/how_deadly_is_monkeypox_what_scientists_know/","How deadly is monkeypox? What scientists know",NA,10,10,0.78,2022-09-13 16:13:03,"en",-0.183092320256793,"negative",1,"post","Discussions focus on global mpox transmission concerns, public health responses (especially vaccine distribution and messaging), and stigma, with emphasis on LGBTQ+ communities and personal experiences of symptoms/issues.","Transmission, stigma, vaccines"
"r/Monkeypox","https://www.reddit.com/r/Monkeypox/comments/xcp72x/im_living_from_day_to_day_isolating_for_mpx_can/","'I'm living from day to day': Isolating for MPX can put people out of work for weeks",NA,69,69,0.88,2022-09-12 21:47:08,"en",0.0330870937705798,"neutral",2,"post","Debates center on mpox spread among MSM, vaccine access challenges, and comparisons to COVID-19, alongside personal symptom accounts and frustration with public health failures.","MSM focus, vaccine inequity"
"r/Monkeypox","https://www.reddit.com/r/Monkeypox/comments/xchx30/weekly_discussion_september_12th_september_18th/","Weekly Discussion | September 12th - September 18th, 2022","**Weekly Discussion | Week of September 12th- September 18th, 2022**

This thread is for general discussion about Monkeypox Virus and the ongoing outbreak of 2022. Please use this space to post anecdotes, ask questions, and hold other conversations that are not directly related to the topic of another standalone post.

The moderation of content in this thread will be more relaxed in regard to staying on-topic and posting about personal experiences and opinions is allowed, however the rules of [r/Monkeypox](https://www.reddit.com/r/Monkeypox/) still apply.

In particular, please remember rule #9; this subreddit is not an appropriate place to seek or supply medical advice. If you are concerned about your health, talk to a licensed medical provider.

In case you missed it, catch up on last week’s discussion [here.](https://www.reddit.com/r/Monkeypox/comments/x5gxwm/weekly_discussion_september_4th_september_11th/?utm_source=share&amp;utm_medium=ios_app&amp;utm_name=iossmf)",6,6,0.8,2022-09-12 16:53:04,"en",0.182769807660981,"positive",7,"post","Cross-border spread of strains, personal accounts of severe symptoms, and critiques of institutional response delays and inequities.","Cross-border spread, severe cases"
"r/Monkeypox","https://www.reddit.com/r/Monkeypox/comments/xc2313/neurological_and_psychiatric_presentations/","Neurological and psychiatric presentations associated with human monkeypox virus infection: A systematic review and meta-analysis",NA,13,13,0.85,2022-09-12 03:28:07,"en",-0.170526978076021,"negative",2,"post","Debates center on mpox spread among MSM, vaccine access challenges, and comparisons to COVID-19, alongside personal symptom accounts and frustration with public health failures.","MSM focus, vaccine inequity"
"r/Monkeypox","https://www.reddit.com/r/Monkeypox/comments/xc1ylq/vaccines_free_fulltext_preventing_the_next/","Vaccines | Free Full-Text | Preventing the Next Pandemic: Is Live Vaccine Efficacious against Monkeypox, or Is There a Need for Killed Virus and mRNA Vaccines? | HTML",NA,14,14,0.94,2022-09-12 03:21:41,"en",-0.0634720043556882,"neutral",9,"post","Sociopolitical reactions dominate, including stigma, naming controversies, and comparisons to past pandemics, alongside frustration with institutional mismanagement.","Stigma, naming debates"
"r/Monkeypox","https://www.reddit.com/r/Monkeypox/comments/xbc8y3/us_clinical_trial_evaluating_antiviral_for/","U.S. clinical trial evaluating antiviral for monkeypox begins",NA,41,41,0.92,2022-09-11 07:31:25,"en",0,"neutral",3,"post","Post-peak concerns include declining cases, lingering public health challenges (e.g., misinformation, isolation fatigue), and scientific analyses of mutations/long-term impacts.","Post-outbreak issues, mutations"
"r/Monkeypox","https://www.reddit.com/r/Monkeypox/comments/xb1bec/monkeypox_cases_dropping_but_racial_disparities/","Monkeypox cases dropping, but racial disparities growing",NA,34,34,0.87,2022-09-10 22:02:06,"en",0.37125008295759,"positive",3,"post","Post-peak concerns include declining cases, lingering public health challenges (e.g., misinformation, isolation fatigue), and scientific analyses of mutations/long-term impacts.","Post-outbreak issues, mutations"
"r/Monkeypox","https://www.reddit.com/r/Monkeypox/comments/xb1emv/only_3500_doses_of_monkeypox_vaccine_made/","Only 3,500 doses of monkeypox vaccine made available to Jamaica",NA,20,20,0.88,2022-09-10 22:06:04,"en",0.145516354624871,"positive",3,"post","Post-peak concerns include declining cases, lingering public health challenges (e.g., misinformation, isolation fatigue), and scientific analyses of mutations/long-term impacts.","Post-outbreak issues, mutations"
"r/Monkeypox","https://www.reddit.com/r/Monkeypox/comments/xb213i/human_monkeypox_virus_infection_in_an/","Human monkeypox virus infection in an immunocompromised man: trial with tecovirimat",NA,16,16,0.87,2022-09-10 22:33:26,"en",-0.205663273785936,"negative",2,"post","Debates center on mpox spread among MSM, vaccine access challenges, and comparisons to COVID-19, alongside personal symptom accounts and frustration with public health failures.","MSM focus, vaccine inequity"
"r/Monkeypox","https://www.reddit.com/r/Monkeypox/comments/x9nn0a/us_may_expand_monkeypox_vaccine_eligibility_to/","US may expand monkeypox vaccine eligibility to men with HIV",NA,62,62,0.97,2022-09-09 06:09:57,"en",0.0172561169032264,"neutral",6,"post","Emergence of high-risk mpox variants (e.g., Clade I), underreported global spread, and debates over containment strategies beyond MSM communities.","New variants, containment struggles"
"r/Monkeypox","https://www.reddit.com/r/Monkeypox/comments/x9ebli/were_anu_hazra_a_doctor_treating_monkeypox/","We’re Anu Hazra, a doctor treating monkeypox patients, and Fenit Nirappil, a Washington Post reporter covering the monkeypox outbreak. Ask us anything.",NA,39,39,0.91,2022-09-08 22:48:51,"en",-0.0873401331738348,"neutral",3,"post","Post-peak concerns include declining cases, lingering public health challenges (e.g., misinformation, isolation fatigue), and scientific analyses of mutations/long-term impacts.","Post-outbreak issues, mutations"
"r/Monkeypox","https://www.reddit.com/r/Monkeypox/comments/x891an/monkeypox_cases_are_falling_but_experts_warn_that/","Monkeypox cases are falling, but experts warn that the outbreak is not over",NA,25,25,0.78,2022-09-07 16:07:12,"en",-0.0964831751644735,"neutral",1,"post","Discussions focus on global mpox transmission concerns, public health responses (especially vaccine distribution and messaging), and stigma, with emphasis on LGBTQ+ communities and personal experiences of symptoms/issues.","Transmission, stigma, vaccines"
"r/Monkeypox","https://www.reddit.com/r/Monkeypox/comments/x89nhk/how_monkeypox_spoiled_gay_mens_plans_for_an/","How monkeypox spoiled gay men's plans for an invincible summer",NA,22,22,0.62,2022-09-07 16:31:09,"en",-0.0603964091612923,"neutral",8,"post","Scientific/policy debates on mutations and reinfection, stigma’s role in public perception, and advocacy for marginalized groups amid systemic gaps.","Mutations, reinfection risks"
"r/Monkeypox","https://www.reddit.com/r/Monkeypox/comments/x88pbi/monkeypox_vaccine_administration_in_the_us/","Monkeypox Vaccine Administration in the U.S.",NA,16,16,0.83,2022-09-07 15:54:24,"en",0,"neutral",8,"post","Scientific/policy debates on mutations and reinfection, stigma’s role in public perception, and advocacy for marginalized groups amid systemic gaps.","Mutations, reinfection risks"
"r/Monkeypox","https://www.reddit.com/r/Monkeypox/comments/x88jru/the_biden_administration_is_gambling_that_a/","The Biden administration is gambling that a little-studied vaccine can stop monkeypox",NA,12,12,0.71,2022-09-07 15:48:07,"en",-0.0499442318498451,"neutral",8,"post","Scientific/policy debates on mutations and reinfection, stigma’s role in public perception, and advocacy for marginalized groups amid systemic gaps.","Mutations, reinfection risks"
"r/Monkeypox","https://www.reddit.com/r/Monkeypox/comments/x7ppri/neurological_manifestations_associated_with/","Neurological manifestations associated with monkeypox infection",NA,24,24,0.83,2022-09-06 23:49:39,"en",-0.16708163346601,"negative",1,"post","Discussions focus on global mpox transmission concerns, public health responses (especially vaccine distribution and messaging), and stigma, with emphasis on LGBTQ+ communities and personal experiences of symptoms/issues.","Transmission, stigma, vaccines"
"r/Monkeypox","https://www.reddit.com/r/Monkeypox/comments/x5gxwm/weekly_discussion_september_4th_september_11th/","Weekly Discussion | September 4th- September 11th, 2022","**Weekly Discussion | Week of September 4th- September 11th, 2022**

This thread is for general discussion about Monkeypox Virus and the ongoing outbreak of 2022. Please use this space to post anecdotes, ask questions, and hold other conversations that are not directly related to the topic of another standalone post.

The moderation of content in this thread will be more relaxed in regard to staying on-topic and posting about personal experiences and opinions is allowed, however the rules of [r/Monkeypox](https://www.reddit.com/r/Monkeypox/) still apply.

In particular, please remember rule #9; this subreddit is not an appropriate place to seek or supply medical advice. If you are concerned about your health, talk to a licensed medical provider.

In case you missed it, catch up on last week’s discussion [here.](https://www.reddit.com/r/Monkeypox/comments/wz32ch/weekly_discussion_august_27th_september_3rd_2022/)",12,12,0.76,2022-09-04 07:31:30,"en",0.172554531029108,"positive",2,"post","Debates center on mpox spread among MSM, vaccine access challenges, and comparisons to COVID-19, alongside personal symptom accounts and frustration with public health failures.","MSM focus, vaccine inequity"
"r/Monkeypox","https://www.reddit.com/r/Monkeypox/comments/x4rdbv/09022022_lab_alert_mpxv_tnf_receptor_gene/","09/02/2022: Lab Alert: MPXV TNF Receptor Gene Deletion May Lead to False Negative Results with Some MPXV Specific LDTs",NA,51,51,0.95,2022-09-03 10:39:42,"en",-0.218653152398685,"negative",1,"post","Discussions focus on global mpox transmission concerns, public health responses (especially vaccine distribution and messaging), and stigma, with emphasis on LGBTQ+ communities and personal experiences of symptoms/issues.","Transmission, stigma, vaccines"
"r/Monkeypox","https://www.reddit.com/r/Monkeypox/comments/x4kw8f/viruses_free_fulltext_monkeypox_goes_north/","Viruses | Free Full-Text | Monkeypox Goes North: Ongoing Worldwide Monkeypox Infections in Humans | HTML",NA,20,20,0.91,2022-09-03 03:55:53,"en",-0.0729204031042722,"neutral",5,"post","Fears of mpox resurgence or endemicity, debates over vaccine strategies, and critiques of global disparities in outbreak response.","Resurgence fears, global disparities"
"r/Monkeypox","https://www.reddit.com/r/Monkeypox/comments/x4dpxe/modeling_the_impact_of_sexual_networks_in_the/","Modeling the Impact of Sexual Networks in the Transmission of Monkeypox virus Among Gay, Bisexual, and Other Men Who Have Sex With Men — United States, 2022",NA,20,20,0.82,2022-09-02 22:00:37,"en",0.0109137265968653,"neutral",4,"post","Criticism of systemic public health failures (e.g., vaccine disparities, bureaucratic delays) and anxiety about broadening transmission (e.g., pediatric cases, workplaces).","Systemic failures, inequity"
"r/Monkeypox","https://www.reddit.com/r/Monkeypox/comments/x45s8l/pain_fear_stigma_what_people_who_survived/","Pain, Fear, Stigma: What People Who Survived Monkeypox Want You to Know",NA,44,44,0.89,2022-09-02 16:23:58,"en",-0.252041719542487,"negative",3,"post","Post-peak concerns include declining cases, lingering public health challenges (e.g., misinformation, isolation fatigue), and scientific analyses of mutations/long-term impacts.","Post-outbreak issues, mutations"
"r/Monkeypox","https://www.reddit.com/r/Monkeypox/comments/x47hf1/cdc_technical_report_report_2/","CDC, Technical report, Report 2",NA,13,13,0.85,2022-09-02 17:33:07,"en",0,"neutral",8,"post","Scientific/policy debates on mutations and reinfection, stigma’s role in public perception, and advocacy for marginalized groups amid systemic gaps.","Mutations, reinfection risks"
"r/Monkeypox","https://www.reddit.com/r/Monkeypox/comments/x3t7sw/low_levels_of_monkeypox_virus_neutralizing/","Low levels of monkeypox virus neutralizing antibodies after MVA-BN vaccination in healthy individuals",NA,57,57,0.94,2022-09-02 05:24:59,"en",0.0364602015521361,"neutral",8,"post","Scientific/policy debates on mutations and reinfection, stigma’s role in public perception, and advocacy for marginalized groups amid systemic gaps.","Mutations, reinfection risks"
"r/Monkeypox","https://www.reddit.com/r/Monkeypox/comments/x3gwk9/another_academic_publisher_launches_free/","Another academic publisher launches free monkeypox hub",NA,81,81,0.92,2022-09-01 19:55:18,"en",0.185625041478795,"positive",4,"post","Criticism of systemic public health failures (e.g., vaccine disparities, bureaucratic delays) and anxiety about broadening transmission (e.g., pediatric cases, workplaces).","Systemic failures, inequity"
"r/Monkeypox","https://www.reddit.com/r/Monkeypox/comments/x3jq9b/please_read_our_policy_on_pediatric_and/","Please Read | Our Policy on Pediatric and Occupation/Location Based Posts","**Hi r/Monkeypox! We on the Mod Team here have been noticing lately an uptick in the number of posts we see that look like this:**

&gt;*“X person in Y setting (school/prison/city council/daycare/laundromat/pool/airplane/whatever) tests positive for MPX.”*

Or news stories that are just reporting individual isolated pediatric cases.

**For the sake of discussion, Let’s call these:**

* Occupation/Location Posts

* Isolated Pediatric Posts  

##Why These Posts Are Problematic

Invariably, these stories offer little in the way of evidence that there is cause for public concern, but as a result of the way they are framed—typically as “news”, despite having more in common with tabloid pieces—they fan the fears of casual observers.

Rarely in these cases is there any in-depth investigation or follow-up reporting to inform readers of outcomes, verify information or correct mistakes. 

Comments on these posts are often low effort—and promote betting/wagering, score keeping, bickering, and premature premonitions/predictions.

We have been working hard to moderate with transparency here, so we want to clarify our policy on posts like this, and share our rationale.

###To clarify, posts like this are not allowed.  

***While we have been lenient in the past, we will be removing these kinds of posts moving forward based on either Rule #3 or Rule #6–whichever most closely applies.*** Here is why:

***

##Isolated Pediatric Posts:

**Some people are going to get monkeypox.**

We have to accept that some people—of all ages, ethnicities, nationalities, and sexualities —are going to get monkeypox. That is the reality of a pandemic. Period.

There is no demographic that is inherently impervious to this pathogen. Risk of exposure varies greatly between population groups, but what we know is that given the opportunity to do so—MPX infects people. 

**Kids are people.**

A few weeks ago, when cases had not yet been reported in children, news of a child having monkeypox was in of itself noteworthy. That is no longer the case.

**Some kids are going to get monkeypox.**

This is not a question we need ponder any longer. It has occurred. Some children have gotten it already and some more will get it in the weeks and months to come.

Recognizing that fact, we are raising the bar in terms of what qualifies as “noteworthy” for pediatric cases—

In the U.S., the first of such cases were reported over a month ago. Since then there have been widespread, albeit sporadic and isolated cases in localities across the country. Other countries around the world have likewise reported that a small number of their cases are in children. This is by no means common, but it is also not new.

Most have been a result of household transmission. There have not been any clusters of related cases identified at this point despite constant concerns this could occur. If it were to occur, that would be noteworthy— but we are not there yet.

#Bottom line: 

***Assume that the same expectations we have for “adult” case-count posts, also apply to “pediatric” cases. If a post is solely about an isolated case in X place— it will be removed.***

***Only posts that contain some information of substance/credible evidence of child to child transmission outside the home will be permitted. Something more than “hey look, this kid is sick.”***

***

##Occupation/Location Posts

We’ve seen similar posts of isolated cases in individuals working in certain industries or settings which people speculate pose a high risk for “spillover” (school teachers, factory workers, flight attendants, campers, festival goers etc).

Ostensibly these incidents are newsworthy because they portend a potential outbreak is about to occur in that particular setting— preying on fears that we are just one case in just the right place away from monkeypox “getting out”.

**If you haven’t noticed, monkeypox is here.**

Those waiting for the other shoe to drop have missed the memo— and the *“just wait until it gets into X…”* mentality has got to go.

Over 50,000 people, many of whom are gay, bi or queer— marginalized by society as it is—have been stricken by a serious disease, left largely to suffer in silence for fear of stigma, while searching for medical care so scarce that it must be rationed. More men (—and yes) women and children join their ranks every day.

**“As long as it stays in the gays it’s okay”**

The queer community does not exist in some imagined cordon sanitaire—so if you are waiting for this to be at your doorstep before you care, *knock knock.*

**Gay, bi and queer people are people.**

People who don’t deserve to be demonized, ostracized and ogled at for cheap clicks. People whose privacy should be respected—not subjected to public speculation. People who deserve to be treated with dignity, not surveilled with suspicion. 

**People**, like you and me.

Articles that leer at the victims of this disease, rapt with anticipation they might pose a risk to “the rest of us”—are irresponsible and frankly, fucked up.

To pay attention to these people only if and when they work in a job that brings them “close” to kids, the elderly, or some other group perceived to be vulnerable (ergo worth caring about)—is to paint queer people as a threat. It furthers the notion that hiring queer people poses a risk. It makes people wonder *if it is even safe* to be near queer people. 

And that is very dangerous.

#Bottom line:

***We are not going to allow posts that report only on the place a person with monkeypox worked, lived, or spent time, in the absence of evidence suggesting that sustained transmission has occurred in that setting.***",17,17,0.69,2022-09-01 21:53:17,"en",-0.0516233543364888,"neutral",8,"post","Scientific/policy debates on mutations and reinfection, stigma’s role in public perception, and advocacy for marginalized groups amid systemic gaps.","Mutations, reinfection risks"
"r/Monkeypox","https://www.reddit.com/r/Monkeypox/comments/x2j4nx/monkeypox_at_the_gym_should_you_sweat_it/","Monkeypox at the gym: Should you sweat it?",NA,84,84,0.88,2022-08-31 17:17:31,"en",0,"neutral",2,"post","Debates center on mpox spread among MSM, vaccine access challenges, and comparisons to COVID-19, alongside personal symptom accounts and frustration with public health failures.","MSM focus, vaccine inequity"
"r/Monkeypox","https://www.reddit.com/r/Monkeypox/comments/x267vb/monkeypox_safety_measures_will_be_put_to_the_test/","Monkeypox safety measures will be put to the test at New Orleans’ Labor Day festival",NA,19,19,0.95,2022-08-31 06:25:47,"en",0.239522527676749,"positive",2,"post","Debates center on mpox spread among MSM, vaccine access challenges, and comparisons to COVID-19, alongside personal symptom accounts and frustration with public health failures.","MSM focus, vaccine inequity"
"r/Monkeypox","https://www.reddit.com/r/Monkeypox/comments/x1mqfw/biden_administration_injects_11m_into_monkeypox/","Biden administration injects $11M into monkeypox vaccine production",NA,145,145,0.92,2022-08-30 15:57:06,"en",0.0192929252116487,"neutral",8,"post","Scientific/policy debates on mutations and reinfection, stigma’s role in public perception, and advocacy for marginalized groups amid systemic gaps.","Mutations, reinfection risks"
"r/Monkeypox","https://www.reddit.com/r/Monkeypox/comments/x1mrai/new_hampshire_expands_eligibility_for_monkeypox/","New Hampshire expands eligibility for monkeypox vaccine",NA,21,21,0.96,2022-08-30 15:58:01,"en",0.24750005530506,"positive",8,"post","Scientific/policy debates on mutations and reinfection, stigma’s role in public perception, and advocacy for marginalized groups amid systemic gaps.","Mutations, reinfection risks"
"r/Monkeypox","https://www.reddit.com/r/Monkeypox/comments/x1j9z6/monkeypox_outbreak_can_be_eliminated_in_europe/","Monkeypox outbreak can be eliminated in Europe, WHO says",NA,29,29,0.91,2022-08-30 13:33:14,"en",-0.190990215445144,"negative",8,"post","Scientific/policy debates on mutations and reinfection, stigma’s role in public perception, and advocacy for marginalized groups amid systemic gaps.","Mutations, reinfection risks"
"r/Monkeypox","https://www.reddit.com/r/Monkeypox/comments/x1r2jy/monkeypox_outbreak_epidemiological_overview_30/","Monkeypox outbreak: epidemiological overview, 30 August 2022 (UK)",NA,6,6,0.72,2022-08-30 18:49:09,"en",-0.178220409030411,"negative",9,"post","Sociopolitical reactions dominate, including stigma, naming controversies, and comparisons to past pandemics, alongside frustration with institutional mismanagement.","Stigma, naming debates"
"r/Monkeypox","https://www.reddit.com/r/Monkeypox/comments/x1h0zx/10_key_questions_about_monkeypox_the_world_needs/","10 key questions about monkeypox the world needs to answer",NA,17,17,0.95,2022-08-30 11:50:47,"en",0,"neutral",6,"post","Emergence of high-risk mpox variants (e.g., Clade I), underreported global spread, and debates over containment strategies beyond MSM communities.","New variants, containment struggles"
"r/Monkeypox","https://www.reddit.com/r/Monkeypox/comments/x1msp2/monkeypox_vaccine_strategy_shift_yields_more/","Monkeypox vaccine strategy shift yields more supply for some, hurdles for others",NA,6,6,0.8,2022-08-30 15:59:37,"en",0,"neutral",3,"post","Post-peak concerns include declining cases, lingering public health challenges (e.g., misinformation, isolation fatigue), and scientific analyses of mutations/long-term impacts.","Post-outbreak issues, mutations"
"r/Monkeypox","https://www.reddit.com/r/Monkeypox/comments/x17ufa/harris_county_resident_with_various_illnesses/","Harris County resident with various illnesses, including a presumptive positive case of monkeypox, dies, health officials confirm",NA,58,58,0.95,2022-08-30 02:58:32,"en",-0.0595567687870437,"neutral",9,"post","Sociopolitical reactions dominate, including stigma, naming controversies, and comparisons to past pandemics, alongside frustration with institutional mismanagement.","Stigma, naming debates"
"r/Monkeypox","https://www.reddit.com/r/Monkeypox/comments/x0w83g/a_mouse_model_of_lethal_infection_for_evaluating/","A Mouse Model of Lethal Infection for Evaluating Prophylactics and Therapeutics against Monkeypox Virus",NA,9,9,0.76,2022-08-29 18:36:41,"en",-0.0510442821729906,"neutral",9,"post","Sociopolitical reactions dominate, including stigma, naming controversies, and comparisons to past pandemics, alongside frustration with institutional mismanagement.","Stigma, naming debates"
"r/Monkeypox","https://www.reddit.com/r/Monkeypox/comments/x02jct/strategies_adopted_by_gay_bisexual_and_other_men/","Strategies Adopted by Gay, Bisexual, and Other Men Who Have Sex with Men to Prevent Monkeypox virus Transmission",NA,52,52,0.81,2022-08-28 18:36:49,"en",-0.0836026759171443,"neutral",6,"post","Emergence of high-risk mpox variants (e.g., Clade I), underreported global spread, and debates over containment strategies beyond MSM communities.","New variants, containment struggles"
"r/Monkeypox","https://www.reddit.com/r/Monkeypox/comments/x0789k/perceptions_of_monkeypox_from_those_most_at_risk/","Perceptions of monkeypox from those most at risk: men who have sex with men having multiple sexual partners",NA,14,14,0.68,2022-08-28 21:54:51,"en",-0.160774376763739,"negative",5,"post","Fears of mpox resurgence or endemicity, debates over vaccine strategies, and critiques of global disparities in outbreak response.","Resurgence fears, global disparities"
"r/Monkeypox","https://www.reddit.com/r/Monkeypox/comments/wzv3ij/clinical_presentation_viral_kinetics_and/","Clinical presentation, viral kinetics and management of human monkeypox cases from New Delhi, India 2022",NA,12,12,0.87,2022-08-28 13:07:55,"en",0.175008967450253,"positive",8,"post","Scientific/policy debates on mutations and reinfection, stigma’s role in public perception, and advocacy for marginalized groups amid systemic gaps.","Mutations, reinfection risks"
"r/Monkeypox","https://www.reddit.com/r/Monkeypox/comments/wzjygm/what_we_know_about_breakthrough_monkeypox_cases/","What We Know About Breakthrough Monkeypox Cases",NA,44,44,0.89,2022-08-28 02:15:43,"en",0.103125023043775,"positive",1,"post","Discussions focus on global mpox transmission concerns, public health responses (especially vaccine distribution and messaging), and stigma, with emphasis on LGBTQ+ communities and personal experiences of symptoms/issues.","Transmission, stigma, vaccines"
"r/Monkeypox","https://www.reddit.com/r/Monkeypox/comments/wz32ch/weekly_discussion_august_27th_september_3rd_2022/","Weekly Discussion | August 27th- September 3rd, 2022","**Weekly Discussion | Week of August 27h- September 3rd, 2022**

This thread is for general discussion about Monkeypox Virus and the ongoing outbreak of 2022. Please use this space to post anecdotes, ask questions, and hold other conversations that are not directly related to the topic of another standalone post.

The moderation of content in this thread will be more relaxed in regard to staying on-topic and posting about personal experiences and opinions is allowed, however the rules of [r/Monkeypox](https://www.reddit.com/r/Monkeypox/) still apply.

In particular, please remember rule #9; this subreddit is not an appropriate place to seek or supply medical advice. If you are concerned about your health, talk to a licensed medical provider.

In case you missed it, catch up on last week’s discussion [here.](https://www.reddit.com/r/Monkeypox/comments/wremnj/weekly_discussion_august_18th25th_2022/)",12,12,1,2022-08-27 13:36:27,"en",0.172867762274502,"positive",5,"post","Fears of mpox resurgence or endemicity, debates over vaccine strategies, and critiques of global disparities in outbreak response.","Resurgence fears, global disparities"
"r/Monkeypox","https://www.reddit.com/r/Monkeypox/comments/wxfy2u/who_monkeypox_cases_dropped_21_over_last_week/","WHO: Monkeypox cases dropped 21% over last week",NA,334,334,0.98,2022-08-25 14:37:55,"en",0,"neutral",9,"post","Sociopolitical reactions dominate, including stigma, naming controversies, and comparisons to past pandemics, alongside frustration with institutional mismanagement.","Stigma, naming debates"
"r/Monkeypox","https://www.reddit.com/r/Monkeypox/comments/wxnqib/sparrows_treatment_of_monkeypox_patient_raises/","Sparrow’s treatment of monkeypox patient raises questions: Health System offers no explanation for treatment of Black trans woman",NA,13,13,0.71,2022-08-25 19:53:25,"en",0.0938917723680949,"neutral",7,"post","Cross-border spread of strains, personal accounts of severe symptoms, and critiques of institutional response delays and inequities.","Cross-border spread, severe cases"
"r/Monkeypox","https://www.reddit.com/r/Monkeypox/comments/wwwri0/why_san_francisco_is_cautiously_optimistic_the/","Why San Francisco is ‘cautiously optimistic’ the monkeypox outbreak is slowing",NA,113,113,0.95,2022-08-24 22:27:26,"en",-0.0493591857086246,"neutral",1,"post","Discussions focus on global mpox transmission concerns, public health responses (especially vaccine distribution and messaging), and stigma, with emphasis on LGBTQ+ communities and personal experiences of symptoms/issues.","Transmission, stigma, vaccines"
"r/Monkeypox","https://www.reddit.com/r/Monkeypox/comments/wwy5tb/monkeypox_cases_in_chicago_start_to_plateau_citys/","Monkeypox cases in Chicago start to plateau, city's top doctor says",NA,59,59,0.92,2022-08-24 23:26:49,"en",0.164530619028749,"positive",8,"post","Scientific/policy debates on mutations and reinfection, stigma’s role in public perception, and advocacy for marginalized groups amid systemic gaps.","Mutations, reinfection risks"
"r/Monkeypox","https://www.reddit.com/r/Monkeypox/comments/wvshoo/brazil_has_77_cases_of_monkeypox_in_children_and/","Brazil has 77 cases of monkeypox in children and adolescents; know the risks - World Stock Market",NA,173,173,0.95,2022-08-23 15:59:08,"en",-0.0352239011289337,"neutral",2,"post","Debates center on mpox spread among MSM, vaccine access challenges, and comparisons to COVID-19, alongside personal symptom accounts and frustration with public health failures.","MSM focus, vaccine inequity"
"r/Monkeypox","https://www.reddit.com/r/Monkeypox/comments/wvzzgc/more_data_needed_on_monkeypox_hiv_coinfection/","More Data Needed on Monkeypox, HIV Co-Infection | MedPage Today",NA,40,40,0.9,2022-08-23 21:02:00,"en",-0.129420876774198,"negative",3,"post","Post-peak concerns include declining cases, lingering public health challenges (e.g., misinformation, isolation fatigue), and scientific analyses of mutations/long-term impacts.","Post-outbreak issues, mutations"
"r/Monkeypox","https://www.reddit.com/r/Monkeypox/comments/wv3jch/early_estimates_of_the_incidence_trend_and_the/","Early estimates of the incidence trend and the reproductive number of the monkeypox epidemic in Brazil",NA,18,18,0.95,2022-08-22 20:00:20,"en",0.0341053956152042,"neutral",8,"post","Scientific/policy debates on mutations and reinfection, stigma’s role in public perception, and advocacy for marginalized groups amid systemic gaps.","Mutations, reinfection risks"
"r/Monkeypox","https://www.reddit.com/r/Monkeypox/comments/wtsjyu/monkeypox_87_of_household_samples_still/","Monkeypox: 87% of household samples still contaminated after 15 days",NA,223,223,0.92,2022-08-21 06:25:37,"en",0.0192929252116487,"neutral",7,"post","Cross-border spread of strains, personal accounts of severe symptoms, and critiques of institutional response delays and inequities.","Cross-border spread, severe cases"
"r/Monkeypox","https://www.reddit.com/r/Monkeypox/comments/wtq286/first_case_of_monkeypox_virus_sarscov2_and_hiv/","First case of monkeypox virus, SARS-CoV-2 and HIV co-infection",NA,150,150,0.97,2022-08-21 04:03:04,"en",-0.205663273785936,"negative",1,"post","Discussions focus on global mpox transmission concerns, public health responses (especially vaccine distribution and messaging), and stigma, with emphasis on LGBTQ+ communities and personal experiences of symptoms/issues.","Transmission, stigma, vaccines"
"r/Monkeypox","https://www.reddit.com/r/Monkeypox/comments/wtlmhb/indonesia_confirms_first_monkeypox_case_in/","Indonesia confirms first monkeypox case in citizen returning from abroad",NA,25,25,0.96,2022-08-21 00:17:46,"en",0,"neutral",2,"post","Debates center on mpox spread among MSM, vaccine access challenges, and comparisons to COVID-19, alongside personal symptom accounts and frustration with public health failures.","MSM focus, vaccine inequity"
"r/Monkeypox","https://www.reddit.com/r/Monkeypox/comments/wt923l/purpose_of_home_disinfection/","Purpose of Home Disinfection",NA,45,45,0.88,2022-08-20 14:56:12,"en",0,"neutral",2,"post","Debates center on mpox spread among MSM, vaccine access challenges, and comparisons to COVID-19, alongside personal symptom accounts and frustration with public health failures.","MSM focus, vaccine inequity"
"r/Monkeypox","https://www.reddit.com/r/Monkeypox/comments/wsu8pe/lack_of_high_quality_clinical_guidelines_for/","Lack of ‘high quality’ clinical guidelines for monkeypox may be hurting treatment efforts, researchers say",NA,54,54,0.9,2022-08-20 01:05:02,"en",-0.140895604515735,"negative",3,"post","Post-peak concerns include declining cases, lingering public health challenges (e.g., misinformation, isolation fatigue), and scientific analyses of mutations/long-term impacts.","Post-outbreak issues, mutations"
"r/Monkeypox","https://www.reddit.com/r/Monkeypox/comments/wsdcuz/chicago_expands_monkeypox_vaccine_access_oks/","Chicago expands monkeypox vaccine access, OKs second doses as supply grows",NA,144,144,0.96,2022-08-19 12:56:35,"en",0.0658122476114994,"neutral",5,"post","Fears of mpox resurgence or endemicity, debates over vaccine strategies, and critiques of global disparities in outbreak response.","Resurgence fears, global disparities"
"r/Monkeypox","https://www.reddit.com/r/Monkeypox/comments/wsn5x7/the_monkeypox_treatment_and_whats_coming_a/","The monkeypox treatment and what's coming: A conversation with the CEO making Tpoxx",NA,9,9,0.92,2022-08-19 19:51:02,"en",-0.0378365392801857,"neutral",8,"post","Scientific/policy debates on mutations and reinfection, stigma’s role in public perception, and advocacy for marginalized groups amid systemic gaps.","Mutations, reinfection risks"
"r/Monkeypox","https://www.reddit.com/r/Monkeypox/comments/wrti2d/deal_struck_to_expedite_production_of_monkeypox/","Deal struck to expedite production of monkeypox vaccines in U.S.",NA,231,231,0.96,2022-08-18 20:12:55,"en",0.0164530619028749,"neutral",5,"post","Fears of mpox resurgence or endemicity, debates over vaccine strategies, and critiques of global disparities in outbreak response.","Resurgence fears, global disparities"
"r/Monkeypox","https://www.reddit.com/r/Monkeypox/comments/ws5d1x/study_cases_of_people_with_severe_anal_pain/","Study cases of people with severe anal pain",NA,39,39,0.93,2022-08-19 05:14:30,"en",-0.420585769613941,"negative",1,"post","Discussions focus on global mpox transmission concerns, public health responses (especially vaccine distribution and messaging), and stigma, with emphasis on LGBTQ+ communities and personal experiences of symptoms/issues.","Transmission, stigma, vaccines"
"r/Monkeypox","https://www.reddit.com/r/Monkeypox/comments/wrokjk/white_house_facing_pressure_from_activists_to/","White House, facing pressure from activists, to accelerate rollout of monkeypox treatments and vaccines",NA,159,159,0.98,2022-08-18 16:53:10,"en",-0.0145840806208544,"neutral",8,"post","Scientific/policy debates on mutations and reinfection, stigma’s role in public perception, and advocacy for marginalized groups amid systemic gaps.","Mutations, reinfection risks"
"r/Monkeypox","https://www.reddit.com/r/Monkeypox/comments/wrt96f/posts_not_appearing_or_removed_technical/","Posts Not Appearing or Removed: Technical Difficulties","We have been made aware of an issue that some users are experiencing with posts disappearing, or being removed automatically by Reddit. When this happens, the posts are not appearing in our mod queue for approval, and therefor we are not able to see or review them. 

This is not due to any changes to settings that we have control over as the mod team, and is not the result of manual moderation actions taken by the team. As far as we can discern there is no rhyme or reason to which posts are being affected by this issue, so it does not have to do with the content of the post itself, or any attribute of the poster. We believe this is simply a technical error. 

We are in contact with the site admins to address the problem and return the filters, automod and other automated protections to normal operation. Please be patient as we work to solve this issue. 

#Post not showing up? What you can do:

If you are unsure whether or not your post has been affected by this issue, check to see if a removal flair has been assigned to the post. 

All posts that are removed by the moderators are assigned a removal flair, and normally an accompanying removal message will be stickied in the post. 

If your post has been removed and no removal flair has been assigned, it was removed by automated actions that may be a result of this issue. 

If your post breaks no rules, has been removed, and is not flaired with a removal reason— please message the mods with the link to your post, so we can investigate. If your post has been affected by this issue, we will manually restore it. We apologize for the inconvenience, this situation is temporary— we will update the community as we learn more.",15,15,0.79,2022-08-18 20:02:47,"en",-0.0501006070291616,"neutral",7,"post","Cross-border spread of strains, personal accounts of severe symptoms, and critiques of institutional response delays and inequities.","Cross-border spread, severe cases"
"r/Monkeypox","https://www.reddit.com/r/Monkeypox/comments/wqw2tg/monkeypox_cases_jumped_20_in_the_last_week_to/","Monkeypox cases jumped 20% in the last week to 35,000 across 92 countries, WHO says",NA,384,384,0.97,2022-08-17 18:19:37,"en",0,"neutral",7,"post","Cross-border spread of strains, personal accounts of severe symptoms, and critiques of institutional response delays and inequities.","Cross-border spread, severe cases"
"r/Monkeypox","https://www.reddit.com/r/Monkeypox/comments/wqlpmf/what_arent_we_facing_immunization_leader_lays/","‘What aren’t we facing?’: Immunization leader lays bare challenges to the monkeypox response",NA,37,37,0.89,2022-08-17 10:42:20,"en",0.0364602015521361,"neutral",1,"post","Discussions focus on global mpox transmission concerns, public health responses (especially vaccine distribution and messaging), and stigma, with emphasis on LGBTQ+ communities and personal experiences of symptoms/issues.","Transmission, stigma, vaccines"
"r/Monkeypox","https://www.reddit.com/r/Monkeypox/comments/wq50q6/jonathan_van_ness_puts_biden_admin_on_blast_over/","Jonathan Van Ness Puts Biden Admin on Blast Over Monkeypox Response, says the government’s response to the monkeypox outbreak is “a day late and a dollar short.”",NA,375,375,0.95,2022-08-16 20:41:50,"en",-0.201093794935361,"negative",3,"post","Post-peak concerns include declining cases, lingering public health challenges (e.g., misinformation, isolation fatigue), and scientific analyses of mutations/long-term impacts.","Post-outbreak issues, mutations"
"r/Monkeypox","https://www.reddit.com/r/Monkeypox/comments/wqe6lo/new_paper_severe_monkeypoxvirus_infection_in/","New paper - Severe monkeypox-virus infection in undiagnosed advanced HIV infection - Infection (TW - necrosis of the nose)",NA,48,48,0.92,2022-08-17 03:24:12,"en",-0.206463465128418,"negative",2,"post","Debates center on mpox spread among MSM, vaccine access challenges, and comparisons to COVID-19, alongside personal symptom accounts and frustration with public health failures.","MSM focus, vaccine inequity"
"r/Monkeypox","https://www.reddit.com/r/Monkeypox/comments/wpw1ty/isolated_monkeypox_patients_forced_to_ask/","Isolated monkeypox patients forced to ask internet for help",NA,136,136,0.97,2022-08-16 14:40:21,"en",-0.227369304101361,"negative",1,"post","Discussions focus on global mpox transmission concerns, public health responses (especially vaccine distribution and messaging), and stigma, with emphasis on LGBTQ+ communities and personal experiences of symptoms/issues.","Transmission, stigma, vaccines"
"r/Monkeypox","https://www.reddit.com/r/Monkeypox/comments/wp1xau/1st_suspected_case_of_humantodog_monkeypox/","1st suspected case of human-to-dog monkeypox transmission leads CDC to update guidance on the virus",NA,308,308,0.98,2022-08-15 15:04:00,"en",-0.0264696750164639,"neutral",6,"post","Emergence of high-risk mpox variants (e.g., Clade I), underreported global spread, and debates over containment strategies beyond MSM communities.","New variants, containment struggles"
"r/Monkeypox","https://www.reddit.com/r/Monkeypox/comments/wp9eo7/the_us_monkeypox_response_needs_a_robust_data/","The US monkeypox response needs a robust data infrastructure. We don’t have it.",NA,76,76,0.97,2022-08-15 20:05:09,"en",0.122061546837862,"positive",5,"post","Fears of mpox resurgence or endemicity, debates over vaccine strategies, and critiques of global disparities in outbreak response.","Resurgence fears, global disparities"
"r/Monkeypox","https://www.reddit.com/r/Monkeypox/comments/wp9dya/frustration_and_stress_state_officials_fault/","‘Frustration and Stress’: State Officials Fault Rollout of Monkeypox Vaccine",NA,31,31,0.97,2022-08-15 20:04:25,"en",-0.388262630322594,"negative",1,"post","Discussions focus on global mpox transmission concerns, public health responses (especially vaccine distribution and messaging), and stigma, with emphasis on LGBTQ+ communities and personal experiences of symptoms/issues.","Transmission, stigma, vaccines"
"r/Monkeypox","https://www.reddit.com/r/Monkeypox/comments/wohlgk/monkeypox_may_be_here_to_stay/","Monkeypox may be here to stay",NA,219,219,0.92,2022-08-14 21:43:26,"en",0,"neutral",3,"post","Post-peak concerns include declining cases, lingering public health challenges (e.g., misinformation, isolation fatigue), and scientific analyses of mutations/long-term impacts.","Post-outbreak issues, mutations"
"r/Monkeypox","https://www.reddit.com/r/Monkeypox/comments/woi4ys/group_addresses_huge_inequity_in_monkeypox/","Group addresses 'huge inequity' in monkeypox vaccine rollout by offering vaccines at UK Black Pride",NA,50,50,0.88,2022-08-14 22:07:21,"en",-0.0352239011289337,"neutral",9,"post","Sociopolitical reactions dominate, including stigma, naming controversies, and comparisons to past pandemics, alongside frustration with institutional mismanagement.","Stigma, naming debates"
"r/Monkeypox","https://www.reddit.com/r/Monkeypox/comments/wop437/new_retrospective_detection_of_asymptomatic/","New - Retrospective detection of asymptomatic monkeypox virus infections among male sexual health clinic attendees in Belgium",NA,9,9,1,2022-08-15 03:32:52,"en",-0.0613897121073676,"neutral",6,"post","Emergence of high-risk mpox variants (e.g., Clade I), underreported global spread, and debates over containment strategies beyond MSM communities.","New variants, containment struggles"
"r/Monkeypox","https://www.reddit.com/r/Monkeypox/comments/woezon/clinical_characteristics_and_comparison_of/","Clinical characteristics and comparison of longitudinal qPCR results from different specimen types in a cohort of ambulatory and hospitalized patients infected with monkeypox virus.",NA,22,22,0.87,2022-08-14 19:49:25,"en",-0.111387755644007,"negative",7,"post","Cross-border spread of strains, personal accounts of severe symptoms, and critiques of institutional response delays and inequities.","Cross-border spread, severe cases"
"r/Monkeypox","https://www.reddit.com/r/Monkeypox/comments/wokvfe/why_its_important_to_tell_people_that_monkeypox/","Why it's important to tell people that monkeypox is predominately affecting gay and bisexual men",NA,11,11,0.53,2022-08-15 00:12:38,"en",0.105671703386801,"positive",1,"post","Discussions focus on global mpox transmission concerns, public health responses (especially vaccine distribution and messaging), and stigma, with emphasis on LGBTQ+ communities and personal experiences of symptoms/issues.","Transmission, stigma, vaccines"
"r/Monkeypox","https://www.reddit.com/r/Monkeypox/comments/wmv5kr/maine_reports_states_first_pediatric_case_of/","Maine reports state’s first pediatric case of monkeypox",NA,208,208,0.97,2022-08-12 20:30:23,"en",0,"neutral",1,"post","Discussions focus on global mpox transmission concerns, public health responses (especially vaccine distribution and messaging), and stigma, with emphasis on LGBTQ+ communities and personal experiences of symptoms/issues.","Transmission, stigma, vaccines"
"r/Monkeypox","https://www.reddit.com/r/Monkeypox/comments/wmxvgi/world_ignored_monkeypox_threats_including_signs/","World ignored monkeypox threats, including signs of sexual transmission",NA,113,113,0.95,2022-08-12 22:27:04,"en",-0.136421582460817,"negative",8,"post","Scientific/policy debates on mutations and reinfection, stigma’s role in public perception, and advocacy for marginalized groups amid systemic gaps.","Mutations, reinfection risks"
"r/Monkeypox","https://www.reddit.com/r/Monkeypox/comments/wmvk04/monkeypox_demand_for_vaccines_is_outstripping/","Monkeypox: demand for vaccines is outstripping supply – this is what's causing the shortages",NA,67,67,0.91,2022-08-12 20:47:56,"en",-0.227019235681114,"negative",1,"post","Discussions focus on global mpox transmission concerns, public health responses (especially vaccine distribution and messaging), and stigma, with emphasis on LGBTQ+ communities and personal experiences of symptoms/issues.","Transmission, stigma, vaccines"
"r/Monkeypox","https://www.reddit.com/r/Monkeypox/comments/wmuyob/who_renames_lineages_of_monkeypox_moving_away/","WHO renames lineages of monkeypox, moving away from geographic links",NA,43,43,0.86,2022-08-12 20:21:51,"en",0,"neutral",7,"post","Cross-border spread of strains, personal accounts of severe symptoms, and critiques of institutional response delays and inequities.","Cross-border spread, severe cases"
"r/Monkeypox","https://www.reddit.com/r/Monkeypox/comments/wmo1rn/palm_springs_man_shares_monkeypox_experience_this/","Palm Springs man shares monkeypox experience: 'This could have been so much worse'",NA,63,63,0.92,2022-08-12 15:26:47,"en",-0.143778849264706,"negative",2,"post","Debates center on mpox spread among MSM, vaccine access challenges, and comparisons to COVID-19, alongside personal symptom accounts and frustration with public health failures.","MSM focus, vaccine inequity"
"r/Monkeypox","https://www.reddit.com/r/Monkeypox/comments/wmt0m6/oklahoma_has_asked_for_smaller_share_of_monkeypox/","Oklahoma has asked for smaller share of monkeypox shots than any other state",NA,28,28,0.94,2022-08-12 18:57:20,"en",0.0756730785603714,"neutral",9,"post","Sociopolitical reactions dominate, including stigma, naming controversies, and comparisons to past pandemics, alongside frustration with institutional mismanagement.","Stigma, naming debates"
"r/Monkeypox","https://www.reddit.com/r/Monkeypox/comments/wm16mh/black_men_are_getting_70_of_monkeypox_cases_in/","Black men are getting 70% of monkeypox cases in North Carolina—and only 24% of the vaccines",NA,235,235,0.92,2022-08-11 20:20:22,"en",-0.0352239011289337,"neutral",7,"post","Cross-border spread of strains, personal accounts of severe symptoms, and critiques of institutional response delays and inequities.","Cross-border spread, severe cases"
"r/Monkeypox","https://www.reddit.com/r/Monkeypox/comments/wm1u7u/the_traumatic_experience_of_us_monkeypox_patients/","The 'traumatic experience' of US monkeypox patients",NA,37,37,0.91,2022-08-11 20:48:00,"en",0,"neutral",8,"post","Scientific/policy debates on mutations and reinfection, stigma’s role in public perception, and advocacy for marginalized groups amid systemic gaps.","Mutations, reinfection risks"
"r/Monkeypox","https://www.reddit.com/r/Monkeypox/comments/wl7jji/fears_of_losing_battle_to_control_monkeypox_in/","Fears of losing battle to control monkeypox in California, U.S. as cases surge",NA,258,258,0.98,2022-08-10 20:14:28,"en",-0.328141813969225,"negative",7,"post","Cross-border spread of strains, personal accounts of severe symptoms, and critiques of institutional response delays and inequities.","Cross-border spread, severe cases"
"r/Monkeypox","https://www.reddit.com/r/Monkeypox/comments/wlajzi/the_reality_of_mpv_monkeypox_patients_speak_of/","The Reality of MPV: Monkeypox Patients Speak of Loneliness and Pain",NA,63,63,0.94,2022-08-10 22:18:56,"en",-0.246795928543123,"negative",8,"post","Scientific/policy debates on mutations and reinfection, stigma’s role in public perception, and advocacy for marginalized groups amid systemic gaps.","Mutations, reinfection risks"
"r/Monkeypox","https://www.reddit.com/r/Monkeypox/comments/wl8ocb/monkeypox_patient_speaks_out_about_what_its_like/","Monkeypox patient speaks out about what it's like to have the disease",NA,45,45,0.91,2022-08-10 21:00:26,"en",-0.0787630373570273,"neutral",8,"post","Scientific/policy debates on mutations and reinfection, stigma’s role in public perception, and advocacy for marginalized groups amid systemic gaps.","Mutations, reinfection risks"
"r/Monkeypox","https://www.reddit.com/r/Monkeypox/comments/wl6tyh/how_effective_is_the_monkeypox_vaccine_scientists/","How effective is the monkeypox vaccine? Scientists scramble for clues as trials ramp up | Science",NA,48,48,0.95,2022-08-10 19:46:10,"en",0.0858819448986128,"neutral",8,"post","Scientific/policy debates on mutations and reinfection, stigma’s role in public perception, and advocacy for marginalized groups amid systemic gaps.","Mutations, reinfection risks"
"r/Monkeypox","https://www.reddit.com/r/Monkeypox/comments/wksehy/what_scientists_know_and_dont_know_about_how/","What scientists know — and don’t know — about how monkeypox spreads",NA,111,111,0.91,2022-08-10 08:52:44,"en",0,"neutral",9,"post","Sociopolitical reactions dominate, including stigma, naming controversies, and comparisons to past pandemics, alongside frustration with institutional mismanagement.","Stigma, naming debates"
"r/Monkeypox","https://www.reddit.com/r/Monkeypox/comments/wl1idy/monkeypox_virus_what_family_physicians_on_the/","Monkeypox Virus: What Family Physicians on the Front Lines Need to Know | American Academy of Family Physicians (AAFP) [59:42]",NA,14,14,0.85,2022-08-10 16:15:13,"en",-0.0128619501410991,"neutral",9,"post","Sociopolitical reactions dominate, including stigma, naming controversies, and comparisons to past pandemics, alongside frustration with institutional mismanagement.","Stigma, naming debates"
"r/Monkeypox","https://www.reddit.com/r/Monkeypox/comments/wkn7ws/suspects_used_slur_monkeypox_reference_in_dc/","Suspects used slur, monkeypox reference in DC attack | WTOP News",NA,66,66,0.95,2022-08-10 03:43:17,"en",-0.301982045806462,"negative",2,"post","Debates center on mpox spread among MSM, vaccine access challenges, and comparisons to COVID-19, alongside personal symptom accounts and frustration with public health failures.","MSM focus, vaccine inequity"
"r/Monkeypox","https://www.reddit.com/r/Monkeypox/comments/wkq8a5/europe_to_consider_dosesparing_to_increase/","Europe to consider ""dose-sparing"" to increase monkeypox vaccine, WHO seeks trials",NA,29,29,0.91,2022-08-10 06:32:32,"en",0.0787630373570273,"neutral",5,"post","Fears of mpox resurgence or endemicity, debates over vaccine strategies, and critiques of global disparities in outbreak response.","Resurgence fears, global disparities"
"r/Monkeypox","https://www.reddit.com/r/Monkeypox/comments/wkcunn/fda_expands_monkeypox_vaccine_authorization_to/","FDA expands monkeypox vaccine authorization to increase dose supply five-fold",NA,218,218,0.98,2022-08-09 19:49:30,"en",0.213889804737373,"positive",8,"post","Scientific/policy debates on mutations and reinfection, stigma’s role in public perception, and advocacy for marginalized groups amid systemic gaps.","Mutations, reinfection risks"
"r/Monkeypox","https://www.reddit.com/r/Monkeypox/comments/wkh9xm/first_presumptive_cases_of_monkeypox_identified/","First presumptive cases of monkeypox identified in AU community",NA,39,39,0.93,2022-08-09 22:56:00,"en",0.109137265968653,"positive",8,"post","Scientific/policy debates on mutations and reinfection, stigma’s role in public perception, and advocacy for marginalized groups amid systemic gaps.","Mutations, reinfection risks"
"r/Monkeypox","https://www.reddit.com/r/Monkeypox/comments/wk7xge/to_prepare_for_possible_monkeypox_spread_colleges/","To prepare for possible monkeypox spread, colleges focus on educating students",NA,112,112,0.97,2022-08-09 16:35:43,"en",0.115171433320124,"positive",9,"post","Sociopolitical reactions dominate, including stigma, naming controversies, and comparisons to past pandemics, alongside frustration with institutional mismanagement.","Stigma, naming debates"
"r/Monkeypox","https://www.reddit.com/r/Monkeypox/comments/wk1k0d/monkeypox_likely_circulated_for_years_before/","Monkeypox Likely Circulated for Years Before Outbreak, Scientists Think",NA,185,185,0.95,2022-08-09 12:03:44,"en",-0.145516354624871,"negative",4,"post","Criticism of systemic public health failures (e.g., vaccine disparities, bureaucratic delays) and anxiety about broadening transmission (e.g., pediatric cases, workplaces).","Systemic failures, inequity"
"r/Monkeypox","https://www.reddit.com/r/Monkeypox/comments/wk98tp/who_stresses_monkeypox_surge_not_linked_to/","WHO stresses monkeypox surge not linked to monkeys after primates were attacked in Brazil",NA,62,62,0.96,2022-08-09 17:28:15,"en",-0.291681612417089,"negative",8,"post","Scientific/policy debates on mutations and reinfection, stigma’s role in public perception, and advocacy for marginalized groups amid systemic gaps.","Mutations, reinfection risks"
"r/Monkeypox","https://www.reddit.com/r/Monkeypox/comments/wk33n3/monkeypox_confirmed_at_sterling_heights_assembly/","Monkeypox confirmed at Sterling Heights Assembly Plant as infections rise across Detroit area",NA,73,73,0.95,2022-08-09 13:17:51,"en",-0.0378365392801857,"neutral",9,"post","Sociopolitical reactions dominate, including stigma, naming controversies, and comparisons to past pandemics, alongside frustration with institutional mismanagement.","Stigma, naming debates"
"r/Monkeypox","https://www.reddit.com/r/Monkeypox/comments/wkc8wy/monkeypox_can_spread_in_three_ways_heres_what_to/","Monkeypox Can Spread In Three Ways. Here’s What To Know And How To Avoid Infection.",NA,14,14,0.86,2022-08-09 19:25:23,"en",-0.192996251365484,"negative",6,"post","Emergence of high-risk mpox variants (e.g., Clade I), underreported global spread, and debates over containment strategies beyond MSM communities.","New variants, containment struggles"
"r/Monkeypox","https://www.reddit.com/r/Monkeypox/comments/wjrvxk/clinical_presentation_and_virological_assessment/","Clinical presentation and virological assessment of confirmed human monkeypox virus cases in Spain: a prospective observational cohort study",NA,77,77,0.92,2022-08-09 02:45:21,"en",0.0321548753527478,"neutral",8,"post","Scientific/policy debates on mutations and reinfection, stigma’s role in public perception, and advocacy for marginalized groups amid systemic gaps.","Mutations, reinfection risks"
"r/Monkeypox","https://www.reddit.com/r/Monkeypox/comments/wjsfhc/us_moves_to_stretch_out_monkeypox_vaccine_supply/","U.S. Moves to Stretch Out Monkeypox Vaccine Supply",NA,70,70,0.95,2022-08-09 03:11:13,"en",0,"neutral",8,"post","Scientific/policy debates on mutations and reinfection, stigma’s role in public perception, and advocacy for marginalized groups amid systemic gaps.","Mutations, reinfection risks"
"r/Monkeypox","https://www.reddit.com/r/Monkeypox/comments/wjhl7t/opinion_the_us_has_failed_to_contain_monkeypox/","Opinion | The U.S. has failed to contain monkeypox. That should not have happened.",NA,187,187,0.95,2022-08-08 19:21:07,"en",-0.0813743645585746,"neutral",5,"post","Fears of mpox resurgence or endemicity, debates over vaccine strategies, and critiques of global disparities in outbreak response.","Resurgence fears, global disparities"
"r/Monkeypox","https://www.reddit.com/r/Monkeypox/comments/wj9k7u/san_francisco_quietly_retreated_on_contact/","San Francisco quietly retreated on contact tracing for monkeypox weeks ago",NA,286,286,0.97,2022-08-08 13:59:41,"en",0,"neutral",8,"post","Scientific/policy debates on mutations and reinfection, stigma’s role in public perception, and advocacy for marginalized groups amid systemic gaps.","Mutations, reinfection risks"
"r/Monkeypox","https://www.reddit.com/r/Monkeypox/comments/wjlpml/monkeypox_manners_navigating_a_virus_disrupting/","Monkeypox manners: Navigating a virus disrupting how we live and love",NA,14,14,0.78,2022-08-08 22:08:18,"en",0.057585716660062,"neutral",3,"post","Post-peak concerns include declining cases, lingering public health challenges (e.g., misinformation, isolation fatigue), and scientific analyses of mutations/long-term impacts.","Post-outbreak issues, mutations"
"r/Monkeypox","https://www.reddit.com/r/Monkeypox/comments/wj4dlj/monkeypox_virus_genome_sequences_from_multiple/","Monkeypox virus genome sequences from multiple lesions indicates co-infection of a UK returning traveller",NA,109,109,0.97,2022-08-08 09:22:21,"en",-0.176119505644668,"negative",8,"post","Scientific/policy debates on mutations and reinfection, stigma’s role in public perception, and advocacy for marginalized groups amid systemic gaps.","Mutations, reinfection risks"
"r/Monkeypox","https://www.reddit.com/r/Monkeypox/comments/wj40ut/infectioncompetent_monkeypox_virus_contamination/","Infection-competent monkeypox virus contamination identified in domestic settings following an imported case of monkeypox into the UK",NA,43,43,0.96,2022-08-08 09:00:17,"en",-0.192929252116487,"negative",8,"post","Scientific/policy debates on mutations and reinfection, stigma’s role in public perception, and advocacy for marginalized groups amid systemic gaps.","Mutations, reinfection risks"
"r/Monkeypox","https://www.reddit.com/r/Monkeypox/comments/wj07gu/daily_discussion_august_8th15th_2022/","Daily Discussion | August 8th-15th, 2022","**Daily Discussion | Week of August 8th- 15th, 2022**

This thread is for general discussion about Monkeypox Virus and the ongoing outbreak of 2022. Please use this space to post anecdotes, ask questions, and hold other conversations that are not directly related to the topic of another standalone post.

The moderation of content in this thread will be more relaxed in regard to staying on-topic and posting about personal experiences and opinions is allowed, however the rules of [r/Monkeypox](https://www.reddit.com/r/Monkeypox/) still apply.

In particular, please remember rule #9; this subreddit is not an appropriate place to seek or supply medical advice. If you are concerned about your health, talk to a licensed medical provider.

In case you missed it, catch up on last week’s discussion [here.](https://www.reddit.com/r/Monkeypox/comments/we1j3p/daily_discussion_august_1st7th_2022/)",32,32,0.94,2022-08-08 05:09:34,"en",0.174762256467814,"positive",1,"post","Discussions focus on global mpox transmission concerns, public health responses (especially vaccine distribution and messaging), and stigma, with emphasis on LGBTQ+ communities and personal experiences of symptoms/issues.","Transmission, stigma, vaccines"
"r/Monkeypox","https://www.reddit.com/r/Monkeypox/comments/wirvlz/what_nurses_need_to_know_about_monkeypox_symptoms/","What Nurses Need To Know About Monkeypox - Symptoms, Risk, Prevention, Treatment",NA,40,40,0.98,2022-08-07 22:22:29,"en",-0.189210211883061,"negative",2,"post","Debates center on mpox spread among MSM, vaccine access challenges, and comparisons to COVID-19, alongside personal symptom accounts and frustration with public health failures.","MSM focus, vaccine inequity"
"r/Monkeypox","https://www.reddit.com/r/Monkeypox/comments/wio0lm/monkeypox_vaccines_california_and_fda_do_not/","Monkeypox Vaccines: California and FDA Do Not Agree on How to Stretch Meager Supply | KQED",NA,54,54,0.98,2022-08-07 19:35:32,"en",0.0422686813547204,"neutral",8,"post","Scientific/policy debates on mutations and reinfection, stigma’s role in public perception, and advocacy for marginalized groups amid systemic gaps.","Mutations, reinfection risks"
"r/Monkeypox","https://www.reddit.com/r/Monkeypox/comments/wi97ab/monkeypox_is_now_a_national_public_health/","Monkeypox is now a national public health emergency in the U.S. – an epidemiologist explains what this means",NA,216,216,0.96,2022-08-07 06:43:25,"en",-0.0964646260582434,"neutral",8,"post","Scientific/policy debates on mutations and reinfection, stigma’s role in public perception, and advocacy for marginalized groups amid systemic gaps.","Mutations, reinfection risks"
"r/Monkeypox","https://www.reddit.com/r/Monkeypox/comments/win1ga/seattlearea_health_officials_roll_out_scarce/","Seattle-area health officials roll out scarce vaccines to slow monkeypox spread",NA,21,21,0.93,2022-08-07 18:53:35,"en",-0.118144556035541,"negative",5,"post","Fears of mpox resurgence or endemicity, debates over vaccine strategies, and critiques of global disparities in outbreak response.","Resurgence fears, global disparities"
"r/Monkeypox","https://www.reddit.com/r/Monkeypox/comments/wi0mdx/why_ny_colleges_should_start_preparing_for/","Why NY colleges should start preparing for monkeypox now",NA,96,96,0.91,2022-08-06 22:56:05,"en",0,"neutral",9,"post","Sociopolitical reactions dominate, including stigma, naming controversies, and comparisons to past pandemics, alongside frustration with institutional mismanagement.","Stigma, naming debates"
"r/Monkeypox","https://www.reddit.com/r/Monkeypox/comments/whya3z/cdc_estimates_17_million_gay_and_bisexual_men/","CDC estimates 1.7 million gay and bisexual men face highest risk from monkeypox.",NA,126,126,0.89,2022-08-06 21:07:12,"en",-0.118144556035541,"negative",2,"post","Debates center on mpox spread among MSM, vaccine access challenges, and comparisons to COVID-19, alongside personal symptom accounts and frustration with public health failures.","MSM focus, vaccine inequity"
"r/Monkeypox","https://www.reddit.com/r/Monkeypox/comments/whzrju/why_monkeypox_vaccine_shortage_may_threaten_the/","Why Monkeypox Vaccine Shortage May Threaten the Immunocompromised",NA,63,63,0.94,2022-08-06 22:15:30,"en",-0.28939387817473,"negative",8,"post","Scientific/policy debates on mutations and reinfection, stigma’s role in public perception, and advocacy for marginalized groups amid systemic gaps.","Mutations, reinfection risks"
"r/Monkeypox","https://www.reddit.com/r/Monkeypox/comments/whqlkh/monkeypox_the_myths_misconceptions_and_facts/","Monkeypox: The myths, misconceptions — and facts — about how you catch it",NA,87,87,0.95,2022-08-06 15:13:05,"en",-0.0658122476114994,"neutral",8,"post","Scientific/policy debates on mutations and reinfection, stigma’s role in public perception, and advocacy for marginalized groups amid systemic gaps.","Mutations, reinfection risks"
"r/Monkeypox","https://www.reddit.com/r/Monkeypox/comments/wigr8x/how_monkeypox_spreads_via_contaminated_surfaces/","How Monkeypox Spreads Via Contaminated Surfaces",NA,0,0,0.4,2022-08-07 14:16:54,"en",-0.111387755644007,"negative",5,"post","Fears of mpox resurgence or endemicity, debates over vaccine strategies, and critiques of global disparities in outbreak response.","Resurgence fears, global disparities"
"r/Monkeypox","https://www.reddit.com/r/Monkeypox/comments/whwovi/illinois_daycare_worker_with_monkeypox_might_have/","Illinois daycare worker with monkeypox might have exposed children, officials say",NA,7,7,0.89,2022-08-06 19:52:57,"en",-0.0822653095143743,"neutral",7,"post","Cross-border spread of strains, personal accounts of severe symptoms, and critiques of institutional response delays and inequities.","Cross-border spread, severe cases"
"r/Monkeypox","https://www.reddit.com/r/Monkeypox/comments/wh3nrf/medical_staff_call_to_be_vaccinated_against/","Medical staff call to be vaccinated against monkeypox after doctor infected",NA,435,435,0.97,2022-08-05 19:09:40,"en",-0.123397964271561,"negative",4,"post","Criticism of systemic public health failures (e.g., vaccine disparities, bureaucratic delays) and anxiety about broadening transmission (e.g., pediatric cases, workplaces).","Systemic failures, inequity"
"r/Monkeypox","https://www.reddit.com/r/Monkeypox/comments/whch83/sex_casual_contact_pimples_a_california_monkeypox/","Sex, 'casual contact,' pimples: A California monkeypox guide, separating fact and fiction",NA,40,40,0.89,2022-08-06 01:51:18,"en",0.133897163506946,"positive",5,"post","Fears of mpox resurgence or endemicity, debates over vaccine strategies, and critiques of global disparities in outbreak response.","Resurgence fears, global disparities"
"r/Monkeypox","https://www.reddit.com/r/Monkeypox/comments/wgwkxy/what_should_worry_most_americans_about_our/","What Should Worry Most Americans About Our Monkeypox Response",NA,142,142,0.94,2022-08-05 14:14:48,"en",-0.24555884842947,"negative",7,"post","Cross-border spread of strains, personal accounts of severe symptoms, and critiques of institutional response delays and inequities.","Cross-border spread, severe cases"
"r/Monkeypox","https://www.reddit.com/r/Monkeypox/comments/wgv0q6/as_us_declares_monkeypox_a_public_health/","As U.S. declares monkeypox a public health emergency, what does Canada need to do right now?",NA,66,66,0.95,2022-08-05 13:06:38,"en",0.00661741875411598,"neutral",1,"post","Discussions focus on global mpox transmission concerns, public health responses (especially vaccine distribution and messaging), and stigma, with emphasis on LGBTQ+ communities and personal experiences of symptoms/issues.","Transmission, stigma, vaccines"
"r/Monkeypox","https://www.reddit.com/r/Monkeypox/comments/wgxwi8/today_explained_monkeypox_is_a_queer_emergency/","‎Today, Explained: Monkeypox is a queer emergency (podcast episode)",NA,38,38,0.68,2022-08-05 15:09:18,"en",-0.181895443281089,"negative",8,"post","Scientific/policy debates on mutations and reinfection, stigma’s role in public perception, and advocacy for marginalized groups amid systemic gaps.","Mutations, reinfection risks"
"r/Monkeypox","https://www.reddit.com/r/Monkeypox/comments/wghe1o/this_thing_is_spreading_its_here_first_georgia/","‘This thing is spreading. It’s here’: First Georgia woman with monkeypox speaks out about diagnosis",NA,288,288,0.97,2022-08-05 00:52:16,"en",-0.0352361334622709,"neutral",3,"post","Post-peak concerns include declining cases, lingering public health challenges (e.g., misinformation, isolation fatigue), and scientific analyses of mutations/long-term impacts.","Post-outbreak issues, mutations"
"r/Monkeypox","https://www.reddit.com/r/Monkeypox/comments/wgl5hz/breakthrough_infections_after_postexposure/","Breakthrough infections after post-exposure vaccination against Monkeypox",NA,70,70,0.91,2022-08-05 03:51:59,"en",-0.0964646260582434,"neutral",9,"post","Sociopolitical reactions dominate, including stigma, naming controversies, and comparisons to past pandemics, alongside frustration with institutional mismanagement.","Stigma, naming debates"
"r/Monkeypox","https://www.reddit.com/r/Monkeypox/comments/wgmox3/lgbt_groups_demand_more_action_on_monkeypox/","LGBT groups demand more action on monkeypox",NA,36,36,0.85,2022-08-05 05:12:22,"en",-0.0928125207393975,"neutral",9,"post","Sociopolitical reactions dominate, including stigma, naming controversies, and comparisons to past pandemics, alongside frustration with institutional mismanagement.","Stigma, naming debates"
"r/Monkeypox","https://www.reddit.com/r/Monkeypox/comments/whdo83/opinion_you_are_being_misled_about_monkeypox/","Opinion | You are being misled about monkeypox",NA,0,0,0.5,2022-08-06 02:53:51,"en",-0.20625004608755,"negative",8,"post","Scientific/policy debates on mutations and reinfection, stigma’s role in public perception, and advocacy for marginalized groups amid systemic gaps.","Mutations, reinfection risks"
"r/Monkeypox","https://www.reddit.com/r/Monkeypox/comments/wggkzl/heres_what_to_know_about_monkeypox_risk_for_dogs/","Here’s What To Know About Monkeypox Risk For Dogs (Or Cats)",NA,50,50,0.9,2022-08-05 00:14:05,"en",-0.118144556035541,"negative",8,"post","Scientific/policy debates on mutations and reinfection, stigma’s role in public perception, and advocacy for marginalized groups amid systemic gaps.","Mutations, reinfection risks"
"r/Monkeypox","https://www.reddit.com/r/Monkeypox/comments/wg44oy/most_of_africas_monkeypox_cases_are_from/","Most of Africa’s Monkeypox Cases Are From Household Transmission",NA,211,211,0.97,2022-08-04 15:29:21,"en",0.103536701419358,"positive",8,"post","Scientific/policy debates on mutations and reinfection, stigma’s role in public perception, and advocacy for marginalized groups amid systemic gaps.","Mutations, reinfection risks"
"r/Monkeypox","https://www.reddit.com/r/Monkeypox/comments/wgmd2l/how_to_not_get_monkeypox_with_dr_carlton_thomas/","How to not get monkeypox: with Dr. Carlton Thomas.",NA,16,16,0.79,2022-08-05 04:54:52,"en",0,"neutral",8,"post","Scientific/policy debates on mutations and reinfection, stigma’s role in public perception, and advocacy for marginalized groups amid systemic gaps.","Mutations, reinfection risks"
"r/Monkeypox","https://www.reddit.com/r/Monkeypox/comments/wgacru/monkeypox_vaccine_available_for_kids_on/","Monkeypox vaccine available for kids on case-by-case basis, FDA says. The current vaccine for monkeypox is approved for people ages 18 and older",NA,73,73,0.96,2022-08-04 19:45:53,"en",0.18344403324965,"positive",8,"post","Scientific/policy debates on mutations and reinfection, stigma’s role in public perception, and advocacy for marginalized groups amid systemic gaps.","Mutations, reinfection risks"
"r/Monkeypox","https://www.reddit.com/r/Monkeypox/comments/wgajw6/monkeypox_cant_use_the_same_athome_testing/","Monkeypox can’t use the same at-home testing playbook as COVID-19, there’s more steps before an at-home test can work",NA,61,61,0.99,2022-08-04 19:54:18,"en",0.051202559396801,"neutral",3,"post","Post-peak concerns include declining cases, lingering public health challenges (e.g., misinformation, isolation fatigue), and scientific analyses of mutations/long-term impacts.","Post-outbreak issues, mutations"
"r/Monkeypox","https://www.reddit.com/r/Monkeypox/comments/wg7uy7/as_chicagos_market_days_approaches_doctors_and/","As Chicago’s Market Days approaches, doctors and organizers share monkeypox concerns, advice",NA,30,30,0.89,2022-08-04 18:02:18,"en",-0.0151346157120743,"neutral",9,"post","Sociopolitical reactions dominate, including stigma, naming controversies, and comparisons to past pandemics, alongside frustration with institutional mismanagement.","Stigma, naming debates"
"r/Monkeypox","https://www.reddit.com/r/Monkeypox/comments/wfjymf/desantis_claims_concern_over_monkeypox_is/","DeSantis claims concern over monkeypox is overblown, Florida has the fifth highest number of cases in the nation",NA,306,306,0.95,2022-08-03 22:23:42,"en",-0.109326576199342,"negative",3,"post","Post-peak concerns include declining cases, lingering public health challenges (e.g., misinformation, isolation fatigue), and scientific analyses of mutations/long-term impacts.","Post-outbreak issues, mutations"
"r/Monkeypox","https://www.reddit.com/r/Monkeypox/comments/wfx8rn/with_monkeypox_vaccine_in_high_demand_nih_to_test/","With monkeypox vaccine in high demand, NIH to test approaches to stretch supplies",NA,30,30,0.94,2022-08-04 10:01:33,"en",-0.136211541408668,"negative",8,"post","Scientific/policy debates on mutations and reinfection, stigma’s role in public perception, and advocacy for marginalized groups amid systemic gaps.","Mutations, reinfection risks"
"r/Monkeypox","https://www.reddit.com/r/Monkeypox/comments/wflc11/monkeypox_a_growing_concern_for_parents_with_new/","Monkeypox a growing concern for parents with new school year around the corner",NA,139,139,0.95,2022-08-03 23:22:07,"en",0.151346157120743,"positive",1,"post","Discussions focus on global mpox transmission concerns, public health responses (especially vaccine distribution and messaging), and stigma, with emphasis on LGBTQ+ communities and personal experiences of symptoms/issues.","Transmission, stigma, vaccines"
"r/Monkeypox","https://www.reddit.com/r/Monkeypox/comments/wfpqkv/monkeypox_stigma_tied_to_low_testing_numbers/","Monkeypox Stigma Tied to Low Testing Numbers, Experts Say",NA,65,65,0.92,2022-08-04 02:47:30,"en",-0.0909477216405446,"neutral",8,"post","Scientific/policy debates on mutations and reinfection, stigma’s role in public perception, and advocacy for marginalized groups amid systemic gaps.","Mutations, reinfection risks"
"r/Monkeypox","https://www.reddit.com/r/Monkeypox/comments/wfxz34/hmpxv_what_you_need_to_know_occupation_health/","hMPXV: What you need to know - Occupation Health &amp; Safety - Canadian Federation of Nurses Unions",NA,13,13,1,2022-08-04 10:43:33,"en",0.126806044064161,"positive",1,"post","Discussions focus on global mpox transmission concerns, public health responses (especially vaccine distribution and messaging), and stigma, with emphasis on LGBTQ+ communities and personal experiences of symptoms/issues.","Transmission, stigma, vaccines"
"r/Monkeypox","https://www.reddit.com/r/Monkeypox/comments/wf9vzp/5th_child_tests_positive_for_monkeypox_in/","5th child tests positive for monkeypox in Washington DC, US: What parents should know",NA,299,299,0.98,2022-08-03 15:42:43,"en",0.196885088381535,"positive",8,"post","Scientific/policy debates on mutations and reinfection, stigma’s role in public perception, and advocacy for marginalized groups amid systemic gaps.","Mutations, reinfection risks"
"r/Monkeypox","https://www.reddit.com/r/Monkeypox/comments/wfjku5/red_cross_beginning_to_screen_blood_donors_for/","Red Cross beginning to screen blood donors for monkeypox",NA,72,72,0.97,2022-08-03 22:07:58,"en",0,"neutral",8,"post","Scientific/policy debates on mutations and reinfection, stigma’s role in public perception, and advocacy for marginalized groups amid systemic gaps.","Mutations, reinfection risks"
"r/Monkeypox","https://www.reddit.com/r/Monkeypox/comments/wfm53k/reproduction_number_of_monkeypox_in_the_early/","Reproduction number of monkeypox in the early stage of the 2022 multi-country outbreak",NA,40,40,0.93,2022-08-03 23:57:17,"en",-0.121076925696594,"negative",8,"post","Scientific/policy debates on mutations and reinfection, stigma’s role in public perception, and advocacy for marginalized groups amid systemic gaps.","Mutations, reinfection risks"
"r/Monkeypox","https://www.reddit.com/r/Monkeypox/comments/wfjdcm/maryland_health_officials_are_restricting_access/","Maryland health officials are restricting access to the monkeypox vaccine",NA,33,33,0.97,2022-08-03 21:59:46,"en",-0.138048935225811,"negative",8,"post","Scientific/policy debates on mutations and reinfection, stigma’s role in public perception, and advocacy for marginalized groups amid systemic gaps.","Mutations, reinfection risks"
"r/Monkeypox","https://www.reddit.com/r/Monkeypox/comments/wf4zak/asymptomatic_monkeypox_virus_infections_among/","Asymptomatic monkeypox virus infections among male sexual health clinic attendees in Belgium",NA,196,196,0.98,2022-08-03 12:11:09,"en",-0.236289112071082,"negative",7,"post","Cross-border spread of strains, personal accounts of severe symptoms, and critiques of institutional response delays and inequities.","Cross-border spread, severe cases"
"r/Monkeypox","https://www.reddit.com/r/Monkeypox/comments/wfe8ca/grave_dereliction_of_duty_health_exec_on_lab/","'Grave dereliction of duty': Health exec on lab technicians refusing blood from possible monkeypox patients - CNN Video",NA,59,59,0.91,2022-08-03 18:32:35,"en",-0.0661741875411597,"neutral",9,"post","Sociopolitical reactions dominate, including stigma, naming controversies, and comparisons to past pandemics, alongside frustration with institutional mismanagement.","Stigma, naming debates"
"r/Monkeypox","https://www.reddit.com/r/Monkeypox/comments/wf2tx8/monkeypox_25k_cases_a_batch_of_new_deaths_and_3/","Monkeypox: 25K cases, a batch of new deaths, and 3 state emergencies | WHO says it's seeing a broad range of illnesses as more people are infected.",NA,201,201,0.97,2022-08-03 10:17:09,"en",-0.256472575026336,"negative",4,"post","Criticism of systemic public health failures (e.g., vaccine disparities, bureaucratic delays) and anxiety about broadening transmission (e.g., pediatric cases, workplaces).","Systemic failures, inequity"
"r/Monkeypox","https://www.reddit.com/r/Monkeypox/comments/wfby2m/monkeypox_in_ontario_may_20_2022_to_august_2_2022/","Monkeypox in Ontario: May 20, 2022 to August 2, 2022",NA,11,11,0.84,2022-08-03 17:03:09,"en",0,"neutral",8,"post","Scientific/policy debates on mutations and reinfection, stigma’s role in public perception, and advocacy for marginalized groups amid systemic gaps.","Mutations, reinfection risks"
"r/Monkeypox","https://www.reddit.com/r/Monkeypox/comments/wetczt/the_monkeypox_patient_on_the_subway_in_spain_was/","The monkeypox ""patient"" on the subway in Spain was fake.",NA,134,134,0.93,2022-08-03 01:37:12,"en",-0.043140292258066,"neutral",8,"post","Scientific/policy debates on mutations and reinfection, stigma’s role in public perception, and advocacy for marginalized groups amid systemic gaps.","Mutations, reinfection risks"
"r/Monkeypox","https://www.reddit.com/r/Monkeypox/comments/wf40si/getting_monkeypox_treatment_is_easier_but_still/","Getting monkeypox treatment is easier, but still daunting :",NA,22,22,0.93,2022-08-03 11:22:40,"en",-0.327979728598027,"negative",3,"post","Post-peak concerns include declining cases, lingering public health challenges (e.g., misinformation, isolation fatigue), and scientific analyses of mutations/long-term impacts.","Post-outbreak issues, mutations"
"r/Monkeypox","https://www.reddit.com/r/Monkeypox/comments/weo8bm/long_beach_california_reports_its_1st_case_of/","Long Beach, California reports its 1st case of child with monkeypox, believed to be 2nd in California",NA,259,259,0.97,2022-08-02 21:50:22,"en",0.0794090250493916,"neutral",8,"post","Scientific/policy debates on mutations and reinfection, stigma’s role in public perception, and advocacy for marginalized groups amid systemic gaps.","Mutations, reinfection risks"
"r/Monkeypox","https://www.reddit.com/r/Monkeypox/comments/weuacy/monkeypox_virus_isolation_from_a_semen_sample/","Monkeypox virus isolation from a semen sample collected in the early phase of infection in a patient with prolonged seminal viral shedding",NA,66,66,0.94,2022-08-03 02:21:24,"en",-0.145425895535061,"negative",7,"post","Cross-border spread of strains, personal accounts of severe symptoms, and critiques of institutional response delays and inequities.","Cross-border spread, severe cases"
"r/Monkeypox","https://www.reddit.com/r/Monkeypox/comments/wem0jf/guarding_against_the_spread_of_monkeypox_in/","Guarding Against the Spread of Monkeypox in Massage, Barbering and Cosmetology Establishments",NA,88,88,0.97,2022-08-02 20:21:15,"en",0.0787630373570273,"neutral",8,"post","Scientific/policy debates on mutations and reinfection, stigma’s role in public perception, and advocacy for marginalized groups amid systemic gaps.","Mutations, reinfection risks"
"r/Monkeypox","https://www.reddit.com/r/Monkeypox/comments/wee2ke/supervisor_hahn_says_shell_call_for_local_state/","Supervisor Hahn says she’ll call for local state of emergency Tuesday to speed Los Angeles County monkeypox response",NA,128,128,0.97,2022-08-02 15:05:39,"en",-0.0938917723680949,"neutral",8,"post","Scientific/policy debates on mutations and reinfection, stigma’s role in public perception, and advocacy for marginalized groups amid systemic gaps.","Mutations, reinfection risks"
"r/Monkeypox","https://www.reddit.com/r/Monkeypox/comments/wesvbt/monkeypox_outbreak_epidemiological_overview_2/","Monkeypox outbreak: epidemiological overview, 2 August 2022",NA,18,18,0.81,2022-08-03 01:14:18,"en",-0.195230676467507,"negative",4,"post","Criticism of systemic public health failures (e.g., vaccine disparities, bureaucratic delays) and anxiety about broadening transmission (e.g., pediatric cases, workplaces).","Systemic failures, inequity"
"r/Monkeypox","https://www.reddit.com/r/Monkeypox/comments/wdxif0/breaking_california_declares_a_state_of_emergency/","BREAKING: California declares a state of emergency over monkeypox outbreak.",NA,548,548,0.97,2022-08-02 00:44:18,"en",-0.371006513419367,"negative",3,"post","Post-peak concerns include declining cases, lingering public health challenges (e.g., misinformation, isolation fatigue), and scientific analyses of mutations/long-term impacts.","Post-outbreak issues, mutations"
"r/Monkeypox","https://www.reddit.com/r/Monkeypox/comments/wdw3a0/2_more_children_in_us_test_positive_for_monkeypox/","2 more children in US test positive for monkeypox, At least four children in the U.S. have now tested positive for monkeypox",NA,259,259,0.98,2022-08-01 23:38:44,"en",0.174511074642073,"positive",8,"post","Scientific/policy debates on mutations and reinfection, stigma’s role in public perception, and advocacy for marginalized groups amid systemic gaps.","Mutations, reinfection risks"
"r/Monkeypox","https://www.reddit.com/r/Monkeypox/comments/wdjiu6/monkeypox_can_survive_for_weeks_in_water_and_on/","Monkeypox can survive for weeks in water and on refrigerated food",NA,824,824,0.95,2022-08-01 14:57:41,"en",0.197436742834498,"positive",8,"post","Scientific/policy debates on mutations and reinfection, stigma’s role in public perception, and advocacy for marginalized groups amid systemic gaps.","Mutations, reinfection risks"
"r/Monkeypox","https://www.reddit.com/r/Monkeypox/comments/we1j3p/daily_discussion_august_1st7th_2022/","Daily Discussion | August 1st-7th, 2022","#Daily Discussion | Week of August 1st- August 7th, 2022

This thread is for general discussion about Monkeypox Virus and the ongoing outbreak of 2022. Please use this space to post anecdotes, ask questions, and hold other conversations that are not directly related to the topic of another standalone post. 

The moderation of content in this thread will be more relaxed in regard to staying on-topic and posting about personal experiences and opinions is allowed, however the rules of r/Monkeypox still apply.

In particular, please remember rule #9; this subreddit is not an appropriate place to seek or supply medical advice. If you are concerned about your health, talk to a licensed medical provider.

In case you missed it, catch up on last week’s discussion [here.](https://www.reddit.com/r/Monkeypox/comments/w7r6z8/daily_discussion_week_of_july_25_31_2022/?utm_source=share&amp;utm_medium=ios_app&amp;utm_name=iossmf)",49,49,0.89,2022-08-02 03:55:02,"en",0.194414792991278,"positive",7,"post","Cross-border spread of strains, personal accounts of severe symptoms, and critiques of institutional response delays and inequities.","Cross-border spread, severe cases"
"r/Monkeypox","https://www.reddit.com/r/Monkeypox/comments/wdzjrq/first_case_of_monkeypox_confirmed_in_bolivia/","First case of Monkeypox confirmed in Bolivia",NA,52,52,0.93,2022-08-02 02:18:49,"en",0.103125023043775,"positive",1,"post","Discussions focus on global mpox transmission concerns, public health responses (especially vaccine distribution and messaging), and stigma, with emphasis on LGBTQ+ communities and personal experiences of symptoms/issues.","Transmission, stigma, vaccines"
"r/Monkeypox","https://www.reddit.com/r/Monkeypox/comments/wds81f/stunning_results_from_vaccination_campaign_in/","Stunning results from vaccination campaign in Montreal, they quickly realized PEP wouldn’t be sufficient and PrEP is necessary, over 15k doses given and 39 cases amongst vaccinated individuals, with flattening of rates",NA,101,101,0.95,2022-08-01 20:54:11,"en",0.385858504232973,"positive",8,"post","Scientific/policy debates on mutations and reinfection, stigma’s role in public perception, and advocacy for marginalized groups amid systemic gaps.","Mutations, reinfection risks"
"r/Monkeypox","https://www.reddit.com/r/Monkeypox/comments/wdtrxo/californians_increasingly_searching_for_limited/","Californians increasingly searching for limited monkeypox vaccines",NA,44,44,0.96,2022-08-01 21:58:42,"en",-0.154687534565662,"negative",7,"post","Cross-border spread of strains, personal accounts of severe symptoms, and critiques of institutional response delays and inequities.","Cross-border spread, severe cases"
"r/Monkeypox","https://www.reddit.com/r/Monkeypox/comments/wdf3vu/monkeypox_failings_show_world_hasnt_learned/","Monkeypox failings show world hasn't learned lessons of the pandemic",NA,169,169,0.97,2022-08-01 11:29:49,"en",0.172561169032264,"positive",7,"post","Cross-border spread of strains, personal accounts of severe symptoms, and critiques of institutional response delays and inequities.","Cross-border spread, severe cases"
"r/Monkeypox","https://www.reddit.com/r/Monkeypox/comments/wddaf3/slow_response_to_monkeypox_exposes_tired/","Slow response to monkeypox exposes ‘tired, overworked’ US health agencies",NA,155,155,0.95,2022-08-01 09:43:18,"en",-0.414146805677433,"negative",7,"post","Cross-border spread of strains, personal accounts of severe symptoms, and critiques of institutional response delays and inequities.","Cross-border spread, severe cases"
"r/Monkeypox","https://www.reddit.com/r/Monkeypox/comments/wcvmp2/the_us_could_inoculate_against_monkeypox_with/","The US could inoculate against monkeypox with smallpox vaccines — but it’s not that simple",NA,104,104,0.94,2022-07-31 18:39:11,"en",0,"neutral",8,"post","Scientific/policy debates on mutations and reinfection, stigma’s role in public perception, and advocacy for marginalized groups amid systemic gaps.","Mutations, reinfection risks"
"r/Monkeypox","https://www.reddit.com/r/Monkeypox/comments/wcv1is/bavarian_nordic_receives_us_and_eu_approvals_of/","Bavarian Nordic Receives U.S. and EU Approvals of its Fill and Finish Vaccine Manufacturing Facility",NA,41,41,0.93,2022-07-31 18:12:39,"en",0,"neutral",8,"post","Scientific/policy debates on mutations and reinfection, stigma’s role in public perception, and advocacy for marginalized groups amid systemic gaps.","Mutations, reinfection risks"
"r/Monkeypox","https://www.reddit.com/r/Monkeypox/comments/wcooib/in_race_for_monkeypox_vaccines_experts_see_repeat/","In race for monkeypox vaccines, experts see repeat of Covid-19 where wealthy nations have advantage",NA,84,84,0.94,2022-07-31 13:25:02,"en",0.176119505644668,"positive",7,"post","Cross-border spread of strains, personal accounts of severe symptoms, and critiques of institutional response delays and inequities.","Cross-border spread, severe cases"
"r/Monkeypox","https://www.reddit.com/r/Monkeypox/comments/wcdq4l/the_monkeypox_outbreak_was_predicted_by_a/","The monkeypox outbreak was predicted by a Nigerian doctor years ago : Goats and Soda -",NA,234,234,0.96,2022-07-31 02:16:57,"en",-0.116672644966836,"negative",4,"post","Criticism of systemic public health failures (e.g., vaccine disparities, bureaucratic delays) and anxiety about broadening transmission (e.g., pediatric cases, workplaces).","Systemic failures, inequity"
"r/Monkeypox","https://www.reddit.com/r/Monkeypox/comments/wck3m9/susceptibility_of_monkeypox_virus_aerosol/","Susceptibility of Monkeypox virus aerosol suspensions in a rotating chamber",NA,53,53,0.91,2022-07-31 08:41:09,"en",-0.0862805845161319,"neutral",8,"post","Scientific/policy debates on mutations and reinfection, stigma’s role in public perception, and advocacy for marginalized groups amid systemic gaps.","Mutations, reinfection risks"
"r/Monkeypox","https://www.reddit.com/r/Monkeypox/comments/wc6qkc/opinion_monkeypox_is_about_to_become_the_next/","Opinion | Monkeypox Is About to Become the Next Public Health Failure",NA,317,317,0.96,2022-07-30 20:34:24,"en",-0.123397964271561,"negative",5,"post","Fears of mpox resurgence or endemicity, debates over vaccine strategies, and critiques of global disparities in outbreak response.","Resurgence fears, global disparities"
"r/Monkeypox","https://www.reddit.com/r/Monkeypox/comments/wcizoe/u_of_t_expert_kerry_bowman_on_monkeypox_and_the/","U of T expert Kerry Bowman on monkeypox and the danger posed by zoonotic diseases",NA,44,44,0.92,2022-07-31 07:25:24,"en",-0.0563582418062939,"neutral",8,"post","Scientific/policy debates on mutations and reinfection, stigma’s role in public perception, and advocacy for marginalized groups amid systemic gaps.","Mutations, reinfection risks"
"r/Monkeypox","https://www.reddit.com/r/Monkeypox/comments/wccny9/new_york_city_becomes_second_major_us_city_to/","New York City becomes second major US city to declare health emergency over monkeypox",NA,113,113,0.95,2022-07-31 01:21:10,"en",0.065628362793845,"neutral",8,"post","Scientific/policy debates on mutations and reinfection, stigma’s role in public perception, and advocacy for marginalized groups amid systemic gaps.","Mutations, reinfection risks"
"r/Monkeypox","https://www.reddit.com/r/Monkeypox/comments/wc2hpa/monkeypox_vaccine_popups_overwhelmed_as_atrisk/","Monkeypox vaccine pop-ups overwhelmed as at-risk gay men rush to get jab",NA,111,111,0.9,2022-07-30 17:17:51,"en",-0.269805491485807,"negative",7,"post","Cross-border spread of strains, personal accounts of severe symptoms, and critiques of institutional response delays and inequities.","Cross-border spread, severe cases"
"r/Monkeypox","https://www.reddit.com/r/Monkeypox/comments/wbyx89/biden_administration_falls_into_blame_game_with/","Biden administration falls into blame game with local authorities over monkeypox response",NA,161,161,0.93,2022-07-30 14:35:22,"en",-0.157526074714055,"negative",7,"post","Cross-border spread of strains, personal accounts of severe symptoms, and critiques of institutional response delays and inequities.","Cross-border spread, severe cases"
"r/Monkeypox","https://www.reddit.com/r/Monkeypox/comments/wc101x/spain_reports_second_death_related_to_monkeypox/","Spain reports second death related to monkeypox | Monkeypox",NA,86,86,0.97,2022-07-30 16:12:19,"en",-0.144696939087365,"negative",7,"post","Cross-border spread of strains, personal accounts of severe symptoms, and critiques of institutional response delays and inequities.","Cross-border spread, severe cases"
"r/Monkeypox","https://www.reddit.com/r/Monkeypox/comments/wbw0sy/first_monkeypox_deaths_outside_africa_reported_in/","First monkeypox deaths outside Africa reported in Spain and Brazil",NA,85,85,0.97,2022-07-30 12:06:21,"en",0,"neutral",8,"post","Scientific/policy debates on mutations and reinfection, stigma’s role in public perception, and advocacy for marginalized groups amid systemic gaps.","Mutations, reinfection risks"
"r/Monkeypox","https://www.reddit.com/r/Monkeypox/comments/wbvlif/u_of_t_and_toronto_hospitals_mount_research/","U of T and Toronto hospitals mount research response to monkeypox",NA,35,35,0.93,2022-07-30 11:42:06,"en",-0.0411326547571871,"neutral",8,"post","Scientific/policy debates on mutations and reinfection, stigma’s role in public perception, and advocacy for marginalized groups amid systemic gaps.","Mutations, reinfection risks"
"r/Monkeypox","https://www.reddit.com/r/Monkeypox/comments/wbpntn/monkeypox_shame_and_stigma_will_prolong_outbreak/","Monkeypox: Shame and stigma will prolong outbreak, campaigners say",NA,75,75,0.9,2022-07-30 05:20:01,"en",-0.418359519546505,"negative",9,"post","Sociopolitical reactions dominate, including stigma, naming controversies, and comparisons to past pandemics, alongside frustration with institutional mismanagement.","Stigma, naming debates"
"r/Monkeypox","https://www.reddit.com/r/Monkeypox/comments/wb7z01/brazil_confirms_its_first_monkeypoxrelated_death/","Brazil confirms its first monkeypox-related death",NA,215,215,0.98,2022-07-29 15:38:31,"en",-0.154687534565662,"negative",2,"post","Debates center on mpox spread among MSM, vaccine access challenges, and comparisons to COVID-19, alongside personal symptom accounts and frustration with public health failures.","MSM focus, vaccine inequity"
"r/Monkeypox","https://www.reddit.com/r/Monkeypox/comments/wbmwur/australia_can_avoid_big_monkeypox_outbreak_with/","Australia can avoid big monkeypox outbreak with targeted vaccination, health experts say | Monkeypox",NA,25,25,0.86,2022-07-30 02:51:12,"en",-0.15891346497678,"negative",4,"post","Criticism of systemic public health failures (e.g., vaccine disparities, bureaucratic delays) and anxiety about broadening transmission (e.g., pediatric cases, workplaces).","Systemic failures, inequity"
"r/Monkeypox","https://www.reddit.com/r/Monkeypox/comments/wbbyki/spain_confirms_first_monkeypoxrelated_death_in/","Spain confirms first monkeypox-related death in the country| Reuters",NA,94,94,0.96,2022-07-29 18:21:03,"en",-0.129420876774198,"negative",7,"post","Cross-border spread of strains, personal accounts of severe symptoms, and critiques of institutional response delays and inequities.","Cross-border spread, severe cases"
"r/Monkeypox","https://www.reddit.com/r/Monkeypox/comments/wbetqe/house_oversight_chair_urges_hhs_to_declare/","House Oversight chair urges HHS to declare monkeypox a public health emergency",NA,65,65,0.96,2022-07-29 20:26:04,"en",-0.196907593392568,"negative",8,"post","Scientific/policy debates on mutations and reinfection, stigma’s role in public perception, and advocacy for marginalized groups amid systemic gaps.","Mutations, reinfection risks"
"r/Monkeypox","https://www.reddit.com/r/Monkeypox/comments/wbbtky/alaska_reports_first_case_of_monkeypox_in/","Alaska reports first case of monkeypox in Anchorage, leaving only 2 states left without cases",NA,61,61,0.96,2022-07-29 18:15:06,"en",0,"neutral",2,"post","Debates center on mpox spread among MSM, vaccine access challenges, and comparisons to COVID-19, alongside personal symptom accounts and frustration with public health failures.","MSM focus, vaccine inequity"
"r/Monkeypox","https://www.reddit.com/r/Monkeypox/comments/wb03y2/indiana_health_officials_monkeypox_cases_include/","Indiana health officials: Monkeypox cases include women and children",NA,207,207,0.96,2022-07-29 09:20:50,"en",0.109137265968653,"positive",7,"post","Cross-border spread of strains, personal accounts of severe symptoms, and critiques of institutional response delays and inequities.","Cross-border spread, severe cases"
"r/Monkeypox","https://www.reddit.com/r/Monkeypox/comments/wbbkvd/alberta_to_offer_vaccine_to_gay_bisexual_queer/","Alberta to offer vaccine to gay, bisexual, queer men at 'higher risk' of monkeypox exposure",NA,32,32,0.84,2022-07-29 18:05:06,"en",-0.0211343406773602,"neutral",8,"post","Scientific/policy debates on mutations and reinfection, stigma’s role in public perception, and advocacy for marginalized groups amid systemic gaps.","Mutations, reinfection risks"
"r/Monkeypox","https://www.reddit.com/r/Monkeypox/comments/wayfip/first_case_of_monkeypox_detected_in_philippines/","First case of monkeypox detected in Philippines",NA,53,53,0.96,2022-07-29 07:33:52,"en",0,"neutral",2,"post","Debates center on mpox spread among MSM, vaccine access challenges, and comparisons to COVID-19, alongside personal symptom accounts and frustration with public health failures.","MSM focus, vaccine inequity"
"r/Monkeypox","https://www.reddit.com/r/Monkeypox/comments/wb3kyn/monkeypox_outbreak_epidemiological_overview_29/","Monkeypox outbreak: epidemiological overview, 29 July 2022",NA,18,18,0.87,2022-07-29 12:31:03,"en",-0.195230676467507,"negative",8,"post","Scientific/policy debates on mutations and reinfection, stigma’s role in public perception, and advocacy for marginalized groups amid systemic gaps.","Mutations, reinfection risks"
"r/Monkeypox","https://www.reddit.com/r/Monkeypox/comments/waqzep/sf_and_ny_declare_health_emergencies_over/","SF and NY declare health emergencies over monkeypox outbreak",NA,115,115,0.99,2022-07-29 01:08:45,"en",-0.145516354624871,"negative",8,"post","Scientific/policy debates on mutations and reinfection, stigma’s role in public perception, and advocacy for marginalized groups amid systemic gaps.","Mutations, reinfection risks"
"r/Monkeypox","https://www.reddit.com/r/Monkeypox/comments/waszni/its_scary_gay_men_confront_a_health_crisis_with/","‘It’s Scary’: Gay Men Confront a Health Crisis With Echoes of the Past",NA,44,44,0.87,2022-07-29 02:42:30,"en",-0.269805491485807,"negative",8,"post","Scientific/policy debates on mutations and reinfection, stigma’s role in public perception, and advocacy for marginalized groups amid systemic gaps.","Mutations, reinfection risks"
"r/Monkeypox","https://www.reddit.com/r/Monkeypox/comments/waxzod/tonix_pharmaceuticals_announces_collaboration/","Tonix Pharmaceuticals Announces Collaboration with Kenya Medical Research Institute to Develop TNX-801 in Kenya as a Vaccine for the Prevention of Monkeypox and Smallpox Infection",NA,19,19,0.79,2022-07-29 07:07:05,"en",-0.0436549063874614,"neutral",7,"post","Cross-border spread of strains, personal accounts of severe symptoms, and critiques of institutional response delays and inequities.","Cross-border spread, severe cases"
"r/Monkeypox","https://www.reddit.com/r/Monkeypox/comments/waglaw/the_federal_government_is_making_the_monkeypox/","The Federal Government Is Making The Monkeypox Outbreak Worse",NA,92,92,0.95,2022-07-28 17:57:48,"en",-0.372885658726233,"negative",8,"post","Scientific/policy debates on mutations and reinfection, stigma’s role in public perception, and advocacy for marginalized groups amid systemic gaps.","Mutations, reinfection risks"
"r/Monkeypox","https://www.reddit.com/r/Monkeypox/comments/w9sorr/us_reports_1048_new_monkeypox_cases_biggest/","U.S. reports 1,048 new monkeypox cases, biggest one-day increase on record",NA,316,316,0.98,2022-07-27 22:54:39,"en",0.204783897128271,"positive",2,"post","Debates center on mpox spread among MSM, vaccine access challenges, and comparisons to COVID-19, alongside personal symptom accounts and frustration with public health failures.","MSM focus, vaccine inequity"
"r/Monkeypox","https://www.reddit.com/r/Monkeypox/comments/w9knaq/doctors_say_search_for_monkeypox_cases_needs_to/","Doctors say search for monkeypox cases needs to look beyond men who have sex with men",NA,371,371,0.96,2022-07-27 17:25:53,"en",0.0136421582460817,"neutral",9,"post","Sociopolitical reactions dominate, including stigma, naming controversies, and comparisons to past pandemics, alongside frustration with institutional mismanagement.","Stigma, naming debates"
"r/Monkeypox","https://www.reddit.com/r/Monkeypox/comments/w9mflv/who_recommends_gay_and_bisexual_men_limit_sexual/","WHO recommends gay and bisexual men limit sexual partners to reduce the spread of monkeypox",NA,224,224,0.94,2022-07-27 18:39:10,"en",0.0774925824836541,"neutral",3,"post","Post-peak concerns include declining cases, lingering public health challenges (e.g., misinformation, isolation fatigue), and scientific analyses of mutations/long-term impacts.","Post-outbreak issues, mutations"
"r/Monkeypox","https://www.reddit.com/r/Monkeypox/comments/w9nlqt/cdc_set_to_make_monkeypox_a_nationally_notifiable/","CDC set to make monkeypox a nationally notifiable condition",NA,98,98,0.95,2022-07-27 19:27:49,"en",0,"neutral",1,"post","Discussions focus on global mpox transmission concerns, public health responses (especially vaccine distribution and messaging), and stigma, with emphasis on LGBTQ+ communities and personal experiences of symptoms/issues.","Transmission, stigma, vaccines"
"r/Monkeypox","https://www.reddit.com/r/Monkeypox/comments/w9wud2/test_positivity_evaluation_of_a_new_metric_to/","Test positivity – Evaluation of a new metric to assess epidemic dispersal mediated by non-symptomatic cases",NA,17,17,0.94,2022-07-28 01:59:43,"en",0.00682107912304085,"neutral",8,"post","Scientific/policy debates on mutations and reinfection, stigma’s role in public perception, and advocacy for marginalized groups amid systemic gaps.","Mutations, reinfection risks"
"r/Monkeypox","https://www.reddit.com/r/Monkeypox/comments/w9ph0z/what_the_uk_is_getting_right_in_the_fight_to/","What the UK is Getting Right in the Fight to Contain Monkeypox",NA,26,26,0.94,2022-07-27 20:44:48,"en",0.0472578224142164,"neutral",6,"post","Emergence of high-risk mpox variants (e.g., Clade I), underreported global spread, and debates over containment strategies beyond MSM communities.","New variants, containment struggles"
"r/Monkeypox","https://www.reddit.com/r/Monkeypox/comments/w9j9v2/asia_on_high_alert_for_monkeypox_as_cases/","Asia on high alert for monkeypox as cases reported from India to Japan",NA,49,49,0.9,2022-07-27 16:30:44,"en",-0.0681057707043342,"neutral",7,"post","Cross-border spread of strains, personal accounts of severe symptoms, and critiques of institutional response delays and inequities.","Cross-border spread, severe cases"
"r/Monkeypox","https://www.reddit.com/r/Monkeypox/comments/w9ansh/monkeypox_emergency_could_last_for_months/","Monkeypox emergency could last for months",NA,92,92,0.92,2022-07-27 10:00:52,"en",-0.16708163346601,"negative",7,"post","Cross-border spread of strains, personal accounts of severe symptoms, and critiques of institutional response delays and inequities.","Cross-border spread, severe cases"
"r/Monkeypox","https://www.reddit.com/r/Monkeypox/comments/w96fqg/seattle_residents_travel_to_canada_for_monkeypox/","Seattle residents travel to Canada for Monkeypox vaccine doses",NA,52,52,0.86,2022-07-27 05:43:39,"en",0,"neutral",7,"post","Cross-border spread of strains, personal accounts of severe symptoms, and critiques of institutional response delays and inequities.","Cross-border spread, severe cases"
"r/Monkeypox","https://www.reddit.com/r/Monkeypox/comments/w8qpoi/us_spots_first_monkeypox_case_in_a_pregnant_woman/","U.S. spots first monkeypox case in a pregnant woman as cases climb",NA,292,292,0.97,2022-07-26 18:09:08,"en",0,"neutral",8,"post","Scientific/policy debates on mutations and reinfection, stigma’s role in public perception, and advocacy for marginalized groups amid systemic gaps.","Mutations, reinfection risks"
"r/Monkeypox","https://www.reddit.com/r/Monkeypox/comments/w97e6d/guidelines_of_monkey_pox_management_by_indian/","Guidelines of monkey pox management by Indian Government",NA,25,25,0.93,2022-07-27 06:38:33,"en",-0.0192929252116487,"neutral",5,"post","Fears of mpox resurgence or endemicity, debates over vaccine strategies, and critiques of global disparities in outbreak response.","Resurgence fears, global disparities"
"r/Monkeypox","https://www.reddit.com/r/Monkeypox/comments/w8wj9m/texas_doesnt_have_enough_monkeypox_vaccines_for/","Texas doesn’t have enough monkeypox vaccines for everyone who wants one",NA,80,80,0.93,2022-07-26 22:03:29,"en",-0.0393815186785137,"neutral",1,"post","Discussions focus on global mpox transmission concerns, public health responses (especially vaccine distribution and messaging), and stigma, with emphasis on LGBTQ+ communities and personal experiences of symptoms/issues.","Transmission, stigma, vaccines"
"r/Monkeypox","https://www.reddit.com/r/Monkeypox/comments/w8sdmj/cook_county_jail_inmate_tests_positive_for/","Cook County Jail inmate tests positive for monkeypox",NA,99,99,0.97,2022-07-26 19:16:17,"en",-0.163989864299014,"negative",8,"post","Scientific/policy debates on mutations and reinfection, stigma’s role in public perception, and advocacy for marginalized groups amid systemic gaps.","Mutations, reinfection risks"
"r/Monkeypox","https://www.reddit.com/r/Monkeypox/comments/w8ulju/monkeypox_declared_a_global_emergency_will_it/","Monkeypox declared a global emergency: will it help contain the outbreak?",NA,71,71,0.96,2022-07-26 20:45:32,"en",-0.189210211883061,"negative",3,"post","Post-peak concerns include declining cases, lingering public health challenges (e.g., misinformation, isolation fatigue), and scientific analyses of mutations/long-term impacts.","Post-outbreak issues, mutations"
"r/Monkeypox","https://www.reddit.com/r/Monkeypox/comments/w8s8dn/trevor_noah_laments_monkeypox_declaration_says_we/","Trevor Noah Laments Monkeypox Declaration, Says We ‘Just Got Done With Ignoring’ the COVID-19 Pandemic",NA,21,21,0.89,2022-07-26 19:10:29,"en",-0.140895604515735,"negative",8,"post","Scientific/policy debates on mutations and reinfection, stigma’s role in public perception, and advocacy for marginalized groups amid systemic gaps.","Mutations, reinfection risks"
"r/Monkeypox","https://www.reddit.com/r/Monkeypox/comments/w8qv90/montreal_monkeypox_cases_levelling_off_but/","Montreal monkeypox cases levelling off, but officials concerned by rises elsewhere",NA,20,20,0.92,2022-07-26 18:15:19,"en",-0.222116335688811,"negative",2,"post","Debates center on mpox spread among MSM, vaccine access challenges, and comparisons to COVID-19, alongside personal symptom accounts and frustration with public health failures.","MSM focus, vaccine inequity"
"r/Monkeypox","https://www.reddit.com/r/Monkeypox/comments/w8kwjk/dc_delays_second_doses_of_mpx_vaccine/","DC delays second doses of MPX vaccine",NA,35,35,0.91,2022-07-26 14:14:40,"en",-0.16500003687004,"negative",5,"post","Fears of mpox resurgence or endemicity, debates over vaccine strategies, and critiques of global disparities in outbreak response.","Resurgence fears, global disparities"
"r/Monkeypox","https://www.reddit.com/r/Monkeypox/comments/w8ju2c/controlling_monkeypox_the_time_for_canada_to_act/","Controlling monkeypox: The time for Canada to act is now",NA,34,34,0.92,2022-07-26 13:28:52,"en",0,"neutral",6,"post","Emergence of high-risk mpox variants (e.g., Clade I), underreported global spread, and debates over containment strategies beyond MSM communities.","New variants, containment struggles"
"r/Monkeypox","https://www.reddit.com/r/Monkeypox/comments/w8pb1c/nyc_health_dept_releases_detailed_monkeypox_case/","NYC Health Dept releases detailed monkeypox case stats (July 21)",NA,13,13,0.93,2022-07-26 17:13:46,"en",0,"neutral",8,"post","Scientific/policy debates on mutations and reinfection, stigma’s role in public perception, and advocacy for marginalized groups amid systemic gaps.","Mutations, reinfection risks"
"r/Monkeypox","https://www.reddit.com/r/Monkeypox/comments/w835ic/white_house_expected_to_name_monkeypox_coordinator/","White House expected to name monkeypox coordinator",NA,118,118,0.96,2022-07-25 23:05:28,"en",0.08250001843502,"neutral",2,"post","Debates center on mpox spread among MSM, vaccine access challenges, and comparisons to COVID-19, alongside personal symptom accounts and frustration with public health failures.","MSM focus, vaccine inequity"
"r/Monkeypox","https://www.reddit.com/r/Monkeypox/comments/w84rcn/sf_monkeypox_vaccine_clinic_closes_again_due_to/","SF monkeypox vaccine clinic closes again due to lack of shots",NA,66,66,0.97,2022-07-26 00:16:15,"en",-0.123397964271561,"negative",7,"post","Cross-border spread of strains, personal accounts of severe symptoms, and critiques of institutional response delays and inequities.","Cross-border spread, severe cases"
"r/Monkeypox","https://www.reddit.com/r/Monkeypox/comments/w7q6ps/japans_first_case_of_monkeypox_confirmed/","Japan's first case of monkeypox confirmed",NA,82,82,0.96,2022-07-25 14:20:00,"en",0.111387755644007,"positive",8,"post","Scientific/policy debates on mutations and reinfection, stigma’s role in public perception, and advocacy for marginalized groups amid systemic gaps.","Mutations, reinfection risks"
"r/Monkeypox","https://www.reddit.com/r/Monkeypox/comments/w7mxyd/epidemiologists_warn_the_us_reaches_a_critical/","Epidemiologists warn the U.S. reaches a critical moment to contain monkeypox",NA,133,133,0.98,2022-07-25 11:52:05,"en",-0.212660200863974,"negative",8,"post","Scientific/policy debates on mutations and reinfection, stigma’s role in public perception, and advocacy for marginalized groups amid systemic gaps.","Mutations, reinfection risks"
"r/Monkeypox","https://www.reddit.com/r/Monkeypox/comments/w7roej/investigation_into_monkeypox_outbreak_in_england/","Investigation into monkeypox outbreak in England: technical briefing 4",NA,53,53,0.96,2022-07-25 15:21:55,"en",-0.154343401693189,"negative",4,"post","Criticism of systemic public health failures (e.g., vaccine disparities, bureaucratic delays) and anxiety about broadening transmission (e.g., pediatric cases, workplaces).","Systemic failures, inequity"
"r/Monkeypox","https://www.reddit.com/r/Monkeypox/comments/w7r6z8/daily_discussion_week_of_july_25_31_2022/","Daily Discussion | Week of July 25 - 31, 2022","#Daily Discussion | Week of July 25- July 31, 2022

This thread is for general discussion about Monkeypox Virus and the ongoing outbreak of 2022. Please use this space to post anecdotes, ask questions, and hold other conversations that are not directly related to the topic of another standalone post. 

The moderation of content in this thread will be more relaxed in regard to staying on-topic and posting about personal experiences and opinions is allowed, however the rules of r/Monkeypox still apply.

In particular, please remember rule #9; this subreddit is not an appropriate place to seek or supply medical advice. If you are concerned about your health, talk to a licensed medical provider.

In case you missed it, catch up on last week’s discussion [here.](https://www.reddit.com/r/Monkeypox/comments/w25qyj/daily_discussion_week_of_july_18_july_24_2022/?utm_source=share&amp;utm_medium=ios_app&amp;utm_name=iossmf)",41,41,0.93,2022-07-25 15:02:09,"en",0.194262491517136,"positive",8,"post","Scientific/policy debates on mutations and reinfection, stigma’s role in public perception, and advocacy for marginalized groups amid systemic gaps.","Mutations, reinfection risks"
"r/Monkeypox","https://www.reddit.com/r/Monkeypox/comments/w7gj1z/lawmakers_step_up_pressure_on_biden/","Lawmakers step up pressure on Biden administration over monkeypox, demanding to know what its plan is",NA,100,100,0.96,2022-07-25 05:33:00,"en",-0.136421582460817,"negative",5,"post","Fears of mpox resurgence or endemicity, debates over vaccine strategies, and critiques of global disparities in outbreak response.","Resurgence fears, global disparities"
"r/Monkeypox","https://www.reddit.com/r/Monkeypox/comments/w7gmm1/monkeypox_schiff_demands_to_know_why_us_does_not/","Monkeypox: Schiff demands to know why US does not have more vaccines",NA,67,67,0.89,2022-07-25 05:38:50,"en",-0.0630104298856219,"neutral",8,"post","Scientific/policy debates on mutations and reinfection, stigma’s role in public perception, and advocacy for marginalized groups amid systemic gaps.","Mutations, reinfection risks"
"r/Monkeypox","https://www.reddit.com/r/Monkeypox/comments/w74htg/first_child_monkeypox_cases_in_us_are_reported/","First child monkeypox cases in U.S. are reported, including a toddler in California",NA,179,179,0.97,2022-07-24 20:03:38,"en",0.175008967450253,"positive",8,"post","Scientific/policy debates on mutations and reinfection, stigma’s role in public perception, and advocacy for marginalized groups amid systemic gaps.","Mutations, reinfection risks"
"r/Monkeypox","https://www.reddit.com/r/Monkeypox/comments/w71fd3/why_its_way_harder_to_get_tested_for_monkeypox/","Why It's Way Harder to Get Tested for Monkeypox Than It Should Be",NA,63,63,0.97,2022-07-24 17:50:14,"en",0,"neutral",8,"post","Scientific/policy debates on mutations and reinfection, stigma’s role in public perception, and advocacy for marginalized groups amid systemic gaps.","Mutations, reinfection risks"
"r/Monkeypox","https://www.reddit.com/r/Monkeypox/comments/w6en9w/i_literally_screamed_out_loud_in_pain_my_two/","‘I literally screamed out loud in pain’: my two weeks of monkeypox hell",NA,235,235,0.94,2022-07-23 21:28:42,"en",-0.363230777089783,"negative",7,"post","Cross-border spread of strains, personal accounts of severe symptoms, and critiques of institutional response delays and inequities.","Cross-border spread, severe cases"
"r/Monkeypox","https://www.reddit.com/r/Monkeypox/comments/w5z1sy/cdc_weighs_monkeypox_vaccine_for_kids_as_outbreak/","CDC weighs monkeypox vaccine for kids as outbreak grows: 6 updates (June 24th, 2022)",NA,41,41,0.92,2022-07-23 08:34:30,"en",-0.126020859771244,"negative",8,"post","Scientific/policy debates on mutations and reinfection, stigma’s role in public perception, and advocacy for marginalized groups amid systemic gaps.","Mutations, reinfection risks"
"r/Monkeypox","https://www.reddit.com/r/Monkeypox/comments/w61ox0/monkeypox_outbreak_epidemiological_overview_22/","Monkeypox outbreak: epidemiological overview, 22 July 2022",NA,17,17,0.9,2022-07-23 11:20:37,"en",-0.195230676467507,"negative",3,"post","Post-peak concerns include declining cases, lingering public health challenges (e.g., misinformation, isolation fatigue), and scientific analyses of mutations/long-term impacts.","Post-outbreak issues, mutations"
"r/Monkeypox","https://www.reddit.com/r/Monkeypox/comments/w5z6to/clinical_trials_could_get_monkeypox_drug_to/","Clinical trials could get monkeypox drug to desperate patients, but U.S. efforts lag",NA,24,24,0.91,2022-07-23 08:43:37,"en",-0.370071045754182,"negative",3,"post","Post-peak concerns include declining cases, lingering public health challenges (e.g., misinformation, isolation fatigue), and scientific analyses of mutations/long-term impacts.","Post-outbreak issues, mutations"
"r/Monkeypox","https://www.reddit.com/r/Monkeypox/comments/w5j1gr/lgbtq_people_rallied_in_new_york_for_better/","LGBTQ People Rallied In New York For Better Information And Support As Monkeypox Cases Rise",NA,96,96,0.93,2022-07-22 19:25:49,"en",0.352239011289337,"positive",1,"post","Discussions focus on global mpox transmission concerns, public health responses (especially vaccine distribution and messaging), and stigma, with emphasis on LGBTQ+ communities and personal experiences of symptoms/issues.","Transmission, stigma, vaccines"
"r/Monkeypox","https://www.reddit.com/r/Monkeypox/comments/w5a8lr/nobodys_acting_like_this_is_an_emergency_act_up/","‘Nobody’s acting like this is an emergency’: Act Up Veteran Peter Staley Condemns US Monkeypox Response",NA,173,173,0.96,2022-07-22 13:08:56,"en",-0.218374818885827,"negative",8,"post","Scientific/policy debates on mutations and reinfection, stigma’s role in public perception, and advocacy for marginalized groups amid systemic gaps.","Mutations, reinfection risks"
"r/Monkeypox","https://www.reddit.com/r/Monkeypox/comments/w54fsa/eurosurveillance_paediatric_monkeypox_patient/","Eurosurveillance | Paediatric monkeypox patient with unknown source of infection, the Netherlands, June 2022",NA,31,31,0.96,2022-07-22 07:35:26,"en",-0.118144556035541,"negative",8,"post","Scientific/policy debates on mutations and reinfection, stigma’s role in public perception, and advocacy for marginalized groups amid systemic gaps.","Mutations, reinfection risks"
"r/Monkeypox","https://www.reddit.com/r/Monkeypox/comments/w4zctq/nhs_scaling_up_monkeypox_vaccination_programme_in/","NHS scaling up monkeypox vaccination programme in London as more than 2,000 cases confirmed across UK | UK News",NA,33,33,0.96,2022-07-22 02:49:00,"en",0.0661741875411597,"neutral",8,"post","Scientific/policy debates on mutations and reinfection, stigma’s role in public perception, and advocacy for marginalized groups amid systemic gaps.","Mutations, reinfection risks"
"r/Monkeypox","https://www.reddit.com/r/Monkeypox/comments/w50090/hhs_orders_additional_vaccine_increases_testing/","HHS orders additional vaccine, increases testing capacity to respond to monkeypox outbreak",NA,13,13,0.94,2022-07-22 03:22:03,"en",-0.0236289112071082,"neutral",9,"post","Sociopolitical reactions dominate, including stigma, naming controversies, and comparisons to past pandemics, alongside frustration with institutional mismanagement.","Stigma, naming debates"
"r/Monkeypox","https://www.reddit.com/r/Monkeypox/comments/w4ek8i/monkeypox_spreading_in_cluster_events_but/","Monkeypox spreading in 'cluster events,' but vaccines can help stop it, local health officials say",NA,83,83,0.91,2022-07-21 11:42:31,"en",-0.126806044064161,"negative",7,"post","Cross-border spread of strains, personal accounts of severe symptoms, and critiques of institutional response delays and inequities.","Cross-border spread, severe cases"
"r/Monkeypox","https://www.reddit.com/r/Monkeypox/comments/w4mlmu/dr_anthony_fauci_on_monkeypox_and_where_the_us/","Dr. Anthony Fauci on Monkeypox and Where the U.S. Stands",NA,14,14,0.77,2022-07-21 17:34:20,"en",0,"neutral",4,"post","Criticism of systemic public health failures (e.g., vaccine disparities, bureaucratic delays) and anxiety about broadening transmission (e.g., pediatric cases, workplaces).","Systemic failures, inequity"
"r/Monkeypox","https://www.reddit.com/r/Monkeypox/comments/w494yh/act_up_ny_emergency_action_march_against/","ACT UP NY - EMERGENCY ACTION: MARCH AGAINST MONKEYPOX AND GOVERNMENT FAILURE. Join us and community members this Thurs, July 21 at 6 PM EST at Foley Square, NYC.",NA,84,84,0.79,2022-07-21 06:13:56,"en",-0.108797830591532,"negative",8,"post","Scientific/policy debates on mutations and reinfection, stigma’s role in public perception, and advocacy for marginalized groups amid systemic gaps.","Mutations, reinfection risks"
"r/Monkeypox","https://www.reddit.com/r/Monkeypox/comments/w464nw/with_19_confirmed_cases_michigan_launches/","With 19 confirmed cases, Michigan launches monkeypox tracking website",NA,44,44,0.89,2022-07-21 03:31:01,"en",0.0964646260582434,"neutral",1,"post","Discussions focus on global mpox transmission concerns, public health responses (especially vaccine distribution and messaging), and stigma, with emphasis on LGBTQ+ communities and personal experiences of symptoms/issues.","Transmission, stigma, vaccines"
"r/Monkeypox","https://www.reddit.com/r/Monkeypox/comments/w4hef3/indian_government_takes_steps_to_reduce_monkeypox/","Indian government takes steps to reduce monkeypox risk",NA,3,3,0.6,2022-07-21 13:59:06,"en",-0.241161565145608,"negative",3,"post","Post-peak concerns include declining cases, lingering public health challenges (e.g., misinformation, isolation fatigue), and scientific analyses of mutations/long-term impacts.","Post-outbreak issues, mutations"
"r/Monkeypox","https://www.reddit.com/r/Monkeypox/comments/w3jyf3/texas_reports_first_case_of_monkeypox_in_female/","Texas reports first case of monkeypox in female",NA,147,147,0.96,2022-07-20 11:27:33,"en",0.0771717008465947,"neutral",8,"post","Scientific/policy debates on mutations and reinfection, stigma’s role in public perception, and advocacy for marginalized groups amid systemic gaps.","Mutations, reinfection risks"
"r/Monkeypox","https://www.reddit.com/r/Monkeypox/comments/w3g9hv/fighting_monkeypox_sexual_health_clinics_are/","Fighting Monkeypox, Sexual Health Clinics Are Underfunded and Ill-Equipped",NA,42,42,0.94,2022-07-20 07:32:37,"en",-0.224329519741943,"negative",6,"post","Emergence of high-risk mpox variants (e.g., Clade I), underreported global spread, and debates over containment strategies beyond MSM communities.","New variants, containment struggles"
"r/Monkeypox","https://www.reddit.com/r/Monkeypox/comments/w3kamz/a_bumpy_ride_monkeypox_podcast_from_writer_and/","A bumpy ride: monkeypox podcast from writer and activist Leo Herrara (in Berlin)",NA,9,9,0.81,2022-07-20 11:47:09,"en",-0.0756730785603714,"neutral",2,"post","Debates center on mpox spread among MSM, vaccine access challenges, and comparisons to COVID-19, alongside personal symptom accounts and frustration with public health failures.","MSM focus, vaccine inequity"
"r/Monkeypox","https://www.reddit.com/r/Monkeypox/comments/w2zdsj/monkeypox_concern_grows_as_virus_spreads_in/","Monkeypox concern grows as virus spreads in Chicago: ‘They need to get loud about this’",NA,111,111,0.97,2022-07-19 18:13:27,"en",-0.190209066096242,"negative",6,"post","Emergence of high-risk mpox variants (e.g., Clade I), underreported global spread, and debates over containment strategies beyond MSM communities.","New variants, containment struggles"
"r/Monkeypox","https://www.reddit.com/r/Monkeypox/comments/w2nx14/with_monkeypox_spreading_globally_many_experts/","With monkeypox spreading globally, many experts believe the virus can’t be contained",NA,96,96,0.94,2022-07-19 08:51:50,"en",-0.0756730785603714,"neutral",6,"post","Emergence of high-risk mpox variants (e.g., Clade I), underreported global spread, and debates over containment strategies beyond MSM communities.","New variants, containment struggles"
"r/Monkeypox","https://www.reddit.com/r/Monkeypox/comments/w2d7vw/for_monkeypox_patients_excruciating_symptoms_and/","For Monkeypox Patients, Excruciating Symptoms and a Struggle for Care",NA,115,115,0.95,2022-07-18 23:14:21,"en",-0.112164759870971,"negative",5,"post","Fears of mpox resurgence or endemicity, debates over vaccine strategies, and critiques of global disparities in outbreak response.","Resurgence fears, global disparities"
"r/Monkeypox","https://www.reddit.com/r/Monkeypox/comments/w25qyj/daily_discussion_week_of_july_18_july_24_2022/","Daily Discussion | Week of July 18 - July 24, 2022","#Daily Discussion | Week of July 18- July 24, 2022

This thread is for general discussion about Monkeypox Virus and the ongoing outbreak of 2022. Please use this space to post anecdotes, ask questions, and hold other conversations that are not directly related to the topic of another standalone post. 

The moderation of content in this thread will be more relaxed in regard to staying on-topic and posting about personal experiences and opinions is allowed, however the rules of r/Monkeypox still apply.

In particular, please remember rule #9; this subreddit is not an appropriate place to seek or supply medical advice. If you are concerned about your health, talk to a licensed medical provider.

In case you missed it, catch up on last week’s discussion [here.](https://www.reddit.com/r/Monkeypox/comments/vxa0lf/daily_discussion_thread_week_of_july_11_july_17/?utm_source=share&amp;utm_medium=ios_app&amp;utm_name=iossmf)",30,30,0.93,2022-07-18 17:58:12,"en",0.191754173635227,"positive",8,"post","Scientific/policy debates on mutations and reinfection, stigma’s role in public perception, and advocacy for marginalized groups amid systemic gaps.","Mutations, reinfection risks"
"r/Monkeypox","https://www.reddit.com/r/Monkeypox/comments/w1ojit/were_fighting_two_pandemics_at_once_nyc_opens/","‘We're Fighting Two Pandemics at Once': NYC Opens Monkeypox Mass Vaccination Sites",NA,148,148,0.95,2022-07-18 02:47:53,"en",-0.126020859771244,"negative",7,"post","Cross-border spread of strains, personal accounts of severe symptoms, and critiques of institutional response delays and inequities.","Cross-border spread, severe cases"
"r/Monkeypox","https://www.reddit.com/r/Monkeypox/comments/w1gujy/us_monkeypox_outbreak_demand_for_vaccines/","US monkeypox outbreak: Demand for vaccines outstrips supply",NA,79,79,0.97,2022-07-17 20:38:45,"en",-0.250808027751433,"negative",8,"post","Scientific/policy debates on mutations and reinfection, stigma’s role in public perception, and advocacy for marginalized groups amid systemic gaps.","Mutations, reinfection risks"
"r/Monkeypox","https://www.reddit.com/r/Monkeypox/comments/w0v8k0/dallas_man_with_monkeypox_describes_painful/","Dallas Man With Monkeypox Describes Painful Symptoms, says the symptoms are “100 times worse” than COVID-19",NA,233,233,0.95,2022-07-17 01:05:19,"en",-0.288835989257256,"negative",2,"post","Debates center on mpox spread among MSM, vaccine access challenges, and comparisons to COVID-19, alongside personal symptom accounts and frustration with public health failures.","MSM focus, vaccine inequity"
"r/Monkeypox","https://www.reddit.com/r/Monkeypox/comments/w10t24/a_systematic_review_of_the_epidemiology_of_human/","A systematic review of the epidemiology of human monkeypox outbreaks and implications for outbreak strategy [2019]",NA,17,17,0.83,2022-07-17 06:25:28,"en",-0.112716483612588,"negative",8,"post","Scientific/policy debates on mutations and reinfection, stigma’s role in public perception, and advocacy for marginalized groups amid systemic gaps.","Mutations, reinfection risks"
"r/Monkeypox","https://www.reddit.com/r/Monkeypox/comments/w0dt8p/nyc_will_use_a_onedose_monkeypox_vaccine_strategy/","NYC will use a one-dose monkeypox vaccine strategy to stretch supplies, despite FDA, CDC warnings against the move",NA,144,144,0.97,2022-07-16 10:44:41,"en",-0.0625945149120633,"neutral",5,"post","Fears of mpox resurgence or endemicity, debates over vaccine strategies, and critiques of global disparities in outbreak response.","Resurgence fears, global disparities"
"r/Monkeypox","https://www.reddit.com/r/Monkeypox/comments/vziy2h/unprecedented_spread_of_monkeypox_spurs_call_for/","""Unprecedented"" spread of monkeypox spurs call for faster response",NA,165,165,0.96,2022-07-15 07:48:54,"en",0.109137265968653,"positive",1,"post","Discussions focus on global mpox transmission concerns, public health responses (especially vaccine distribution and messaging), and stigma, with emphasis on LGBTQ+ communities and personal experiences of symptoms/issues.","Transmission, stigma, vaccines"
"r/Monkeypox","https://www.reddit.com/r/Monkeypox/comments/vzfz4m/lesions_headaches_debilitating_pain_gay_men_with/","Lesions, headaches, debilitating pain: Gay men with monkeypox share their stories",NA,65,65,0.92,2022-07-15 04:46:45,"en",-0.28792858330031,"negative",6,"post","Emergence of high-risk mpox variants (e.g., Clade I), underreported global spread, and debates over containment strategies beyond MSM communities.","New variants, containment struggles"
"r/Monkeypox","https://www.reddit.com/r/Monkeypox/comments/vzbg3j/monkeypoxtally_breaking_the_cdc_just_reported_417/","[Monkeypoxtally] BREAKING: The CDC just reported 417 additional Monkeypox cases across the USA for a total of 1,470 confirmed cases. This smashes the last 4 USA records combined!",NA,117,117,0.95,2022-07-15 00:56:28,"en",0.0172621094982343,"neutral",7,"post","Cross-border spread of strains, personal accounts of severe symptoms, and critiques of institutional response delays and inequities.","Cross-border spread, severe cases"
"r/Monkeypox","https://www.reddit.com/r/Monkeypox/comments/vz9fq8/what_went_wrong_with_the_rollout_of_the_monkeypox/","What went wrong with the rollout of the monkeypox vaccine?",NA,18,18,0.83,2022-07-14 23:19:22,"en",-0.129420876774198,"negative",4,"post","Criticism of systemic public health failures (e.g., vaccine disparities, bureaucratic delays) and anxiety about broadening transmission (e.g., pediatric cases, workplaces).","Systemic failures, inequity"
"r/Monkeypox","https://www.reddit.com/r/Monkeypox/comments/vyybqn/monkeypox_case_in_kerala_indias_first_monkeypox/","Monkeypox Case in Kerala: India's first Monkeypox case reported in Kerala | India News - Times of India",NA,59,59,0.88,2022-07-14 15:17:00,"en",0,"neutral",8,"post","Scientific/policy debates on mutations and reinfection, stigma’s role in public perception, and advocacy for marginalized groups amid systemic gaps.","Mutations, reinfection risks"
"r/Monkeypox","https://www.reddit.com/r/Monkeypox/comments/vz348f/demand_for_monkeypox_vaccine_rises_with_case/","Demand for monkeypox vaccine rises with case counts, but supply remains low",NA,23,23,0.85,2022-07-14 18:43:36,"en",-0.0787630373570273,"neutral",8,"post","Scientific/policy debates on mutations and reinfection, stigma’s role in public perception, and advocacy for marginalized groups amid systemic gaps.","Mutations, reinfection risks"
"r/Monkeypox","https://www.reddit.com/r/Monkeypox/comments/vyccvm/monkeypox_cases_in_canada_rise_by_59_in_9_days/","Monkeypox cases in Canada rise by 59% in 9 days - National | Globalnews.ca",NA,87,87,0.96,2022-07-13 19:59:57,"en",0,"neutral",7,"post","Cross-border spread of strains, personal accounts of severe symptoms, and critiques of institutional response delays and inequities.","Cross-border spread, severe cases"
"r/Monkeypox","https://www.reddit.com/r/Monkeypox/comments/vyk3t5/why_do_poxviruses_still_matter_cell_bioscience/","Why Do Poxviruses Still Matter? - Cell &amp; Bioscience (May 2021)",NA,16,16,0.86,2022-07-14 01:53:32,"en",0,"neutral",8,"post","Scientific/policy debates on mutations and reinfection, stigma’s role in public perception, and advocacy for marginalized groups amid systemic gaps.","Mutations, reinfection risks"
"r/Monkeypox","https://www.reddit.com/r/Monkeypox/comments/vxo810/105_cases_of_monkeypox_confirmed_in_chicago/","105 Cases of Monkeypox Confirmed in Chicago, Health Officials Announce",NA,100,100,0.97,2022-07-12 23:02:59,"en",0.0909477216405446,"neutral",7,"post","Cross-border spread of strains, personal accounts of severe symptoms, and critiques of institutional response delays and inequities.","Cross-border spread, severe cases"
"r/Monkeypox","https://www.reddit.com/r/Monkeypox/comments/vxhm81/who_to_convene_second_emergency_meeting_to_decide/","WHO to convene second emergency meeting to decide if monkeypox is a global health threat as cases rise to 9,200",NA,106,106,0.96,2022-07-12 18:09:20,"en",-0.137707932806539,"negative",7,"post","Cross-border spread of strains, personal accounts of severe symptoms, and critiques of institutional response delays and inequities.","Cross-border spread, severe cases"
"r/Monkeypox","https://www.reddit.com/r/Monkeypox/comments/vxez5w/this_podcast_will_kill_you_monkeypox_here_we_go/","This Podcast Will Kill You : Monkeypox: Here we go again?",NA,28,28,0.92,2022-07-12 16:14:02,"en",-0.129420876774198,"negative",8,"post","Scientific/policy debates on mutations and reinfection, stigma’s role in public perception, and advocacy for marginalized groups amid systemic gaps.","Mutations, reinfection risks"
"r/Monkeypox","https://www.reddit.com/r/Monkeypox/comments/vxi5mo/definition_of_a_significant_milestone_and/","Definition of a ''significant milestone'' and ''increasing at an unusual rate'' in case-count posts.","Heya everyone.

I've received some requests to elaborate more on those definitions. That's why I've decided to make a post about it. If you'd have the feelings that there is something missing, feel free to reply at this post. Keep in mind that the numbers provided in this topic **aren't actual case-countings**.

Also please follow the subreddit rules in the comments too.

**Significant milestone:**  
Per country and global.

10, 100, 250, 500, 1000, 2500, 5000, 10000, the moment there are more cases than subreddit members, 25000, 50000, 100000, 250000, 500000, and 1000000.

**Increasing at an unusual rate:**

This is something I actually wanna receive suggestions about from the community. I'd personally think **&gt;25,0%** per interval of reporting cases per country is a good guideline. But I'm not exactly sure about that, so I'd love to receive opinions about it.",18,18,0.75,2022-07-12 18:32:53,"en",0.0953087409572763,"neutral",1,"post","Discussions focus on global mpox transmission concerns, public health responses (especially vaccine distribution and messaging), and stigma, with emphasis on LGBTQ+ communities and personal experiences of symptoms/issues.","Transmission, stigma, vaccines"
"r/Monkeypox","https://www.reddit.com/r/Monkeypox/comments/vxa0lf/daily_discussion_thread_week_of_july_11_july_17/","Daily Discussion Thread | Week of July 11 - July 17, 2022","# Daily Discussion Thread | Week of July 11- July 17, 2022

This thread is for general discussion about Monkeypox Virus and the ongoing outbreak of 2022. Please use this space to post anecdotes, ask questions, and hold other conversations that are not directly related to the topic of another standalone post. The moderation of content in this thread will be more relaxed in regard to staying on-topic and posting about personal experiences and opinions is allowed, however the rules of r/Monkeypox still apply. In particular, please remember rule #9; this subreddit is not an appropriate place to seek or supply medical advice. If you are concerned about your health, talk to a licensed medical provider. This thread will be archived and refreshed weekly.",22,22,0.91,2022-07-12 12:27:43,"en",0.223519707495359,"positive",1,"post","Discussions focus on global mpox transmission concerns, public health responses (especially vaccine distribution and messaging), and stigma, with emphasis on LGBTQ+ communities and personal experiences of symptoms/issues.","Transmission, stigma, vaccines"
"r/Monkeypox","https://www.reddit.com/r/Monkeypox/comments/vxcs60/monkeypox_outbreak_epidemiological_overview_12/","Monkeypox outbreak: epidemiological overview, 12 July 2022",NA,14,14,0.83,2022-07-12 14:38:55,"en",-0.195230676467507,"negative",7,"post","Cross-border spread of strains, personal accounts of severe symptoms, and critiques of institutional response delays and inequities.","Cross-border spread, severe cases"
"r/Monkeypox","https://www.reddit.com/r/Monkeypox/comments/vwr7ke/new_york_city_opening_2500_new_monkeypox_vaccine/","New York City opening 2,500 new monkeypox vaccine appointments",NA,56,56,0.93,2022-07-11 19:46:27,"en",0.308686803386379,"positive",7,"post","Cross-border spread of strains, personal accounts of severe symptoms, and critiques of institutional response delays and inequities.","Cross-border spread, severe cases"
"r/Monkeypox","https://www.reddit.com/r/Monkeypox/comments/vwlkxl/efforts_to_curb_uk_monkeypox_outbreak_inadequate/","Efforts to curb UK monkeypox outbreak inadequate, warn experts",NA,93,93,0.96,2022-07-11 15:49:08,"en",-0.418359519546505,"negative",7,"post","Cross-border spread of strains, personal accounts of severe symptoms, and critiques of institutional response delays and inequities.","Cross-border spread, severe cases"
"r/monkeypoxpositive","https://www.reddit.com/r/monkeypoxpositive/comments/1m17k57/day_10_starting_to_worry/","Day 10 - Starting to worry…","Mpox test result finally came back positive yesterday after a lesion appeared 10 days ago. Only one lesion has appeared on my penis but it is large (~the size of my pinky fingernail) and does not seem to be scabbing/healing. The border of the lesion is white in color and the thickness of the border seems to change by the hour without any sort of obvious reason why. No other symptoms so far (I’m very grateful/lucky). I’m fully vaxxed (dose one in mid 2022 and dose about a year later). 

I went to medical staff on day 3 and they were dressed in full PPE/haz mat suits when they greeted me and performed the initial exam/testing. Mpox wasn’t on my radar at all so the full PPE really freaked me out. The doctor was certain it was Mpox immediately up seeing the lesion and said they’d seen other cases in recent days. 

Based on the experiences shared by others, it seems once a scab forms the new skin forms fairly quickly/in only a few days. ***I’d be grateful if anyone has specific tips how to heal as quickly as possible and minimize scarring.***
",1,1,1,2025-07-16 08:52:31,"en",0.174006691187842,"positive",8,"post","Scientific/policy debates on mutations and reinfection, stigma’s role in public perception, and advocacy for marginalized groups amid systemic gaps.","Mutations, reinfection risks"
"r/monkeypoxpositive","https://www.reddit.com/r/monkeypoxpositive/comments/1levyrn/mpox_can_we_really_prevent_spreading_it_to_other/","Mpox - can we really prevent spreading it to other body parts?","Hey everyone — just wanted to see if anyone who’s been through this has tips on how to manage lesions, showering, sleeping, etc to try to not to spread it to other parts of your body.

I’ve been super careful: constantly washing my hands, using gloves, hydrocolloid patches, Q-tips to apply ointments — the whole routine. But even with all that, new lesions are still popping up. It’s honestly taking me over an hour just to shower and treat everything, and I’m wondering… is this normal? Did anyone else feel like no matter how careful you were, it still spread?

I’ve come to terms with having it and just trying to get though this, but the care routine is worse than the symptoms and not sure if I’m just overdoing it? 


———————————


Background/ full story for those interested: 

I don’t have a confirmed test yet, but my dermatologist said it’s almost definitely mpox and did a biopsy to be sure.

It started with a few days of feeling generally off — low energy, minor headache, like I was about to get sick but never really did. Then I noticed what looked like a pimple on my nose. A day later, a couple more showed up. By the time I saw the dermatologist (3 days after the first one), new ones were already showing up on my body.

Around that same time the first lesion appeared, I also started having rectal discomfort and some minor bleeding — I thought it might be hemorrhoids (I’ve never had painful hemorrhoids before), but I’m now guessing it’s proctitis from the virus. I don’t have visible lesions in that area or around my genitals, but I do have them on my scalp, face, hands, arms, legs, feet, and torso — basically everywhere else. At least so far. 

Started with just a couple of bumps… now I’m at around 40 lesions in less than a week.

I’m fully vaccinated (2022), based in NYC, and gay, HIV-. I have no idea where I got exposed.",3,3,1,2025-06-18 23:31:05,"en",0.0703922296456207,"neutral",1,"post","Discussions focus on global mpox transmission concerns, public health responses (especially vaccine distribution and messaging), and stigma, with emphasis on LGBTQ+ communities and personal experiences of symptoms/issues.","Transmission, stigma, vaccines"
"r/monkeypoxpositive","https://www.reddit.com/r/monkeypoxpositive/comments/1l7x0nc/mpox_in_the_philippines_please_read_before_posting/","Mpox in the Philippines 🇵🇭 Please Read Before Posting","Due to a recent increase in the number of posts we are receiving from Filipino users, we would like to provide some factual information about the mpox situation in the Philippines.
___

######1. This outbreak is not new— mpox has been in the Philippines since 2022.  

* The number of cases that the Philippines is currently reporting is small relative to other countries around the world.  
* Various news reports indicate that in May there were fewer than 50 cases reported in the country. This represents a decrease from the month prior which suggests that these are isolated clusters not an escalating epidemic.  
* Despite what some news reports are claiming, it is very likely that some of these are suspected rather than confirmed cases.  
* There is a history of mpox case numbers being revised downward after initial reports when the data is reviewed. (In September of 2024 for instance some 200 mpox cases were reported, but of these only 11 ended up being confirmed).  
* Because reporting is inconsistent, take the numbers you read at this time to be estimates— the true figure may be slightly lower (due to suspected cases mistakenly being counted as confirmed) or higher (due to underreporting or testing bottlenecks).  
___

######2. This outbreak is not related to the Public Health Emergency of International Concern for the Clade I outbreak in East Africa.

* All cases in the country to date have been Clade IIb which is the less severe variant, and the same virus that has been circulating around the globe for the past 3 years in virtually every country.  
* All of the most recent cases have been mild and patients recover after 2 to 3 weeks and move on with their lives.  
* Mpox is not generally life threatening to people with a healthy immune system— it is most dangerous to people who have undiagnosed or untreated HIV infections.  
* Everyone should be tested for HIV— this is one way you can proactively protect yourself against mpox and safeguard your health in general. 
* While there is no treatment for mpox, there is a vaccine available— although local availability may vary. It is usually reserved for those who are at the highest risk of infection.   
___

######3. What is being reported is not out of the ordinary for the region—the situation is not alarming from an epidemiological standpoint .

* Many other countries have experienced occasional clusters of cases that cause a small uptick in their numbers. These typically fizzle out naturally without any special measures being taken besides education. There will not be a “lockdown”.
* Cases are not being transmitted stranger to stranger in the market or on public transit— those people who have gotten infected have known the person who transmitted the virus to them personally. They are often family members, close friends, and particularly sexual partners.  
* Mpox is not transmitted through the air under normal circumstances.  
* Using public bathrooms and public transit will not increase the risk of you getting mpox.  
* Mpox mostly transmits sexually, it is very unusual for it to transmit by other means.  
* Anyone can get mpox, but the people who most often do are men who have sex with men, particularly those who are HIV positive. Women rarely get Clade IIb mpox.  
* If you do not know someone who has had mpox personally and if you are not a sexually active gay man (or a man in general) it is highly unlikely that you have mpox.  
____

There is no reason for the vast majority of Filipino people to worry about getting mpox— at this time that risk remains very remote. 

Please feel free to ask any questions you may have about mpox in the comments ⤵ 


",2,2,1,2025-06-10 12:06:52,"en",0.0504190637573828,"neutral",2,"post","Debates center on mpox spread among MSM, vaccine access challenges, and comparisons to COVID-19, alongside personal symptom accounts and frustration with public health failures.","MSM focus, vaccine inequity"
"r/monkeypoxpositive","https://www.reddit.com/r/monkeypoxpositive/comments/1l7g7lj/tested_postive_for_mpox/","Tested Postive for mpox","Hey everyone,

So this started off last Thursday as three large lesions on the shaft of my penis which when I went to the Sexual health clinic was swabbed for test. They told me it was mpox right away.

That followed with high fever, headaches and chills over the weekend along with penis swelling, painful urination and constant penile discharge, has anybody else experienced that? 

As of today, the result came back postive and I have few more lesions appear on my face, neck and arms. High fever and chills not subsided as of Day 3.

I was able to trace all the other symptoms except the penis swelling, discharge and painful urination, the doctor gave me an antibiotic (ciprofloxin) to take care of that.

",3,3,1,2025-06-09 20:53:50,"en",-0.177937020956585,"negative",8,"post","Scientific/policy debates on mutations and reinfection, stigma’s role in public perception, and advocacy for marginalized groups amid systemic gaps.","Mutations, reinfection risks"
"r/monkeypoxpositive","https://www.reddit.com/r/monkeypoxpositive/comments/1l6ye02/male_25_straight_vaccinated_hiv/","Male, 25, straight, vaccinated, HIV-","Is this Mpox?

  
I had colds and was feverish last Friday, then the itchy bumps appeared yesterda. looks like the tiny spots are fluid-filled.",2,2,1,2025-06-09 07:14:08,"en",-0.0325008021134738,"neutral",2,"post","Debates center on mpox spread among MSM, vaccine access challenges, and comparisons to COVID-19, alongside personal symptom accounts and frustration with public health failures.","MSM focus, vaccine inequity"
"r/monkeypoxpositive","https://www.reddit.com/r/monkeypoxpositive/comments/1l6n87a/male_25_philippines_straight_vaccinated_hiv/","Male, 25, Philippines, straight, Vaccinated, HIV -","There been a paranoia in our country about it, now I am paranoid- is this it? No fever or colds",1,1,1,2025-06-08 21:20:08,"en",0.118609385766658,"positive",8,"post","Scientific/policy debates on mutations and reinfection, stigma’s role in public perception, and advocacy for marginalized groups amid systemic gaps.","Mutations, reinfection risks"
"r/monkeypoxpositive","https://www.reddit.com/r/monkeypoxpositive/comments/1l4tvpx/can_someone_help_me/","Can someone help me.","Is this mpox? I've never experienced any symptoms except for this on my right upper arm. There are no rashes on my body or face. 

Thank you for helping me",1,1,1,2025-06-06 14:30:47,"en",0.193120702087336,"positive",8,"post","Scientific/policy debates on mutations and reinfection, stigma’s role in public perception, and advocacy for marginalized groups amid systemic gaps.","Mutations, reinfection risks"
"r/monkeypoxpositive","https://www.reddit.com/r/monkeypoxpositive/comments/1l2ty4c/help_me_check_if_this_is_mpox/","Help me check if this is MPOX",NA,1,1,1,2025-06-04 02:05:50,"en",0,"neutral",2,"post","Debates center on mpox spread among MSM, vaccine access challenges, and comparisons to COVID-19, alongside personal symptom accounts and frustration with public health failures.","MSM focus, vaccine inequity"
"r/monkeypoxpositive","https://www.reddit.com/r/monkeypoxpositive/comments/1l2etpp/is_this_mpox/","Is this mpox?",NA,1,1,0.99,2025-06-03 15:27:04,"en",0,"neutral",8,"post","Scientific/policy debates on mutations and reinfection, stigma’s role in public perception, and advocacy for marginalized groups amid systemic gaps.","Mutations, reinfection risks"
"r/monkeypoxpositive","https://www.reddit.com/r/monkeypoxpositive/comments/1l1y02a/is_this_mpox/","Is this MPOX?","Hi guys! Just wondering if this is an early sign of mpox. Cause I’m scared, I might’ve transmitted mpox to my family. 

I have no other symptoms aside this painful blister, they are sometimes itchy but more on painful side. I cannot use my hands that much cause they’re painful. This is just day two. I have these on my both  hands and feet. Just redness on the feet. 

I’m not sexually active, I do went to a few crowded places like church and mall.",0,0,0.5,2025-06-03 00:13:02,"en",-0.166179097139539,"negative",7,"post","Cross-border spread of strains, personal accounts of severe symptoms, and critiques of institutional response delays and inequities.","Cross-border spread, severe cases"
"r/monkeypoxpositive","https://www.reddit.com/r/monkeypoxpositive/comments/1kt17bl/is_this_mpox/","Is this mpox?",NA,3,3,1,2025-05-22 20:34:26,"en",0,"neutral",8,"post","Scientific/policy debates on mutations and reinfection, stigma’s role in public perception, and advocacy for marginalized groups amid systemic gaps.","Mutations, reinfection risks"
"r/monkeypoxpositive","https://www.reddit.com/r/monkeypoxpositive/comments/1kn5yav/suspected_mpoxcurrently_battling_it/","Suspected MPOX(Currently battling it)","BACKGROUND: I work as for hire(bi/gay). So definitely, my chances of getting this is high.

Timeline. I had a client April 26, 2025.Thats definitely where I contracted it.

May 1-2, 2025: Super itchy throat 10/10 especially when I lie on bed( i shrugged it off since I have GERD) si i thought, acid might just coming up. 2 straight nights.

May 2: i can now feel swollen lymphnodes on my left part of my groin. Pain is still 1/10. I am now thinking I got STD (gonorhea or chlamydia) Had it before already. So basically in a day a 2 there should be discharge but none. But the swollen didnt went away so im sure, there's an infection. Thats how swollen lymphnodes work as a defence.

May 2-5: all goods, body normal, no fever or anything aside from the swollen lymphnodes. experienced night sweat but no fever.. Its hot in the Philippines now so it might be it even though I got the AC on.

May 6: while sleeping my Penis is itching. 7/10  itchy

May 7: when i woke up and check on my penis, I saw 2 blister/ puss filled one the head and on the body part and then one on the tip of my penis. 3 initial lesions. Didnt waste time, my partner have skin rashes bit not lesions pimple since May 1 but subsided and on this day he have itchy throat. He went to get tested for Syphillis, Hepa, and HIV all negative. Me? I went for Urologist, which he suspected for Folliculitis for the blister and STD. Since my partner had discharge on this same day. Both of us were givin azithromizin and Cefixime.

May 9: blister is getting big . and the burning sensation is still not healing, usually if this is STD, 1or 2days after starting antibiotics burning sensation is gone already but not for me.

May 10: thats when we suspected MPOX. cause theres 2 on my arm. One at the back. Its longweekend in the philippines so hard for clinic and doctors . And we finished our antibiotics too if it will subside. But already did precautions not to spread besides we didnt have sex nor client even on April 26

May 13: finished our antibiotics but blisters if counting it, 22. and the first 3 is drying up now. Though burning sensation while peeing is still there but 2/10 for the pain.

May 14: the first time we were check by our local health dept. They went here to assess and check and will be waiting for schedule for the swab, since we only got 1 hospital that can test for such things likes this. Besides, tested positive or not no cure. But they are itchy. I opened up if can get TPOXX but they said its for severe and immunocompromised yada yada,, like 100 plus blisters.

May 15: 8th day of simce my first lesions. So way more to go, cause they said 14-28 days. Saw some reddit that they are fully healed 3weeks.

So yeah, I will update this again. Cause now im just counting days. No options anyway. Cant go out. I was given Clindamycin today 4 times a day for a week.

Had covid before during pandemic, but my fever and body ache during that time is wayyyy severe. Now, its all good, aside from the lesion that is not appealing and will leave scars for few months maybe.",4,4,1,2025-05-15 11:36:22,"en",-0.0431843845941549,"neutral",8,"post","Scientific/policy debates on mutations and reinfection, stigma’s role in public perception, and advocacy for marginalized groups amid systemic gaps.","Mutations, reinfection risks"
"r/monkeypoxpositive","https://www.reddit.com/r/monkeypoxpositive/comments/1kmt2jv/got_new_lesions_forming/","Got new lesions forming","I started having a rash almost 2 weeks ago that started on my legs and after 2 urgent care runs and 1 ER run, I finally got tested yesterday and still waiting for the result. I'm suspecting it could be monkeypox as I have similar symptoms as syphilis has been ruled out as well. My problem is its been two weeks and now spreading on my legs forming new lesions everyday even its been almost 2 weeks already. What can I do as my mental health has been disaster and scared. For people who had severe monkeypox and got healed, did you had similar experience and how are you now ?",1,1,1,2025-05-14 22:56:14,"en",0.00874548399988967,"neutral",8,"post","Scientific/policy debates on mutations and reinfection, stigma’s role in public perception, and advocacy for marginalized groups amid systemic gaps.","Mutations, reinfection risks"
"r/monkeypoxpositive","https://www.reddit.com/r/monkeypoxpositive/comments/1kl15uw/anxiety_after_the_infection/","Anxiety after the infection","My symptoms started about 3 weeks ago. Since then I have fully healed from all the lesions and my doctor told me that I’m no longer infectious.
I live alone and was able to isolate very effectively, but now I have these big bursts of anxiety when I’m around other people, my head tells me that there might be cross contamination and that somehow I could still spread the disease around.
Yesterday was that first time that my partner stayed the night with me since I started isolating, and it was really triggering, I had a really rough night and could’t sleep very well. He knows everything and I tried to do things that would make him comfortable to sleep with me again, but he basically just isn’t worried at all and we didn’t do much other than changing bedding (which I had already done before, when all my lesions were either healed or scabbing).
Has anyone had to deal with this or a similar situation ? How are you doing mentally? Did you do something special after having mpox to prevent spreading it?",2,2,1,2025-05-12 19:13:25,"en",-0.112134003669005,"negative",8,"post","Scientific/policy debates on mutations and reinfection, stigma’s role in public perception, and advocacy for marginalized groups amid systemic gaps.","Mutations, reinfection risks"
"r/monkeypoxpositive","https://www.reddit.com/r/monkeypoxpositive/comments/1kcac3q/i_got_thess_this_morning/","I got thess this Morning","Just saw these this morning, maybe bug bites, idk. I have been sexually active, so there's that. I cant get tested atm. I am flipping inside out about possibility of MPOx. I have absolutely no other symptoms and although these marks itch they all look different. I honestly didnt see them until this morning. Anyone can help identify them or gice me some peace of mind- Thank you.",2,2,1,2025-05-01 14:38:51,"en",0.0102144287719501,"neutral",8,"post","Scientific/policy debates on mutations and reinfection, stigma’s role in public perception, and advocacy for marginalized groups amid systemic gaps.","Mutations, reinfection risks"
"r/monkeypoxpositive","https://www.reddit.com/r/monkeypoxpositive/comments/1j5od79/is_this_mpox_it/","IS THIS MPOX? IT","I have random pimples appearing on my feet, legs and arms. Is this mpox or just a normal pimple? Little background i went to a beach trip on a tropical country just last week, super stress on work, and just got my period. This is a first time having pimples all over my body.",0,0,0.5,2025-03-07 13:54:54,"en",0.00859935957668743,"neutral",7,"post","Cross-border spread of strains, personal accounts of severe symptoms, and critiques of institutional response delays and inequities.","Cross-border spread, severe cases"
"r/monkeypoxpositive","https://www.reddit.com/r/monkeypoxpositive/comments/1j2qgi4/is_this/","Is this?","So, on Saturday I saw what seemed like a pimple so I popped it, but it continues to ooze some liquid.",1,1,0.6,2025-03-03 19:03:04,"en",-0.0372120373840686,"neutral",8,"post","Scientific/policy debates on mutations and reinfection, stigma’s role in public perception, and advocacy for marginalized groups amid systemic gaps.","Mutations, reinfection risks"
"r/monkeypoxpositive","https://www.reddit.com/r/monkeypoxpositive/comments/1is8ac1/is_this_mpox/","Is this mpox","20 M
No sexual history 
No travel 
It's day 2 of these 
New one's keep popping out
Sometimes itchy and painful
Have 5 to 6 in my head too",4,4,1,2025-02-18 08:46:00,"en",-0.0218274531937307,"neutral",5,"post","Fears of mpox resurgence or endemicity, debates over vaccine strategies, and critiques of global disparities in outbreak response.","Resurgence fears, global disparities"
"r/monkeypoxpositive","https://www.reddit.com/r/monkeypoxpositive/comments/1i6vtg3/9th_day_getting_better_but_smaller_rashes_keep/","9th day, getting better. But smaller rashes keep appearing.","I'm in my 9th day of symptoms (since the main rash appeared, at the base of my penis). I have only 3 rashes so far, that one (already getting brown) and one in the face and one in the hand. However these other two appeared later (around 5 days after the main one) and are way smaller. I wonder if my case can be considered mild, since I had no other symptoms, or if the rashes will keep popping up outta nowhere.  
Did anyone have a similar case? I'd like to read your recovery history.",4,4,0.84,2025-01-21 22:50:39,"en",0.153136523756229,"positive",8,"post","Scientific/policy debates on mutations and reinfection, stigma’s role in public perception, and advocacy for marginalized groups amid systemic gaps.","Mutations, reinfection risks"
"r/monkeypoxpositive","https://www.reddit.com/r/monkeypoxpositive/comments/1i6jbwe/is_this_mpox/","Is this mpox?",NA,1,1,1,2025-01-21 14:07:04,"en",0,"neutral",8,"post","Scientific/policy debates on mutations and reinfection, stigma’s role in public perception, and advocacy for marginalized groups amid systemic gaps.","Mutations, reinfection risks"
"r/monkeypoxpositive","https://www.reddit.com/r/monkeypoxpositive/comments/1i1vkjn/is_this_mpox/","is this mpox ?",NA,0,0,0.33,2025-01-15 11:40:56,"en",0,"neutral",8,"post","Scientific/policy debates on mutations and reinfection, stigma’s role in public perception, and advocacy for marginalized groups amid systemic gaps.","Mutations, reinfection risks"
"r/monkeypoxpositive","https://www.reddit.com/r/monkeypoxpositive/comments/1i0j7kr/is_this_mpox/","Is this mpox?","•I had chills and my body temperature went up for a VERY short time (around 6 hours). I just slept it off and by the time I woke up, it went away like nothing happened. (January 8)
•I saw a red but flat spot on the sole of my feet. I can feel it when I'm walking (January 10) 
•I started noticing some red bumps on my fingers 2 days ago (January 12)
•The red bumps on my fingers turned to white/clear bumps that looks like blister 2 days later, while the red spot on the sole of feet remains the same color. (January 14) 
•No swollen lymph nodes ever since.",4,4,0.84,2025-01-13 17:24:04,"en",0.149085923630328,"positive",8,"post","Scientific/policy debates on mutations and reinfection, stigma’s role in public perception, and advocacy for marginalized groups amid systemic gaps.","Mutations, reinfection risks"
"r/monkeypoxpositive","https://www.reddit.com/r/monkeypoxpositive/comments/1htieo5/yall_please_protect_yourselves_from_this_crap/","Y'all, PLEASE protect yourselves from this crap.","To start, I haven't gotten an official confirmed test back yet, but the doctors and the infectious disease specialist all have this listed as their top concern. Just wanted to list my journey 

If I did get it, I likely got it from (very very stupidly) using someone else's wet towel. Was at a bathhouse, and had it wrapped around that area for quite some time. 

PLEASE don't be dumb like me. This experience has been excruciating:

Initially went to an Urgent Care for bumps on my genitals and penis shaft. At the beginning I was thinking Molluscum since the bumps have that donut look to them, and the lady who treated me there thought maybe that or ""hot tub folliculitis,"" she prescribed me Cipro and sent me on my way. She also took swabs of the lesions, but when I called for results someone else said ""she didn't order the right tests"" 🤦‍♂️

The next couple of days went normally. My left lymph node above my goin started to swell a bit and that area was getting a little red. Wasn't too concerned still.

Then, boom. Next morning, I have a fever of 101, my lymph node is swollen like crazy, the rash turned very deep red and got bigger, my dick is swollen at the base where the bumps primarily stayed, and I am discovering little tiny red bumps across different parts of my body (these honestly look very different than the ones on my genitals - more like chicken pox?)

We go to the ER this time. The doctor barely looked at my rash, didn't even really touch anything to examine it, and didn't even consider Monkeypox until I brought it up (from doing more research of my own - the fever and other side effects apparently don't really happen with Molluscum.) They wrote me prescriptions for Valtrex, some antibiotics, and Lidocaine. 

Two days later, the rash is still getting worse (it was so freaking ITCHY, luckily that isn't the case anymore), I have muscle aches in my left arm that woke me out of sleep, more red bumps appearing along my body, some sporadic pins and needles numbness, BUT - the initial sores are starting to get that brown, crusted over look and the penile swelling has gone down. Went to the ER again cause I was getting sick of not having any answers. 

They definitely took it more seriously this time; put me in an isolated room, actually examined the area, gave me some different antibiotics and liquids, and ran way more tests. 

The doctors and I are pretty certain it's what I have. If I did contract it, it was in Chicago right before Christmas. 

I am hoping my body is just doing its job fighting the infection, but I am sharing all of this to say TAKE THIS SHIT SERIOUSLY. All of the online things that say ""oh people generally aren't affected beyond the bumps"" is complete bullshit. 

Go get the vaccine, practice safe sex, don't be an idiot like me. This is the first kind of STI I have ever gotten, and trust me, we aren't invincible like we all think we are. It has been an eye opening experience. 



UPDATE:

Just got the test confirmation that it is indeed Monkeypox.",27,27,1,2025-01-04 16:44:39,"en",-0.134370286099453,"negative",8,"post","Scientific/policy debates on mutations and reinfection, stigma’s role in public perception, and advocacy for marginalized groups amid systemic gaps.","Mutations, reinfection risks"
"r/monkeypoxpositive","https://www.reddit.com/r/monkeypoxpositive/comments/1hsg2ye/new_bumps_growing_on_healed_lesions/","New Bumps growing on Healed Lesions","Hi Guys! I had monkeypox around this time last year. All of my lesions are healed and are now darks spots that are slowly getting lighter over time. However every month or so in the EXACT same spots as the healed lesions, I get small fluid filled bumps around the area. They show up around a different dark spot every time. Its a shot in the dark but im wondering if Anyone has experienced anything like this. Its so Odd and a little terrifying.

Thanks!!",1,1,1,2025-01-03 06:25:40,"en",0.060488361152213,"neutral",6,"post","Emergence of high-risk mpox variants (e.g., Clade I), underreported global spread, and debates over containment strategies beyond MSM communities.","New variants, containment struggles"
"r/monkeypoxpositive","https://www.reddit.com/r/monkeypoxpositive/comments/1hs7qk3/is_this_mpox_pls_see_context/","Is this mpox? Pls see context","Context: I’m a woman, didn’t have any sexual contact in about 2 weeks and only with my gf who has never tested positive. I was on three flights tho.
Day 1: cough and cold
Day 2: I got a temperature, notice 2-3 small flat and red spots on my hands (like in pic 2)
Day 3: My throat is very irritated from the cough, still feverish
Day 4: temperature and sore throat are gone, still a bit stuffy in the nose but my spots are not all (but one) raise and a bit lighter in colour (pic 1).
Is this mpox? Should I contact my gp?",0,0,0.5,2025-01-02 23:23:34,"en",-0.143690943457813,"negative",8,"post","Scientific/policy debates on mutations and reinfection, stigma’s role in public perception, and advocacy for marginalized groups amid systemic gaps.","Mutations, reinfection risks"
"r/monkeypoxpositive","https://www.reddit.com/r/monkeypoxpositive/comments/1hpxihz/is_this_mpox/","is this mpox ?",NA,2,2,0.75,2024-12-30 21:07:02,"en",0,"neutral",7,"post","Cross-border spread of strains, personal accounts of severe symptoms, and critiques of institutional response delays and inequities.","Cross-border spread, severe cases"
"r/monkeypoxpositive","https://www.reddit.com/r/monkeypoxpositive/comments/1hojcau/this_is_mpox/","this is mpox ?",NA,6,6,1,2024-12-29 00:16:23,"en",0,"neutral",6,"post","Emergence of high-risk mpox variants (e.g., Clade I), underreported global spread, and debates over containment strategies beyond MSM communities.","New variants, containment struggles"
"r/monkeypoxpositive","https://www.reddit.com/r/monkeypoxpositive/comments/1hlxsz7/is_this_mpox/","Is this mpox?","Day of 3 since I noticed this pimple-like bump on my thigh. Not feeling any of the known mpox symptoms but the bump looks suspicious :(",3,3,1,2024-12-25 09:44:52,"en",-0.46203968483891,"negative",7,"post","Cross-border spread of strains, personal accounts of severe symptoms, and critiques of institutional response delays and inequities.","Cross-border spread, severe cases"
"r/monkeypoxpositive","https://www.reddit.com/r/monkeypoxpositive/comments/1hguw7q/is_this_mpox/","Is this Mpox?",NA,2,2,1,2024-12-18 05:38:13,"en",0,"neutral",1,"post","Discussions focus on global mpox transmission concerns, public health responses (especially vaccine distribution and messaging), and stigma, with emphasis on LGBTQ+ communities and personal experiences of symptoms/issues.","Transmission, stigma, vaccines"
"r/monkeypoxpositive","https://www.reddit.com/r/monkeypoxpositive/comments/1h92fma/question_for_those_who_were_fully_vaccinated_back/","Question for those who were fully vaccinated back in 2022 andtested positive in 2024?","How were your physical symptoms in terms of feeling and appearance?",2,2,1,2024-12-07 21:14:27,"en",0.143374851548685,"positive",8,"post","Scientific/policy debates on mutations and reinfection, stigma’s role in public perception, and advocacy for marginalized groups amid systemic gaps.","Mutations, reinfection risks"
"r/monkeypoxpositive","https://www.reddit.com/r/monkeypoxpositive/comments/1h6i8wu/nonitchy_raised_dry_bumps_on_the_wrist_and_arm/","Non-itchy raised dry bumps on the wrist and arm area. Are they Mpox?","Hello all, so I(M27) have these raised bumps for about 2 weeks now around my wrist/arm area that I don't know the reason for. They terrified me because they just appeared out of nowhere and they are not itchy at all.

They feel kind of dry and raised, a little red but not itchy. Now they are flattening and almost disappear like they never happened.

I have tested for STDs 1 month ago (last time I had sex was 1,5 month ago) and got neg for syphillis, which I thought might be the cause. I got HSV positive but these bumps are not itchy nor filled with blisters at all. So I wonder if this could be Mpox? Thank you cause I am worried sick.

https://preview.redd.it/79aqnq1wku4e1.jpg?width=1818&amp;format=pjpg&amp;auto=webp&amp;s=f3259af83e379f37ed0fa3fb6a48bf70e767c60f

https://preview.redd.it/hg8t6tp3gu4e1.jpg?width=1576&amp;format=pjpg&amp;auto=webp&amp;s=9942ff026cfbf12c2ddd3c37dc29ebe7185ef8d2

https://preview.redd.it/szlf5up3gu4e1.jpg?width=1576&amp;format=pjpg&amp;auto=webp&amp;s=cc39e0c3a11753f91bc9614b212d009110d25570

",2,2,1,2024-12-04 15:08:49,"en",-0.0480205030789508,"neutral",2,"post","Debates center on mpox spread among MSM, vaccine access challenges, and comparisons to COVID-19, alongside personal symptom accounts and frustration with public health failures.","MSM focus, vaccine inequity"
"r/monkeypoxpositive","https://www.reddit.com/r/monkeypoxpositive/comments/1h65xwb/sudden_itchy_red_rash_turned_to_itchy_red_bumps/","Sudden itchy red rash turned to itchy red bumps. Could it be it?","First photo was taken on Sunday (a day after the itching started) and second one was taken an hour ago. I’ve been to a high volume sex club recently so I’m freaking out. Thanks for any help.",6,6,1,2024-12-04 02:55:28,"en",-0.173515958251263,"negative",8,"post","Scientific/policy debates on mutations and reinfection, stigma’s role in public perception, and advocacy for marginalized groups amid systemic gaps.","Mutations, reinfection risks"
"r/monkeypoxpositive","https://www.reddit.com/r/monkeypoxpositive/comments/1h46znz/monkey_pox_care_treatment_experience_pls_share/","Monkey Pox Care &amp; Treatment Experience, Pls share your experience to help other people. Thank you so much!","Hi! It seems like the Monkey pox virus has been spreading and a lot more people are experiencing it. I just want to start a thread where people can share their experiences and how they take care of the lesions and sores while they are going through it. There's not much information out there. I hope we can all learn from each other and help other people going thru this hard time. Thank you so much and stay safe everyone! :)",2,2,1,2024-12-01 16:27:15,"en",0.200502015855739,"positive",5,"post","Fears of mpox resurgence or endemicity, debates over vaccine strategies, and critiques of global disparities in outbreak response.","Resurgence fears, global disparities"
"r/monkeypoxpositive","https://www.reddit.com/r/monkeypoxpositive/comments/1gvxg5j/is_this_mpox_or_something_else/","Is this mpox or something else",NA,0,0,0.5,2024-11-20 19:10:18,"en",0,"neutral",7,"post","Cross-border spread of strains, personal accounts of severe symptoms, and critiques of institutional response delays and inequities.","Cross-border spread, severe cases"
"r/monkeypoxpositive","https://www.reddit.com/r/monkeypoxpositive/comments/1gvdy4p/is_this_mpox/","Is this mpox?","I've been feeling really sluggish lately.  I went on vacation and didn't sleep much during my trip, so when I returned I felt super lethargic and had a migraine that lasted one day, or two.  I haven't had sexual contacted for a few weeks but during my trip, I did go to a high risk venue...lots of steam and half naked bodies.  

I have these pimples, marks on my body.  Is this mpox or pimple/injury spots?   Feeling less lethargic lately.

TIA",0,0,0.25,2024-11-20 01:32:36,"en",-0.183176924235326,"negative",8,"post","Scientific/policy debates on mutations and reinfection, stigma’s role in public perception, and advocacy for marginalized groups amid systemic gaps.","Mutations, reinfection risks"
"r/monkeypoxpositive","https://www.reddit.com/r/monkeypoxpositive/comments/1gt098y/around_19_days_seems_to_be_healing_like_a_normal/","Around 19 days. Seems to be healing like a normal scar at this point?",NA,4,4,0.84,2024-11-16 23:40:40,"en",0.0736058822166509,"neutral",8,"post","Scientific/policy debates on mutations and reinfection, stigma’s role in public perception, and advocacy for marginalized groups amid systemic gaps.","Mutations, reinfection risks"
"r/monkeypoxpositive","https://www.reddit.com/r/monkeypoxpositive/comments/1gpwkon/is_this_mpox/","Is this mpox?","On saturday/sunday I found a rashes on my crotch and ballsack. On the later one, I first thought it might be grown in hairs (trimmed hair a week earlier). But not only the quantity made me worry: I developed fever, chills, general weakness on monday evening, waking up with a sore throat, headaches and swallen lymphe nodes on tuesday. This almost went away over the course of the day (except for swallen lymphe nodes and feeling a bit weak). No other rashes anywhere (yet). This could be just pure coincidence and the rashes being something else. What do you think?

  
**Edit:**

Not sure what it was, but symptoms went away and no more rashes anywhere. Replies also pointed towards Syphilis but a PoC tested me negative. --&gt; Chances that it was mpox is highly unlikely.

https://preview.redd.it/yz9qhzffkj0e1.jpg?width=1874&amp;format=pjpg&amp;auto=webp&amp;s=03b0ddfb378eff8a49091f674d9dceb6b9ed70f1",1,1,1,2024-11-12 21:51:21,"en",-0.132962764320761,"negative",5,"post","Fears of mpox resurgence or endemicity, debates over vaccine strategies, and critiques of global disparities in outbreak response.","Resurgence fears, global disparities"
"r/monkeypoxpositive","https://www.reddit.com/r/monkeypoxpositive/comments/1gk52fp/omg_is_this_mpox/","Omg is this mpox?",NA,1,1,0.67,2024-11-05 12:02:41,"en",0,"neutral",8,"post","Scientific/policy debates on mutations and reinfection, stigma’s role in public perception, and advocacy for marginalized groups amid systemic gaps.","Mutations, reinfection risks"
"r/monkeypoxpositive","https://www.reddit.com/r/monkeypoxpositive/comments/1gfceto/nsfw_lesions_are_looking_weird/","NSFW - Lesions are looking weird","Got mpox. And my dick's lesions went from this to this... does anyone who is already healed can help me know if this is a common process?

[https://imgur.com/a/aC2jVrO](https://imgur.com/a/aC2jVrO)

I'm really concerned.",2,2,0.75,2024-10-30 02:29:37,"en",-0.122948627037013,"negative",1,"post","Discussions focus on global mpox transmission concerns, public health responses (especially vaccine distribution and messaging), and stigma, with emphasis on LGBTQ+ communities and personal experiences of symptoms/issues.","Transmission, stigma, vaccines"
"r/monkeypoxpositive","https://www.reddit.com/r/monkeypoxpositive/comments/1gf88hh/in_which_case_can_we_have_mpox_more_than_a_month/","In which case can we have mpox more than a month ? Thanks !",NA,1,1,1,2024-10-29 23:06:28,"en",0.292947712410869,"positive",8,"post","Scientific/policy debates on mutations and reinfection, stigma’s role in public perception, and advocacy for marginalized groups amid systemic gaps.","Mutations, reinfection risks"
"r/monkeypoxpositive","https://www.reddit.com/r/monkeypoxpositive/comments/1g28rlj/uber_banned_my_account_after_i_notified_i_tested/","Uber banned my account after I notified I tested positive for MPOX. Can I sue?","I notified Uber through the customer complaints email (the only one through which I could reach them) that I tested positive for MPOX and that I had four trips with them since the day in  which I probably got infected (before symptoms appeared). I sent them the names of the drivers, the dates, and the links to the trips in my account's log, asking them to please notify the drivers and tell them to get tested in case they noticed any symptoms (notifying the people you've been in contact with is part of the health department's MPOX protocol where I live). 

Then, yesterday, I tried to get an Uber to go to the hospital so that a doctor could check if my lesions were fully healed. The least dangerous and most responsible way to go was using Uber (instead of public transportation), with a mask on and lesions fully covered.

  
When I opened the app, it asked for my telephone number and, then, it said my account was blocked. They gave me no reason for doing it and have not answered me through the contact's help channel.

Has this happened to anyone else?  
I am considering taking legal action. Is this actionable?",16,16,0.94,2024-10-12 20:13:17,"en",-0.077136165650466,"neutral",9,"post","Sociopolitical reactions dominate, including stigma, naming controversies, and comparisons to past pandemics, alongside frustration with institutional mismanagement.","Stigma, naming debates"
"r/monkeypoxpositive","https://www.reddit.com/r/monkeypoxpositive/comments/1g0e4fi/is_this_mpox/","Is this mpox?","I’ve had these for about 2-3 weeks now and I don’t know what these are. Can anyone help me figure out what these are?",0,0,0.25,2024-10-10 08:29:24,"en",0,"neutral",8,"post","Scientific/policy debates on mutations and reinfection, stigma’s role in public perception, and advocacy for marginalized groups amid systemic gaps.","Mutations, reinfection risks"
"r/monkeypoxpositive","https://www.reddit.com/r/monkeypoxpositive/comments/1fy6oa7/i_am_staying_in_a_hotel_for_business_trip_in/","I am staying in a hotel for business trip in Europe. I cannot be sure if these are spider bites or monkeypox.",NA,0,0,0.33,2024-10-07 12:42:43,"en",0,"neutral",8,"post","Scientific/policy debates on mutations and reinfection, stigma’s role in public perception, and advocacy for marginalized groups amid systemic gaps.","Mutations, reinfection risks"
"r/monkeypoxpositive","https://www.reddit.com/r/monkeypoxpositive/comments/1fwn4cd/cases_surging_in_australia_40_of_recently/","Cases surging in Australia: 40% of recently reported cases were double vaccinated!!","New South Wales is urging those at risk of contracting mpox to get vaccinated as the state records its largest outbreak, which the top health official has described as “very concerning”.

The NSW chief health officer, Dr Kerry Chant, confirmed there had been 433 cases since 1 June 2024, the state’s biggest outbreak since the first case in May 2022.

She described the rapidly rising numbers of mpox as “very concerning”, with 26 people requiring hospitalisation due to severe symptoms.

Almost 40% of the 433 people infected people were fully vaccinated, 14% had received one dose, and almost half were not vaccinated, she said.

https://amp.theguardian.com/australia-news/2024/oct/03/nsw-mpox-outbreak-case-numbers-surge",7,7,0.82,2024-10-05 10:09:07,"en",-0.0369491122807144,"neutral",8,"post","Scientific/policy debates on mutations and reinfection, stigma’s role in public perception, and advocacy for marginalized groups amid systemic gaps.","Mutations, reinfection risks"
"r/monkeypoxpositive","https://www.reddit.com/r/monkeypoxpositive/comments/1ftysk0/is_this_mpox/","Is this mpox?","So, this is my mother in law who has recently undergone chemotherapy and its been a year since her breast cancer surgery. So, her left hand is swollen after that and just a day back when consulted with doc, he told us this is common after surgery and chemo you need to exercise as the lymph nodes have been removed as well. But, just yesterday these small rashes appeared all over her swollen hand out of nowhere. We think it’s because of the excessive heat inside her body as only that swollen hand is hot and she hasn’t exercised her hand from quite a few days. Please confirm if we are right? Really scared foe her.",1,1,0.6,2024-10-01 20:52:21,"en",-0.0844989852529581,"neutral",7,"post","Cross-border spread of strains, personal accounts of severe symptoms, and critiques of institutional response delays and inequities.","Cross-border spread, severe cases"
"r/monkeypoxpositive","https://www.reddit.com/r/monkeypoxpositive/comments/1fsm4t3/monkeypox_to_anyone_who_has_tested_positive_did/","Monkeypox- to anyone who has tested positive, did you have a long incubation period?","Hey everyone! 
Back again, just wanting to get some information on those who tested positive and had a long incubation period? (More than 2 weeks?) 

I’m currently on Day 19 post exposure and I believe anxiety and isolation is causing more symptoms to be quite honest. 

I was potentially exposed on the 12th of September, had a cold sore 4 days later and all I’ve had recently is a headache with neck pain for not even a day. I’m not sure if my lymph nodes in my neck were swollen but my left side of my throat/neck felt a little swollen but my nodes weren’t tender. 

I’m mostly just very itchy. 

On the 28th I had a pimple appear on the shaft of my penis which hasn’t progressed any further nor is it painful. 

It has now been 19 days and I haven’t seen anything alarming but it’s my anxiety that is going crazy. Should I go to the doctor and request a test even tho I don’t have any visible lesions they can swab to test? 

I appreciate any help and any information on your exposure timelines! Thank you redditors.",4,4,0.84,2024-09-30 03:16:30,"en",-0.000239279288360073,"neutral",7,"post","Cross-border spread of strains, personal accounts of severe symptoms, and critiques of institutional response delays and inequities.","Cross-border spread, severe cases"
"r/monkeypoxpositive","https://www.reddit.com/r/monkeypoxpositive/comments/1frvjp2/is_this_mpox_im_starting_to_get_paranoid_pls_help/","Is this MPox??? I’m starting to get paranoid, pls help","I have these bumps on my chest and I’m thinking that these are only pimples but got paranoid when I saw the one on my toe which I don’t know if it’s just a blister…",0,0,0.5,2024-09-29 03:38:29,"en",-0.189835477556004,"negative",8,"post","Scientific/policy debates on mutations and reinfection, stigma’s role in public perception, and advocacy for marginalized groups amid systemic gaps.","Mutations, reinfection risks"
"r/monkeypoxpositive","https://www.reddit.com/r/monkeypoxpositive/comments/1fr8v07/is_this_mpox/","Is this mpox?","I’ve been having this for a week or 2 now. Whenever I itch it turns white. Is this mpox?",1,1,1,2024-09-28 07:16:41,"en",-0.0187492611057347,"neutral",3,"post","Post-peak concerns include declining cases, lingering public health challenges (e.g., misinformation, isolation fatigue), and scientific analyses of mutations/long-term impacts.","Post-outbreak issues, mutations"
"r/monkeypoxpositive","https://www.reddit.com/r/monkeypoxpositive/comments/1fr0n1p/was_i_cheated_on/","Was I cheated on?","My boyfriend last week started having symptoms that looked like anal fissures. We had gone to the urgent care to be sure. They asked his symptoms, didn’t check the area out, and sent us home with some oral prescriptions. Today, Friday we woke up and it had gotten worse and looked as if it had spread. So we went to the ER and they actually took a look and have told us Monkeypox. They asked me if I had any symptoms or lesions, etc. and I do not. Him and I haven’t had anal sex since the day he started any type of symptoms and I still don’t have any. Does this mean he cheated on me with someone who does have it?? Asking for a friend…",2,2,0.67,2024-09-27 23:05:32,"en",-0.0720753695334154,"neutral",8,"post","Scientific/policy debates on mutations and reinfection, stigma’s role in public perception, and advocacy for marginalized groups amid systemic gaps.","Mutations, reinfection risks"
"r/monkeypoxpositive","https://www.reddit.com/r/monkeypoxpositive/comments/1fpsoln/are_these_monkeypox/","Are these monkeypox?","I got these on my arm like a week or so ago. I don’t know what these are. I don’t know if it could be monkeypox or what. I’m scared and idk what to do. Can someone help me figure out what these are?",3,3,1,2024-09-26 10:08:15,"en",-0.00992436160088723,"neutral",3,"post","Post-peak concerns include declining cases, lingering public health challenges (e.g., misinformation, isolation fatigue), and scientific analyses of mutations/long-term impacts.","Post-outbreak issues, mutations"
"r/monkeypoxpositive","https://www.reddit.com/r/monkeypoxpositive/comments/1fn9trh/is_this_mpox/","Is this mpox?","I have itchy, red spots on my foot and palm. No sexual contact for the past month",1,1,1,2024-09-23 02:06:56,"en",-0.109194601577583,"negative",6,"post","Emergence of high-risk mpox variants (e.g., Clade I), underreported global spread, and debates over containment strategies beyond MSM communities.","New variants, containment struggles"
"r/monkeypoxpositive","https://www.reddit.com/r/monkeypoxpositive/comments/1fles9g/is_this_mpox/","is this mpox?","Very itchy they were smaller yesterday but keep getting bigger, not sure if they’re bug bites or mosquito bites but they’re very itchy, doesn’t hurt.",1,1,0.57,2024-09-20 15:29:07,"en",-0.054063293330699,"neutral",3,"post","Post-peak concerns include declining cases, lingering public health challenges (e.g., misinformation, isolation fatigue), and scientific analyses of mutations/long-term impacts.","Post-outbreak issues, mutations"
"r/monkeypoxpositive","https://www.reddit.com/r/monkeypoxpositive/comments/1fj0lyw/do_i_have_it/","Do I have it","On sep 1 I had sex with someone who didn’t have any symptoms/lesions on their body. I don’t have any flu like symptoms or rash but I gave two types of bumps. The one in the pic and the rest are small pimples. 
",4,4,0.83,2024-09-17 14:25:10,"en",-0.155237589579256,"negative",8,"post","Scientific/policy debates on mutations and reinfection, stigma’s role in public perception, and advocacy for marginalized groups amid systemic gaps.","Mutations, reinfection risks"
"r/monkeypoxpositive","https://www.reddit.com/r/monkeypoxpositive/comments/1fharkx/my_housemate_tested_positive_should_i_be_concerned/","My housemate tested positive - should I be concerned?","My M25 housemate has tested positive for mpox and has been admitted to the infectious disease unit at the local hospital. He had been having symptoms all week, but we only got the news yesterday. I am concerned about what to do personally, as I was the one who drove him to the drs appointment where he had the testing, we all initially thought it was herpes. I do not share a bathroom with him, but common spaces and his hygiene in the kitchen can be questionable. Realistically should I be concerned? 

I’m also struggling with how to feel about it as he is a childcare worker, and had the lesions on his face whilst he was working. He has told all of our close contacts (friends who had come over for dinner 2 days before his symptoms started) but he has not yet told the childcare centre, even though I’ve brought it up twice. Any advice on how to address this with him when he returns home? 
",6,6,0.81,2024-09-15 11:54:42,"en",-0.125376248703453,"negative",8,"post","Scientific/policy debates on mutations and reinfection, stigma’s role in public perception, and advocacy for marginalized groups amid systemic gaps.","Mutations, reinfection risks"
"r/monkeypoxpositive","https://www.reddit.com/r/monkeypoxpositive/comments/1fbkwc9/is_this_monkey_pox_they_keep_showing_up_everywhere/","Is this monkey pox they keep showing up everywhere","On my inner thigh",0,0,0.5,2024-09-08 00:03:08,"en",0,"neutral",8,"post","Scientific/policy debates on mutations and reinfection, stigma’s role in public perception, and advocacy for marginalized groups amid systemic gaps.","Mutations, reinfection risks"
"r/monkeypoxpositive","https://www.reddit.com/r/monkeypoxpositive/comments/1fb0rdq/im_woke_up_and_yeah_am_i_cooked/","I’m woke up and yeah am I cooked?","So for context I got my first dose of the Mpox vaccine 3 weeks ago and next week I get my second shot. I went to sleep one night and woke up I check the back of my arm and a rash appeared on it. Since the past two days bumps have been appearing randomly assorted on the arm in really big numbers. For the bump under my lip I mistook it for a pimple so I put a pimple patch on it when I saw it. Puss did get removed from it with the patch but now the red dot is in the middle of the bump and it’s just there. I have been absence from sex for about 3 months but searching my symptoms up I’m really concerned is it monkey pox.",2,2,1,2024-09-07 06:36:36,"en",-0.20181496049474,"negative",7,"post","Cross-border spread of strains, personal accounts of severe symptoms, and critiques of institutional response delays and inequities.","Cross-border spread, severe cases"
"r/monkeypoxpositive","https://www.reddit.com/r/monkeypoxpositive/comments/1f9e3fy/does_it_ever_fully_heal/","Does it ever fully heal ?","Im a 30yo gay man from Aus. I slept with someone just over a month ago. Ironic cause I've been saintlike recently until this encounter 

At first, I felt like I was coming down with the flu. I had a fever, body aches, and this extreme lower back pain. One night, while I was out, I was hit with a headache so intense that I nearly fainted. I had no idea what was happening, so I left and went home, convinced I had a severe flu. I stayed in bed, hoping it would pass. A day later, I started feeling an INTENSE itching/ burning sensation in my anal area, it was so overwhelming.  I thought I had an anal fissure or something, but it didn't make sense because it had been a week since sex so why was it just hurting now?

For the next three days, that itch turned into a pain like I’ve NEVER had before. I went to the doctor, and they diagnosed me with an anal fissure, giving me ointments like Rectogesic to help heal it. None of it helped. The pain only got worse. Like out of this world worse. I couldn’t sleep, couldn’t walk, couldn’t even lie down. I was crouching next to my bed for days, just trying to find some way to bear it

After three days of this, I couldn’t take it anymore. I couldn’t eat, couldn’t go to the bathroom because the pain was so intense it made me cry. I finally went to the ER. When I got there, I was so exhausted and malnourished that I fainted standing up. I actually feel sick writing this and reliving it. They made me wait for hours, but they did give me some pain relief — not that it helped much. Eventually after 10 hours I got in and saw a doctor. They did an MRI, examined the area. They couldn't figure out what it was they thought I had a bowel infection. 

It wasn’t until I was crouched next to the hospital bed on an antibiotic drip that I noticed these spots on my body, like mosquito bites. I hadn’t even noticed them before because I was in so much pain. That same night the guy I had slept with messaged me and said he had been diagnosed with mpox. I looked up the symptoms and everything clicked. Told the doctors and they immediately moved me to an isolated room because they said I was contagious. At this point I had been at hospital for 3 days

During this time, I couldn’t eat. I couldn’t even think about food because I had monkeypox lesions that were internal, and they had turned into open wounds inside my rectum. I was bleeding all the time, and every time I had to go to the bathroom, I was involuntary screaming and shaking from the pain. It hurt more than anything I have ever experienced and I couldn't believe how much blood I was loosing. I couldn’t lay down. I was so sleep-deprived — maybe 20 minutes of sleep in four or five days. The opioids they gave me didn’t stop the pain; they just kind of separated me from it. I was so confused and losing touch with what was going on. I'm guessing because of the pain and being sleep deprived 

I was crouching next to my hospital bed, waiting and praying for it to end. I’ve never been in a state like that. I felt so broken and so fucking alone. By the time they finally diagnosed me with monkeypox, it was too late for the T-pox vaccine. They told me I’d missed the window for treatment. After a week, they released me to isolate at home for another week. 

When I got home I was a shell. I’d lost so much weight; my body looked like it had wasted away. I couldn’t believe how quickly I had declined from barely eating for two weeks. Mentally beyond exhausted, depressed, traumatised, losing the will. The intense pain and bleeding lasted for another week.

Today, it’s been about three weeks since I left the hospital. I’m finally going back to the gym, trying to eat properly again, trying to rebuild some of the strength I lost. The damage has been done physically and mentally. I'm worried about permanent scarring. There’s a dull pain that never fully goes away, and things just don’t feel the same down there. I'm not bleeding anymore though but the whole area feels inflamed.

I’ve booked to see a therapist because I’m struggling to come to terms with what happened. One day, everything was fine, and the next, my whole life flipped upside down. I’m not okay tbh.
I just want to know if anyone else has been through this — if anyone else has had the internal lesions. 
I want to know how long it took to heal and if it went back to normal.
Reading some of other peoples stories I guess i'm lucky in that I didn't get a huge number of lesions externally.
But these internal lesions- if you've had them and made it through let me know . And FFS if you read this, get your vaccination.",16,16,0.9,2024-09-05 04:40:31,"en",-0.153568316076051,"negative",8,"post","Scientific/policy debates on mutations and reinfection, stigma’s role in public perception, and advocacy for marginalized groups amid systemic gaps.","Mutations, reinfection risks"
"r/monkeypoxpositive","https://www.reddit.com/r/monkeypoxpositive/comments/1f9bej4/is_this_sign_of_monkey_pox/","Is this sign of monkey pox?",NA,2,2,1,2024-09-05 02:16:14,"en",0,"neutral",8,"post","Scientific/policy debates on mutations and reinfection, stigma’s role in public perception, and advocacy for marginalized groups amid systemic gaps.","Mutations, reinfection risks"
"r/monkeypoxpositive","https://www.reddit.com/r/monkeypoxpositive/comments/1f8qjpn/bumps_but_theyre_not_itchy/","Bumps but theyre not itchy?","i got these bumps recently but they arent itchy or painful so idk if it is monkeypox or not",2,2,1,2024-09-04 11:11:05,"en",0.509312033408423,"positive",8,"post","Scientific/policy debates on mutations and reinfection, stigma’s role in public perception, and advocacy for marginalized groups amid systemic gaps.","Mutations, reinfection risks"
"r/monkeypoxpositive","https://www.reddit.com/r/monkeypoxpositive/comments/1f7dqno/should_i_be_concerned_about_these/","Should I be concerned about these?","Been going to my regular gay bar the last couple weeks. Made out with a guy there on the 11th just before I started prep.

Until this afternoon I just assumed these were acne or dry skin, i get zits in random places sometimes and my hands have been dry from a lot of washing lately. They don’t hurt.

No other symptoms as far as I know, usually feel a little fatigued from a bad sleep schedule and have had a low level headache the last week and half since I started prep last month.

The STD testing clinics are closed today and a desk person at one told me to visit an ER for an evaluation (which I can’t afford right now).",2,2,0.75,2024-09-02 18:16:04,"en",-0.0561928772839677,"neutral",7,"post","Cross-border spread of strains, personal accounts of severe symptoms, and critiques of institutional response delays and inequities.","Cross-border spread, severe cases"
"r/monkeypoxpositive","https://www.reddit.com/r/monkeypoxpositive/comments/1f5tisw/is_this_mpox/","Is this mpox","Not a sex worker not gay haven’t been out much beside grocery store",0,0,0.33,2024-08-31 18:06:53,"en",-0.0437522418625634,"neutral",2,"post","Debates center on mpox spread among MSM, vaccine access challenges, and comparisons to COVID-19, alongside personal symptom accounts and frustration with public health failures.","MSM focus, vaccine inequity"
"r/monkeypoxpositive","https://www.reddit.com/r/monkeypoxpositive/comments/1f5kb92/is_this_monkey_pox/","is this monkey pox??",NA,1,1,0.6,2024-08-31 10:36:52,"en",0,"neutral",8,"post","Scientific/policy debates on mutations and reinfection, stigma’s role in public perception, and advocacy for marginalized groups amid systemic gaps.","Mutations, reinfection risks"
"r/monkeypoxpositive","https://www.reddit.com/r/monkeypoxpositive/comments/1f51yyb/would_anyone_be_kind_enough_to_help/","Would anyone be kind enough to help","I noticed this white dot today, I don't know enough about it but wouldn't mind a second opinion. It doesn't hurt or isn't itchy.",1,1,1,2024-08-30 18:09:15,"en",-0.0875375918568122,"neutral",8,"post","Scientific/policy debates on mutations and reinfection, stigma’s role in public perception, and advocacy for marginalized groups amid systemic gaps.","Mutations, reinfection risks"
"r/monkeypoxpositive","https://www.reddit.com/r/monkeypoxpositive/comments/1f1ywwh/is_this_monkeypox_or_chickenpox_or_just_a_pimple/","Is this monkeypox or chickenpox or just a pimple I’m worried",NA,1,1,0.67,2024-08-26 20:50:28,"en",-0.157526074714055,"negative",7,"post","Cross-border spread of strains, personal accounts of severe symptoms, and critiques of institutional response delays and inequities.","Cross-border spread, severe cases"
"r/monkeypoxpositive","https://www.reddit.com/r/monkeypoxpositive/comments/1f1ywuf/is_this_monkeypox_or_chickenpox_or_just_a_pimple/","Is this monkeypox or chickenpox or just a pimple I’m worried",NA,1,1,1,2024-08-26 20:50:25,"en",-0.157526074714055,"negative",6,"post","Emergence of high-risk mpox variants (e.g., Clade I), underreported global spread, and debates over containment strategies beyond MSM communities.","New variants, containment struggles"
"r/monkeypoxpositive","https://www.reddit.com/r/monkeypoxpositive/comments/1f0nvo8/have_i_contracted_mpox/","Have I contracted Mpox?","Hi, I am a 15-Year-old Male, I am from Pakistan, and I have been feeling Fever with Sore throat and tiredness, as well as many red boils (or whatever is the correct name, I will attach photos, NO NSFW, There are also some on my legs but I won't attach them) has formed ALL OVER MY BODY, but I don't have lymph nodes swelling right and left to the neck, though I sometimes have trouble breathing with vibration in my chest. I am scared to go to the doctor as doctors here might do some weird things as in Pakistan, they like to conclude surgery on even fever... Or maybe if it is severe I will just find a good hospital then... So, maybe I would like to diagnose it online so that I know whether I should go to doctor if it's severe or not. These whatever these red things are called hurt too... (and sometimes they itch too) :(

https://preview.redd.it/h67g6bp8qqkd1.jpg?width=2976&amp;format=pjpg&amp;auto=webp&amp;s=be2a1c9d171539122448e52ac7848513b6814709

https://preview.redd.it/qw6nkvw3kqkd1.jpg?width=2976&amp;format=pjpg&amp;auto=webp&amp;s=2ec153920b2818105e1c8fea6322063191f2eb92

https://preview.redd.it/68tfmxw3kqkd1.jpg?width=2976&amp;format=pjpg&amp;auto=webp&amp;s=d35dbdf73baebeba250b98d14a72f0f5c3e84136

https://preview.redd.it/40x88ru3kqkd1.jpg?width=2976&amp;format=pjpg&amp;auto=webp&amp;s=0a6fef243c5e721cb93020e80cd86e1a870c0a69

https://preview.redd.it/d3w9iou3kqkd1.jpg?width=2976&amp;format=pjpg&amp;auto=webp&amp;s=469553e164f899c231c815722c1fe3a383b3df63

https://preview.redd.it/h2itruu3kqkd1.jpg?width=2976&amp;format=pjpg&amp;auto=webp&amp;s=06c2430eff2f60bf828b430dac78cfd55263831f

https://preview.redd.it/czkvfuw3kqkd1.jpg?width=2976&amp;format=pjpg&amp;auto=webp&amp;s=705de9a80fb839cb8da2311936094c3a6f7bdf97

https://preview.redd.it/0ajmruw3kqkd1.jpg?width=2976&amp;format=pjpg&amp;auto=webp&amp;s=2a0fbd06d1f5be5dc1d71cf528a43515826c9031

https://preview.redd.it/8k6bfzw3kqkd1.jpg?width=2976&amp;format=pjpg&amp;auto=webp&amp;s=3937cf4d6059afb7a186e1bdfb1529ba700a54c1

https://preview.redd.it/0mx1bvu3kqkd1.jpg?width=2976&amp;format=pjpg&amp;auto=webp&amp;s=2f4f54ee6603f2c104e0d632dadd4e98d79cb134

https://preview.redd.it/av8k6ww3kqkd1.jpg?width=2976&amp;format=pjpg&amp;auto=webp&amp;s=6c8cae64067b54c620ca3e98430066d93e744856

https://preview.redd.it/hvlc90x3kqkd1.jpg?width=2976&amp;format=pjpg&amp;auto=webp&amp;s=68b88c75758a4ab188b2bd596bada58423fa55f6

https://preview.redd.it/qdajv2x3kqkd1.jpg?width=2976&amp;format=pjpg&amp;auto=webp&amp;s=dc5993a12d498ff66ace53b48618454b897462f1

https://preview.redd.it/hgxasxw3kqkd1.jpg?width=3968&amp;format=pjpg&amp;auto=webp&amp;s=dc5c061c291694686dea510694292a9b82e96300

https://preview.redd.it/br6054x3kqkd1.jpg?width=3968&amp;format=pjpg&amp;auto=webp&amp;s=bd1a643f12b4b6af012aab0e2e3547fd9a61b82e

https://preview.redd.it/4chlwvw3kqkd1.jpg?width=2976&amp;format=pjpg&amp;auto=webp&amp;s=510659a6d318fb54be7d8d14bff418c618499df1",10,10,1,2024-08-25 04:09:12,"en",-0.0867385050424979,"neutral",9,"post","Sociopolitical reactions dominate, including stigma, naming controversies, and comparisons to past pandemics, alongside frustration with institutional mismanagement.","Stigma, naming debates"
"r/monkeypoxpositive","https://www.reddit.com/r/monkeypoxpositive/comments/1ezyuy4/is_this_monkey_pox/","Is this Monkey Pox?","I noticed it under my arm like 2 days ago and it's itchy but doesn't hurt.",2,2,0.75,2024-08-24 06:33:10,"en",0.308279582680428,"positive",7,"post","Cross-border spread of strains, personal accounts of severe symptoms, and critiques of institutional response delays and inequities.","Cross-border spread, severe cases"
"r/monkeypoxpositive","https://www.reddit.com/r/monkeypoxpositive/comments/1f00ptv/is_this_mpox_or_just_a_cheeky_bite_inside_of_cheek/","Is this mpox or just a cheeky bite? Inside of cheek.",NA,0,0,0.5,2024-08-24 08:44:01,"en",-0.103572656989406,"negative",2,"post","Debates center on mpox spread among MSM, vaccine access challenges, and comparisons to COVID-19, alongside personal symptom accounts and frustration with public health failures.","MSM focus, vaccine inequity"
"r/monkeypoxpositive","https://www.reddit.com/r/monkeypoxpositive/comments/1ezs8d5/is_this_mpox_or_just_from_me_biting_my_tounge/","Is this mpox or just from me biting my tounge",NA,0,0,0.25,2024-08-24 00:21:01,"en",-0.172561169032264,"negative",3,"post","Post-peak concerns include declining cases, lingering public health challenges (e.g., misinformation, isolation fatigue), and scientific analyses of mutations/long-term impacts.","Post-outbreak issues, mutations"
"r/monkeypoxpositive","https://www.reddit.com/r/monkeypoxpositive/comments/1eziyvn/please_help_do_i_have_mpox_or_are_these_itchy/","Please help! Do i have Mpox or are these itchy bumps something different?",NA,0,0,0.5,2024-08-23 17:43:24,"en",0.0899681733640948,"neutral",7,"post","Cross-border spread of strains, personal accounts of severe symptoms, and critiques of institutional response delays and inequities.","Cross-border spread, severe cases"
"r/monkeypoxpositive","https://www.reddit.com/r/monkeypoxpositive/comments/1eza8u5/are_these_mpox/","are these mpox?","on the last picture, ive had them first on my feet last 3 weeks and then they crusted and they were done already but only on my feet.. suddenly, as one mpox case was called out in our country (not in our island) i started having these… all around my body… but i dont have fever and headaches. also, are they itchy? it’s been four days and i don’t have it yet on my face",0,0,0.5,2024-08-23 11:23:30,"en",-0.304211188531896,"negative",2,"post","Debates center on mpox spread among MSM, vaccine access challenges, and comparisons to COVID-19, alongside personal symptom accounts and frustration with public health failures.","MSM focus, vaccine inequity"
"r/monkeypoxpositive","https://www.reddit.com/r/monkeypoxpositive/comments/1agebk5/the_blister_is_killing_mecan_i_pop_it/","The Blister is Killing me...Can I pop it?","The lesions are fine, they are scabbing over and falling off. I can deal with that.

But I have a huge blister on my finger it seems like its filled with something but its pulled so tight that its hard to push down on to know for sure.

Did any of you have the blister? Does it eventually go away? Did you pop it?

&amp;#x200B;

Just looking for advice, Thanks Guys!",6,6,1,2024-02-01 16:00:43,"en",-0.125495148754133,"negative",2,"post","Debates center on mpox spread among MSM, vaccine access challenges, and comparisons to COVID-19, alongside personal symptom accounts and frustration with public health failures.","MSM focus, vaccine inequity"
"r/monkeypoxpositive","https://www.reddit.com/r/monkeypoxpositive/comments/1afuaxh/i_caught_mpox_from_a_doctor_2_weeks_ago_sharing/","I caught MPOX from a doctor 2 weeks ago, sharing my timeline. (28M)","**Sharing my timeline, experience and info I got from doctors when I got tested since it might be useful to others in the future** (I’ll add to it as time goes, since I am in the middle of it now, and if you have questions do ask).

I'm a 28yo gay guy, I am not here to get shamed for catching this or something so please be nice because it's hard enough as it is. Also I feel dumb but I was not aware that we finally had access to vaccination (started about 2 months ago here).

Additionally, 3 doctors have said that cases are going up again in Europe, they are seeing lots more cases again. So be careful you all, it’s still around !

&amp;#x200B;

**MY MPOX TIMELINE:**

* **18th of Jan 2024** \&gt; Hooked up with a cute gay doctor, we're both on prep and get tested often, I was top and it was a nice evening.
* **Friday 26th** \&gt; Guy contacts me and asks whether I've had symptoms of something recently because he has small red spots all over and got diagnosed Mpox. In the evening I check myself and I only have a little red rash on my penis, which didn't worry me too much as I often have skin issues, he tells me to monitor the area and check for spots.
* **Saturday 27th** \&gt; I definitely have Mpox too, I take a picture of the lesion and send it to my grindr hookup/doctor. He confirms. I almost don’t sleep because of migraine and fever (39°). I start quarantine as advised by the grindr/doctor and the internet.
* **Sunday 28th** \&gt; I do a lot of research about Mpox online and understand that I’m only at the very start of the symptoms. I get a second spot, a bad migraine all day, my back aches and my throat is sore. Fever at 38.7°.
* **Monday 29th** \&gt; I contact my GP, they don’t quite know what to do and tell me they’ll call me back later. They call back and tell me I need to go to hospital emergency ASAP to get tested. I decide to try calling the sexual health clinic instead, I get an appointment there for the afternoon. Doc looked at my spots and said « yep that’s it », then still did a swab test. She prescribed me paracetamol and ibuprofen, told me I could join a research program where I'd get 50% chance of getting Tecovirimat and 50% placebo, I decide against it for now because it's too much travel and I am exhausted.
* **Tuesday 30th** \&gt; Back pain, fever, migraine, lymph nodes start hurting bad under the jaw, and in the groin area.
* **Wednesday 31st &gt;** No more migraine, less back pain, less fever (38.3°), more energy, more spots appearing around the existing ones but also around the face, difficult to know if some of them are just regular spots or if they are Mpox as they look pretty discreet at the start. The spots are incredibly itchy.
* **Thursday 1st of Feb** \&gt; Low energy, still some slight fever but overall much better, no more muscular pain. The new spots around my two first lesions are growing too. Today I took a Tramadol as the pain from spots was too much.

\&gt; Doctor called me in the evening to ask if I received results of the test, I haven't. She said the isolation period is set to 10 days so seems I will be able to go to work next Wednesday (7th). She also said that once all symptoms are gone, recommendation is 3 weeks without any sexual intercourse and 2 months with condoms.

* **Friday 2nd** \&gt; The new spots are a lot more itchy now, I noticed it's easier to cope with it by staying active and moving around than being in bed. Someone suggested to use Benzocaine on them and it seems to relieve the pain but only for a short time. I didn't want to take Tramadol again today so I stuck with Ibuprofen and Paracetamol, it helps a bit. Still a slight fever in the evening.
* **Saturday 3rd** \&gt; Haven't been able to sleep last night, the itchiness and pain are really strong and now I have a lesion on the inside of the foreskin which is more painful that the rest. No more fever. I read online that a bath of Epsom salts and baking soda can help with the itchiness and pain so I try that and it does make me feel a bit better for a few hours, I'll do it again tomorrow (people online also say it helps the lesions heal faster).
* **Sunday 4th** \&gt; I wake up around 3 am with strong pain, I have a new lesion on my foot, one on my back, possibly some on the scalp and by the anus. I put a plaster over the feet one so I don't keep rubbing it while I sleep.. still quite itchy the whole day, the bath really helps. 
* **Monday 5th** \&gt; I get a call from the govt doctor telling me my test came back positive, that I have to isolate until all the lesions are properly healed and new skin has replaced it. I start to notice that it doesn't itch as much today, and the first lesion I noticed around 12 days ago is finally starting to get smaller and heal.
* **Tuesday 6th** \&gt; Don't wear tight underwear if you have lesions down there, I ended up reopening some lessons wearing a pair of tight-ish underwear after taking a bath.. it sucked big time. Symptoms are gone apart from painful lesions and feeling tired. I just want to get back to my life quickly.
* **Wednesday 7th** \&gt; Lesion n°1 is definitely smaller and looks less virulent.

I didn't take the time to report back every single day, but know that for me it lasted around 3 weeks overall. I have minimal scaring now, just some lighter spots on my skin where I had the bigger lesions. 

\&gt; I read that Tecovirimat is only available in one hospital in the whole country (Switzerland) and exclusively given to really serious cases (100+ lesions and immunocompromised people), so I guess I just have to ride it out..

&amp;#x200B;

ADVICE :

\- If you can get access to Tecovirimat, get it.

\- Take baths of Epsom salts and baking soda to relieve pain and itchiness for a bit.

\- 1x 400mg of Ibuprofen and then 1x Paracetamol 1000mg, alternate every few hours. I did find Tramadol more effective to deal with the pain, but it's not a miracle cure either..

\- wear loose underwear and clothing...

&amp;#x200B;

&amp;#x200B;

&amp;#x200B;

&amp;#x200B;

&amp;#x200B;

&amp;#x200B;",28,28,0.95,2024-01-31 22:11:11,"en",-0.0120429692867124,"neutral",2,"post","Debates center on mpox spread among MSM, vaccine access challenges, and comparisons to COVID-19, alongside personal symptom accounts and frustration with public health failures.","MSM focus, vaccine inequity"
"r/monkeypoxpositive","https://www.reddit.com/r/monkeypoxpositive/comments/18agakg/participate_in_our_sexual_health_survey_earn/","Participate in our Sexual Health Survey &amp; Earn!","

📢 The cases of Mpox are on the rise, and your experiences are crucial in our fight against it. [@id\_cure](https://twitter.com/id_cure) in collaboration with HeHealth invites you to share your journey

🌟 Are you someone who has undergone treatment for Mpox? Your voice is important to us.

✨ Participate in our Mpox Treatment Survey and you could be one of the 10 lucky participants to win an Amazon Gift Voucher!

🚀 Join the survey here :[https://cure.ncats.io/home](https://cure.ncats.io/home)  


&amp;#x200B;

https://preview.redd.it/zjbyy4rrt84c1.png?width=1080&amp;format=png&amp;auto=webp&amp;s=cb677bd04da3a65923dd862d2144831484aa5e8b",3,3,1,2023-12-04 09:01:37,"en",0.23230322365729,"positive",9,"post","Sociopolitical reactions dominate, including stigma, naming controversies, and comparisons to past pandemics, alongside frustration with institutional mismanagement.","Stigma, naming debates"
"r/monkeypoxpositive","https://www.reddit.com/r/monkeypoxpositive/comments/181y95i/has_anyone_here_been_cured_for_mpox_please_share/","Has anyone here been cured for MPOX? please share your experience to help others!","[cure.ncats.io/home](https://cure.ncats.io/home)",4,4,1,2023-11-23 10:22:49,"en",0.435512653955969,"positive",1,"post","Discussions focus on global mpox transmission concerns, public health responses (especially vaccine distribution and messaging), and stigma, with emphasis on LGBTQ+ communities and personal experiences of symptoms/issues.","Transmission, stigma, vaccines"
"r/monkeypoxpositive","https://www.reddit.com/r/monkeypoxpositive/comments/17girjy/is_this_mpox/","Is this mpox?",NA,3,3,0.8,2023-10-25 23:40:25,"en",0,"neutral",6,"post","Emergence of high-risk mpox variants (e.g., Clade I), underreported global spread, and debates over containment strategies beyond MSM communities.","New variants, containment struggles"
"r/monkeypoxpositive","https://www.reddit.com/r/monkeypoxpositive/comments/16ykaaz/lesions_on_penis/","Lesions on penis","Seems the lesions started scab over, tonight my underwear pulled one scab out. (On foreskin) by accident. It was painful and left a little open wound. How you guys deal with when starting to heal? 

I’m wonder if scars will be there permanently after it heals? 

Thank you..",0,0,0.5,2023-10-03 06:16:58,"en",-0.0570770785074263,"neutral",8,"post","Scientific/policy debates on mutations and reinfection, stigma’s role in public perception, and advocacy for marginalized groups amid systemic gaps.","Mutations, reinfection risks"
"r/monkeypoxpositive","https://www.reddit.com/r/monkeypoxpositive/comments/160yuw0/is_long_monkey_pox_a_thing/","Is long Monkey Pox a thing?","I had Monkey Pox in June - July 2022 and ever since, every 2-3 months I've had small blisters pop up on my hands in the exact same spots I had lesions. They almost look like herpes blisters and they only occur in the same locations I had MP lesions on my palms. So far my doctor has been stumped about what it could be.",6,6,0.88,2023-08-25 13:09:19,"en",-0.068605061887651,"neutral",1,"post","Discussions focus on global mpox transmission concerns, public health responses (especially vaccine distribution and messaging), and stigma, with emphasis on LGBTQ+ communities and personal experiences of symptoms/issues.","Transmission, stigma, vaccines"
"r/monkeypoxpositive","https://www.reddit.com/r/monkeypoxpositive/comments/155a9g8/tried_to_hide_monkeypox_lesion_from_hookup/","Tried to hide monkeypox lesion from hookup","Exactly a year ago, and a week after I got my first dose I met some guy for a hookup. He had some.band aids on his hands, I didn't really think anything of it until I saw the lesion right on the middle of his dick. He tried to gaslight me into saying he injured his dick, and it wasn't monkeypox. I quickly got up and left. He sent me a message shortly after ""hey man, it was weird, you should take a rest"" (english isn't his first language)

I've been wondering what he thought was going to happen... he acted like I was the one with the problem. Im not sure ill ever know but wondered if anyone have any ideas what he was thinking?",7,7,0.99,2023-07-21 01:59:24,"en",-0.0187299253055648,"neutral",8,"post","Scientific/policy debates on mutations and reinfection, stigma’s role in public perception, and advocacy for marginalized groups amid systemic gaps.","Mutations, reinfection risks"
"r/monkeypoxpositive","https://www.reddit.com/r/monkeypoxpositive/comments/154yhqr/monkeypox_for_10_months_and_counting/","Monkeypox for 10 months and counting","This is going to sound quite strange. 

In Aug of 2022, I have some suspect sexual encounters. I then come down with Flu-like symptoms, after which I start getting characteristic monkeypox lesions on my body. Some are just red bumps, some are more classic: white pus, umbilicus - these eventually scab over and fall off. 

Here's where it gets weird. Once all my lesions had resolved, I would continue to get a strange red bump here, a strange red bump there, sometimes painful sometimes itchy. This went on for months! I would even get classic monkeypox lesions, though this happened less often, over the following months. 

Throughout this time, I had pain in my lymph nodes (groin, armpits, neck).

This hit its climax at month ten when I got two new lesions on my arm and two new lesions on my face. All four left scars. My lymph node pain became more acute. 

Finally, I get access to TPOXX. I am now on day 12 of 14. My lymph nodes no longer hurt. Some bumps still appear (scalp, thigh, back), as well as red blotches on my chest, but I am much better than I was two weeks ago. 

Has anyone experienced anything like this? I do not have HIV, or any condition that would compromise my immune system. It's been very hard to find anyone with any expertise, considering I likely have an edge case of an edge disease.",8,8,0.84,2023-07-20 18:08:50,"en",-0.0643679439479564,"neutral",7,"post","Cross-border spread of strains, personal accounts of severe symptoms, and critiques of institutional response delays and inequities.","Cross-border spread, severe cases"
"r/monkeypoxpositive","https://www.reddit.com/r/monkeypoxpositive/comments/152fbsd/poxapp_this_free_opensource_web_application_from/","PoxApp | This Free Open-Source Web Application From Stanford Can Identify Potential Mpox Lesions Using Artificial Intelligence and a Photo of Your Skin",NA,1,1,0.67,2023-07-17 21:55:54,"en",0.113783465326225,"positive",7,"post","Cross-border spread of strains, personal accounts of severe symptoms, and critiques of institutional response delays and inequities.","Cross-border spread, severe cases"
"r/monkeypoxpositive","https://www.reddit.com/r/monkeypoxpositive/comments/13cdnl8/is_this_mpox/","Is this mpox?","I didn’t have any flu like symptoms . Had this for 3 days now",4,4,0.67,2023-05-09 03:09:02,"en",-0.112203711738523,"negative",4,"post","Criticism of systemic public health failures (e.g., vaccine disparities, bureaucratic delays) and anxiety about broadening transmission (e.g., pediatric cases, workplaces).","Systemic failures, inequity"
"r/monkeypoxpositive","https://www.reddit.com/r/monkeypoxpositive/comments/115637d/how_monkey_pox_destroyed_me/","how monkey pox destroyed me","hi, i am a 30 year old non binary trans person who was trying to become  music make, and i am suffering since the last 6 months horribly...
I am currently in extreme and constant 24/7 unbearable mouth and oral pain, burning hand, wrist, arm, chest, right foot, to the point that it is painful all the time, worse when i speak, worse when i eat and drink , it is painful to walk, it is hard to do things with my right hand and i feel pain and burning that makes me unable to think, rest and sleep at all times makes my life so unbearable that i constantly think of killing myself as it rendered my life slowly unbearable. i have seen many different kinds of doctors and went to the hospital several times, an MRI of my brain, blood tests, a neurologist told me it is definitely a neuropathy but they don't know why. the (many) prescriptions i have don't do anything on it but make me feel drowsy and worse and worse, especially mentally. the internist I've seen sends me to the psychiatrist as my pain could be made worse by my extreme depression of this pain forcing me to go back live are my parents and destroying my life. so they put me on antidepressants. i don't feel better and i see the psychiatrist twice a week. i am every day about to kill my self and traditional medicine now leaves me here in that state with no more help. i was always struggling with some bouts of depression and had some low immune system but since covid its a nightmare. i had COVID in March 2020 and it was extremely severe and developped rhumatoid arthritis a month after recovery and couldn't walk for 2 weeks. it came back once some months after and i also suffered from extreme brain fog, chronic fatigue, attention issues and low immune system and then after getting vaccinated in September 2020 i was in the hospital with pneumonia for 4 days and almost died. after that i had COVID 4 times catching every variant beta, delta Omnicron and deltacron, and every time i had severe gastro intestinal problems, kidney problems a and was hospitalized once in July 2022. in August 2022 i had a weird round rash on my face and decided to go rest in the countryside at my parents (i lived in Berlin ) and the rash went away but i think maybe it is Lyme disease ? i am still not sure to this day. 

Then in August 2022 i caught MONKEY POX and it was the worst disease ive ever had by far. it took 2 months to recover and it was the worst pain i ever had by far. The lesions / poxes in my anus were so bad i couldn't sit and i still had scars to this day , one had to be removed surgically but the others i will probably have forever. As a only bottom it is just horrible to think my only place of pleasure is now scarred and looks not so appealing to my potential partners. 
I only started having sex when i was 25 due to growing up in very conservative non queer friendly catholic environment ans i feel like i had really a lack of sex, love, attention ... In my life and the gay world is tough and sometimes cruel, especially for fem bottoms.
I also has poxes in my mouth and throat that were so horrible i couldn't drink water and all over my body.
I keep getting one or two appearing here and there 6 months after.... I just had one big one on my neck. 
 Some 2 weeks after ""recovery"" i started having this horribly fucked up terrifying constant and extreme mouth pain started while I was smoking some cannabis and eating ( i have a really bad eating disorder and was using cannabis since 2021 as a coping mechanism for my anxiety and my pains but it made my eating disorder that i have since childhood so much worse but i was so sad and hating my body already so much from growing up queer and having no one like me around, i got super addicted to anything that would make me escape this world : video games, food, music, films and series )
to this day the mouth pain never left, it feels like horrible and constant  nerve pain / electric shocks / burning sensation and started a few days ater t
to spread to my neck, right arm and hand and wrist and fingers and palm and finally right foot. i have since that day completely stopped using cannabis or smoking, alcohol, even coffee as it hurts too much to drink that. I thought maybe you could help and would have an idea on my case. 
The neurologist the rhumatologist the infectiologist the immunologist the GP all tell me it is neuropathic pain but they can't find the source. 
Seems like i have extreme reaction post viruses like auto immune disorder . Or maybe the low quality cannabis i was getting from the parc (i live in Berlin ) fucked my brain and mouth on top of my already occuring fragility and the viruses created nerve damage just like u get shingles after chickenpox and it translates into nerve pain.

i want to live. i am not sure I will be able to without some kind of help. 


If anyone has any ideas, I'm down to hear you here, Skype or call or text privately.
I am buying and trying tons of different therapies and supplements and herbs and what ever could help i try it.
But i cannot work due to my pains that have turned into such a huge handicap and my brain being so tired and slow idk what to do
 
If anybody can help me financially,
, a donation, paying a medical bill ( i have so many 😔)help me do a go fund me , a hug, anything at all i would be forever grateful for an u angels 

I want to live. I have lived so little. I am not sure how to continue like this in so much pain . I am terrified.

Thank you so much. 
pompom",16,16,0.77,2023-02-18 03:50:05,"en",-0.209490158004269,"negative",4,"post","Criticism of systemic public health failures (e.g., vaccine disparities, bureaucratic delays) and anxiety about broadening transmission (e.g., pediatric cases, workplaces).","Systemic failures, inequity"
"r/monkeypoxpositive","https://www.reddit.com/r/monkeypoxpositive/comments/10jysda/is_this_mpox_hey_can_anyone_tell_me_whats/","Is this mpox?? hey can anyone tell me what’s randomly appearing on my body?",NA,2,2,1,2023-01-24 06:06:32,"en",0,"neutral",8,"post","Scientific/policy debates on mutations and reinfection, stigma’s role in public perception, and advocacy for marginalized groups amid systemic gaps.","Mutations, reinfection risks"
"r/monkeypoxpositive","https://www.reddit.com/r/monkeypoxpositive/comments/10cac74/is_this_monkeypox_or_scabies_or_something_else/","Is this monkeypox? Or scabies? Or something else? [skin issue]","Hi everyone, here is a summary of the context and my symptoms. I refer to myself as patient (wrote it for a doctor but ended up not sending it to him). Thanks for your time and help.

Patient: 23yo male, lives in Switzerland, sexually active with women and men

Main symptoms: red small spots very slowly developing into blisters. The spots are itchy. Other parts of the body are itchy too but not particularly red.

Other symptoms: a very light flu, that has started before potential virus inoculation. Body temperature normal, 35.9 degrees Celsius

Most recent symptom: 1 lymph node under front left side of jaw was slightly painful when I woke up from a nap earlier. Now is better.

Patient was celebrating new years in parties with high prevalence of men who have sex with men (Berlin, Germany). Patient was at high risk from the 30th December 2022 to 2 January 2023

Pictures (nothing too bad or shocking, underage people can can open)

https://ibb.co/FhW8Cd6 https://ibb.co/7W6Vd2H https://ibb.co/xjb4YdL https://ibb.co/5sx8pbZ https://ibb.co/R9s3Z1c https://ibb.co/vBSD3wy",2,2,1,2023-01-15 04:21:17,"en",-0.0258028584623092,"neutral",7,"post","Cross-border spread of strains, personal accounts of severe symptoms, and critiques of institutional response delays and inequities.","Cross-border spread, severe cases"
"r/monkeypoxpositive","https://www.reddit.com/r/monkeypoxpositive/comments/107y4ox/is_anybody_still_getting_mpox_i_havent_heard_from/","Is anybody still getting Mpox? I haven't heard from it in a while...","I'm unfortunately from Mexico where the vaccine isn't available and can't travel out to get it. I've been a nun for the past few months because i'm scared of getting it. But i'm so horny and want to visit a sauna.

The news and reddit are kind of a ghosttown with news now

Has anybody heard of any friends getting it recently? Should I still be worried?",7,7,1,2023-01-10 02:37:05,"en",-0.0549964128695002,"neutral",3,"post","Post-peak concerns include declining cases, lingering public health challenges (e.g., misinformation, isolation fatigue), and scientific analyses of mutations/long-term impacts.","Post-outbreak issues, mutations"
"r/monkeypoxpositive","https://www.reddit.com/r/monkeypoxpositive/comments/107la62/the_2022_monkeypox_epidemic_and_what_has_led_to/","The 2022 Monkeypox Epidemic and What Has Led to the Current State of the Disease in the US: A Systematic Review",NA,6,6,0.8,2023-01-09 18:08:16,"en",-0.164725883269459,"negative",8,"post","Scientific/policy debates on mutations and reinfection, stigma’s role in public perception, and advocacy for marginalized groups amid systemic gaps.","Mutations, reinfection risks"
"r/monkeypoxpositive","https://www.reddit.com/r/monkeypoxpositive/comments/zs71pu/did_anyone_get_any_breathing_problems/","Did anyone get any breathing problems?",NA,4,4,1,2022-12-22 00:44:32,"en",-0.111387755644007,"negative",8,"post","Scientific/policy debates on mutations and reinfection, stigma’s role in public perception, and advocacy for marginalized groups amid systemic gaps.","Mutations, reinfection risks"
"r/monkeypoxpositive","https://www.reddit.com/r/monkeypoxpositive/comments/zh1ezm/4_months_post_mpx_skin_is_fucked/","4 months post mpx ... skin is fucked ...","Hi. I'm sort of despairing because I don't see many similar posts here or on Google. I'm 4 months past de-isolation (ie, being declared non-contagious, all scabs fallen off). During the 30+ days of acute infection with lesions, I had about 16 lesions around my pubes (essentially around the rim of the condom I wore) and penile inflammation. Painful af of course. I also had secondary bacterial infections of a few of the lesions; 4 abscesses formed which drained out over time but left me with hyperpigmented spots and hard fibrous tissue. The fibrous tissue finally resolved fully by the 3.5 month mark, but the post-inflammation hyperpigmentation (PIH) from the abscesses as well as the penile inflammation still remains. And unlike the vast majority of you, I'm left with what seems like permanent scarring: hypopigmented (light coloured) scars where the lesions were. My self-esteem is at a low. I've been hooking up recently to gauge people's reactions to my scarring. Interestingly most people don't mention it (where I live, where people tend not to be too outspoken), but the one or two times I've been confronted about my scars or the colour of my skin (darker blobs and patches from the inflammation, light pockmarks from the lesions, wtf it's like a multicoloured gross patchwork), plus my brain's own anxiety, has gutted my sex drive and self esteem. 

I've been considering writing this post for a month and finally plucked the courage to do so. Open to hearing your commiserations, support, similar stories, tips, advice or whatever.... I just need to know that I'm not alone in this. All of reddit and the internet seems to suggest that people's lesions have more or less fully healed, while I'm stuck with what really seems to be a lifelong pockmarking of my beloved genitalia (lol/sigh). Would it be crazy of me to get a tattoo to cover all the hypopigmented scars up? I asked a dermatologist and they said laser or microneedling wouldn't really help with the hypopigmented scars.",10,10,0.92,2022-12-09 16:18:37,"en",-0.174935199309651,"negative",1,"post","Discussions focus on global mpox transmission concerns, public health responses (especially vaccine distribution and messaging), and stigma, with emphasis on LGBTQ+ communities and personal experiences of symptoms/issues.","Transmission, stigma, vaccines"
"r/monkeypoxpositive","https://www.reddit.com/r/monkeypoxpositive/comments/z72joh/monkeypox_lite_possible_to_have_it_and_barely_know/","Monkeypox Lite? Possible to have it and barely know?","Has anyone heard of getting monkeypox sores that don't go through the full stages? What about getting it with almost no flu-like symptoms?

Curious mainly because I had a weird pink spot with a little bit of raised skin on my penis, and very very mild flu-like symptoms (almost not noticeable ). But the pink spot never formed a blister or erupted or anything. It wasn't even open skin really. But now feeling a little paranoid I might have had it and passed it to a partner. Which seems really implausible given the symptoms, or lack thereof. 

I've certainly read all the dire health warnings from the CDC, including that their position is you could have it and never know. Also aware that scientists are formally investigating if you could spread it under those circumstances. But I know too with limited data and a possible epidemic CDC usually puts out fairly broad symptoms, which I guess makes sense.",3,3,0.71,2022-11-28 17:28:52,"en",-0.204545147586041,"negative",3,"post","Post-peak concerns include declining cases, lingering public health challenges (e.g., misinformation, isolation fatigue), and scientific analyses of mutations/long-term impacts.","Post-outbreak issues, mutations"
"r/monkeypoxpositive","https://www.reddit.com/r/monkeypoxpositive/comments/z6ts53/is_there_an_antibody_test_test_to_check_if_youve/","Is there an antibody test / test to check if you've had MPox?","If you're not sure whether or not you had it, is there anyway of finding out?",2,2,1,2022-11-28 11:08:36,"en",0,"neutral",2,"post","Debates center on mpox spread among MSM, vaccine access challenges, and comparisons to COVID-19, alongside personal symptom accounts and frustration with public health failures.","MSM focus, vaccine inequity"
"r/monkeypoxpositive","https://www.reddit.com/r/monkeypoxpositive/comments/y1m8rg/internal_scars_after_recovery/","Internal scars after recovery","I’m wondering how is everyone’s scarring situation after recovery. I have two red scars on chest and feet that resemble shallow acne scars. There is one pitted scar on my lower jaw line which I think will be impossible to get rid of (it looks exactly like those typical monkey pox scars you find on internets) :(

Does anyone know if Monkeypox leaves internal scars inside anus? Wondering if anyone has done an anoscopic examination after recovery? 

The reason why I’m asking is that I am going to see a proctologist for some other checks and I will feel rather uncomfortable if the doctor sees scars inside and starts asking personal questions….",5,5,1,2022-10-11 22:20:38,"en",-0.265877006764467,"negative",8,"post","Scientific/policy debates on mutations and reinfection, stigma’s role in public perception, and advocacy for marginalized groups amid systemic gaps.","Mutations, reinfection risks"
"r/monkeypoxpositive","https://www.reddit.com/r/monkeypoxpositive/comments/xyq6xx/had_these_bumps_around_my_anus_since_august_they/","had these bumps around my anus since august. they sometimes itch but aloe vera cream usually fixes that. i'm embarrassed to go to the doctor's even though i work in the emergency department",NA,3,3,0.6,2022-10-08 11:16:00,"en",-0.152924241064288,"negative",8,"post","Scientific/policy debates on mutations and reinfection, stigma’s role in public perception, and advocacy for marginalized groups amid systemic gaps.","Mutations, reinfection risks"
"r/monkeypoxpositive","https://www.reddit.com/r/monkeypoxpositive/comments/xqxou3/anyone_who_is_monkeypox_positive_for_a_online/","Anyone who is Monkeypox positive for a Online Research! Happy to compensate for your time!","Looking for 2 volunteers who had monkeypox during last 6 months, to help us fill a questionnaire and if possible to join for a 20 min video call. We do not need any personal identifying details. Happy to compensate for your time.  


Please share a message privately or on this thread if interested to participate",5,5,0.86,2022-09-29 04:00:37,"en",0.31179857782221,"positive",8,"post","Scientific/policy debates on mutations and reinfection, stigma’s role in public perception, and advocacy for marginalized groups amid systemic gaps.","Mutations, reinfection risks"
"r/monkeypoxpositive","https://www.reddit.com/r/monkeypoxpositive/comments/xm8vab/persistent_symptoms_in_confirmed_positive_cases/","Persistent symptoms in confirmed positive cases","I’m trying to figure out if anyone else is having persistent symptoms post infection? Specifically, ongoing (smaller) pustule development, unbearably itchy skin, intermittent sore throats, muscle twitches, and fatigue.",15,15,0.94,2022-09-23 20:50:51,"en",-0.221498195089918,"negative",6,"post","Emergence of high-risk mpox variants (e.g., Clade I), underreported global spread, and debates over containment strategies beyond MSM communities.","New variants, containment struggles"
"r/monkeypoxpositive","https://www.reddit.com/r/monkeypoxpositive/comments/xl2bxo/waiting_to_start_treatment_at_er_now/","Waiting to start treatment, at ER now.",NA,19,19,0.89,2022-09-22 14:05:03,"en",-0.0515625115218875,"neutral",7,"post","Cross-border spread of strains, personal accounts of severe symptoms, and critiques of institutional response delays and inequities.","Cross-border spread, severe cases"
"r/monkeypoxpositive","https://www.reddit.com/r/monkeypoxpositive/comments/xgfvhq/monkeypox_dose_1_2_hoping_these_things_eventually/","Monkeypox dose 1 &amp; 2. Hoping these things eventually clear up. The first one injection site is solid bump and shiny skin which makes me thinks it’ll be permanent scarring. Second one is itchy as all hell.",NA,15,15,0.86,2022-09-17 07:25:08,"en",-0.0325391869650169,"neutral",7,"post","Cross-border spread of strains, personal accounts of severe symptoms, and critiques of institutional response delays and inequities.","Cross-border spread, severe cases"
"r/monkeypoxpositive","https://www.reddit.com/r/monkeypoxpositive/comments/xdin5t/sharing_progress_of_my_mp_lesion_on_my_penis/","Sharing progress of my MP lesion on my penis - hopefully Could help everyone understand how the healing goes.",NA,66,66,0.98,2022-09-13 21:06:02,"en",0.366565579021325,"positive",8,"post","Scientific/policy debates on mutations and reinfection, stigma’s role in public perception, and advocacy for marginalized groups amid systemic gaps.","Mutations, reinfection risks"
"r/monkeypoxpositive","https://www.reddit.com/r/monkeypoxpositive/comments/xdoy89/what_is_inside_the_lesions/","what is inside the lesions?","to anyone who got tested, what came out when your lesion was lanced and swabbed? blood? pus? i have a lesion that looks to be filled with blood and i’m scared",10,10,1,2022-09-14 01:40:51,"en",-0.109593144518705,"negative",3,"post","Post-peak concerns include declining cases, lingering public health challenges (e.g., misinformation, isolation fatigue), and scientific analyses of mutations/long-term impacts.","Post-outbreak issues, mutations"
"r/monkeypoxpositive","https://www.reddit.com/r/monkeypoxpositive/comments/xcl1y1/anyone_break_out_with_lesions_after_1st_vaccine/","Anyone break out with lesions after 1st vaccine dose? I’m scared of it happening.","Edit: I mean did you break out with monkey pox  despite getting vaccinated with one dose. 

I’m just scared to get 🐒pox. I have to wait another two months to get my second dose.",4,4,0.75,2022-09-12 18:57:10,"en",-0.122221699743716,"negative",8,"post","Scientific/policy debates on mutations and reinfection, stigma’s role in public perception, and advocacy for marginalized groups amid systemic gaps.","Mutations, reinfection risks"
"r/monkeypoxpositive","https://www.reddit.com/r/monkeypoxpositive/comments/x8npum/moving_the_breakout_location_via_lymphatic_massage/","moving the breakout location via lymphatic massage","So my partner who is an ethetitican and I began a series of experiments. 

The most recent being massaging the virus breakout points through the lymphatic tract.


I started at the finger tips and essentially pushed the lumps you can feel under the epidermis upward through the lymphatic system to a single location.

Picture is the results",0,0,0.25,2022-09-08 02:16:01,"en",0.0575629587487599,"neutral",8,"post","Scientific/policy debates on mutations and reinfection, stigma’s role in public perception, and advocacy for marginalized groups amid systemic gaps.","Mutations, reinfection risks"
"r/monkeypoxpositive","https://www.reddit.com/r/monkeypoxpositive/comments/x6ripl/mild_monkeypox_experience_day_to_day_journal/","Mild Monkeypox experience, day to day journal","Pre exposure - I had received the first vaccine dose, over 4 weeks passed before my exposure so I assumed some immunity had built. I’m hiv positive with an undetectable status, however the nurse told me that might lower my immunity rate. I would assume that having one vaccine would make this experience mild, but there’s no articles or posts on this that I’ve seen. 

Day 1 of feeling symptoms - woke up with a tingling sensation on my butt, like a light itch around the anus. I had hooked up over the weekend, and it was now Wednesday so I thought it might be gonorrhoea, from past experience. By the afternoon, I started to feel achy and tired which soon lead to a mild fever and my body feeling flush briefly (15-20 mins or so of looking very red). My butt had become gradually more itchy over the day so I figured it must be monkeypox. Looking at my butt in the mirror, I saw three red pimples in and around the hole. By the evening I was exhausted. I took a warm bath and then put vaseline on my butt to stop the itching, as I had read online. Vaseline works temporarily. Within a few hours of sleeping I was up again wanting to scratch my butt, I again had a bath and more vaseline. 

Day 2 - I woke up feeling the same mild fever and exhaustion. Same itchiness continued. I keep looking at my butt in the mirror to see if more red bumps are appearing, none so far. For treatment, I bought advil extra strength for the fever and for the itchiness I bought Benadryl, and aveeno soothing bath treatment. A couple hours in from using those meds and it’s helped ease symptoms.

Day 3 - fever, aches are gone. The itchiness remains, but the extra strength Benadryl has been helping. Noticing light pinky blood and mucous in bowel movements. A strong “pushing” feeling throughout the day, like i have to go to the bathroom. 

Day 4 - today was a turning point, after a groggy morning I felt myself again.  I stopped taking benadryl and realized the itching had gone, may be a cause for grogginess too. I would recommend another type of antihistamine, benadryl made me so sleepy and loopy. Aside from feeling a bit tired, only annoyance is the bm “pushing” sensation I still get. The couple pimples I had on my butt didn’t progress beyond small red pimply dots. I have taken baths 2-3 times a day, kept it clean down there. 


Day 5 - I feel completely fine. The pushing feeling is gone, no fever or exhaustion, no blood or mucous in my stool except light spotting. My butt feels a bit sore but think thats possibly internal sores healing. The pimples on my butt have shrunk to small red dots, no lesions. I’m very surprised how quickly this passed, not that I’m back to normal but I feel like myself again.


Day 6 - my butt is still healing but i feel like I’m 80-90% healed. No pushing feeling, light blood after BM. Overall fine. I will update this later if things regress. I wanted to share my experience so anyone who is experiencing a mild monkeypox may have some peace of mind. I really spiralled the first couple days. Next to the itching, the shame was a symptom. I hooked up with one guy, but felt an overwhelming sense of shame like I deserved this. Get that vaccine if it’s available to you. If it happens, it happens. You’ll survive this and you didn’t “deserve” it.",25,25,1,2022-09-05 21:14:13,"en",0.00714923020676666,"neutral",5,"post","Fears of mpox resurgence or endemicity, debates over vaccine strategies, and critiques of global disparities in outbreak response.","Resurgence fears, global disparities"
"r/monkeypoxpositive","https://www.reddit.com/r/monkeypoxpositive/comments/x6k2vj/how_can_i_buy_tpoxx_in_the_eu/","How can I buy Tpoxx in the EU?",NA,1,1,0.67,2022-09-05 16:14:15,"en",0,"neutral",2,"post","Debates center on mpox spread among MSM, vaccine access challenges, and comparisons to COVID-19, alongside personal symptom accounts and frustration with public health failures.","MSM focus, vaccine inequity"
"r/monkeypoxpositive","https://www.reddit.com/r/monkeypoxpositive/comments/x53u0w/are_you_a_breakthrough_monkeypox_infection/","Are You a Breakthrough Monkeypox Infection? Vaccinated and Positive?","Hi all!

I'm on day 6 of having lesions, and boy is it painful/itchy/miserable. I'm also fully vaccinated and gave the vaccines the full two weeks to kick in before my exposure, AND both my jabs were subcutaneously administered! I was so convinced that I was going to be fine after all of that, but sadly I find myself sitting here with intense colorectal pain, annoyed, saddened, and concerned that I'm became a breakthrough infection, and I know there are others out there.

While Jynneos is probably super effective at preventing severe disease, I've been reading more about the actual knowledge gaps we have on its efficacy to prevent even mild disease, let alone preventing infection at all!

* [Monkeypox Vaccine Study Raises Questions About Protection](https://www.bloomberg.com/news/articles/2022-09-02/monkeypox-vaccine-study-raises-questions-about-protection)
* [Will low-dose vaccination stretch the monkeypox vaccine supply, or backfire?](https://www.statnews.com/2022/08/09/will-low-dose-vaccination-stretch-the-monkeypox-vaccine-supply-or-backfire/)

This is scary! Because we might actually be making this epidemic worse by giving people a false sense of security, or convincing people that ""if I get it at least it will be mild"". That was certainly me, and I wish I could tell myself that there is certainly nothing mild about this even when fully vaccinated. Plenty of frustration here but that's beside the point.

I want to understand more about others like me. If you're positive for monkeypox, **please comment** on this thread with some basic info like your vaccination status, and when your exposure was relative to that vaccination. Here are a few examples

* unvaccinated
* partially vaccinated, exposure occurred before jab
* partially vaccinated, exposure occurred less than 4 weeks after 1st jab
* partially vaccinated, exposure occurred 4 weeks or more after 1st jab
* fully vaccinated, exposure occurred less than 2 weeks after 2nd jab
* fully vaccinated, exposure occurred 2 weeks or more after 2nd jab",29,29,0.93,2022-09-03 20:21:49,"en",-0.00329302210129946,"neutral",5,"post","Fears of mpox resurgence or endemicity, debates over vaccine strategies, and critiques of global disparities in outbreak response.","Resurgence fears, global disparities"
"r/monkeypoxpositive","https://www.reddit.com/r/monkeypoxpositive/comments/x4qgvk/how_many_lesions_did_you_have_and_where/","How many lesions did you have and where?","I'm currently awaiting test results but I've had symptoms for 8 days and im pretty sure it's monkeypox. I'd like to get a sense of lesion distribution because currently, I have 22 lesions on my penis and 5 on my inner thighs.

Is 22 lesions a severe case? My penis is swollen like crazy but im hardly getting any pain past the standard dull pain from inflammation.",4,4,0.75,2022-09-03 09:41:14,"en",-0.15001536869766,"negative",8,"post","Scientific/policy debates on mutations and reinfection, stigma’s role in public perception, and advocacy for marginalized groups amid systemic gaps.","Mutations, reinfection risks"
"r/monkeypoxpositive","https://www.reddit.com/r/monkeypoxpositive/comments/x46f1m/might_have_been_exposed_and_really_anxious/","Might have been exposed and really anxious","Hi everyone, on a throwaway account here. Three days ago I spent about 6 hours with a close friend of mine who I haven't seen in a week. Everything was going fine but near the end when we were on our way back home, I noticed he had these pimples on his arm that he was itching -- like he was driving with one hand so he could itch them. It freaked me out because he works in a high risk area, has been to tons of concerts in the past month, and like is not aware of his health. I asked him about the pimple and he said he's had it for about a month but I don't know how much I trust that, he said it very defensively. It pains me that we were close the entire night, shared surfaces, touched the same things, ate together, etc. I have an underlying medical condition that would make it more likely for me to get a severe case. I don't know what to do and I'm freaking out. I'm also angry at him for ignoring possible signs when he knows that I'm high risk. Is there anything I should be on the lookout for in the following 2 weeks or so?",13,13,1,2022-09-02 16:50:09,"en",-0.18999319583097,"negative",8,"post","Scientific/policy debates on mutations and reinfection, stigma’s role in public perception, and advocacy for marginalized groups amid systemic gaps.","Mutations, reinfection risks"
"r/monkeypoxpositive","https://www.reddit.com/r/monkeypoxpositive/comments/x445j6/getting_vaccinated_post_being_sick/","getting vaccinated post being sick ?","Hey just wondering if it would make sense I'm at week 5 of infection and it is so fucking slow i still have pretty bad white lesions and burning in my ass. No new poxes though anywhere just my ass being forever? Destroyed. I don't know what to do i can't get tpoxx it is not getting better maybe I'm just gonna get the vaccine at this point.",3,3,0.81,2022-09-02 15:18:42,"en",-0.390571008158207,"negative",8,"post","Scientific/policy debates on mutations and reinfection, stigma’s role in public perception, and advocacy for marginalized groups amid systemic gaps.","Mutations, reinfection risks"
"r/monkeypoxpositive","https://www.reddit.com/r/monkeypoxpositive/comments/x3qy20/weird_monkeypox_vaccine_imvamune_side_effect_old/","Weird monkeypox vaccine (imvamune) side effect: old scars seem to be raised and itchy. Anyone else?",NA,4,4,0.83,2022-09-02 03:25:41,"en",-0.22835624418347,"negative",6,"post","Emergence of high-risk mpox variants (e.g., Clade I), underreported global spread, and debates over containment strategies beyond MSM communities.","New variants, containment struggles"
"r/monkeypoxpositive","https://www.reddit.com/r/monkeypoxpositive/comments/x2m0ec/need_your_suggestions_i_have_no_one_to_talk_to/","Need your suggestions. I have no one to talk to.","Has anyone got penile swelling without any lesions?
Also a clear discharge. And frequent urination? 
And an aching pain in the groin area? 


I did not have sex but met a guy  2 weeks ago. I basically masturbated myself and spanked the guy and played with his nipples ( with the same hand that I masturbated- you guys think it would termed as close contact? )

I’ve been feeling like flu-ish for the past 3-4 days. Had chills and like an upset tummy and then this penile swelling and discharge start and the constant urge to pee. 
In terms of lesions I do have pimples on my torso but tbh I do have them all the time.
This is so confusing. I live in a country where we only have 10 cases detected yet but then again, homophobia means people won’t even step up to test. 
I’m not out to my family and going for testing would mean I go to the govt hospital and it’ll be reported in the media ( if detected I’ll be the first case in my city) and how do I explain all of this to my family? 
Im so so confused. 
What do you guys suggest? 

Has anyone got penile swelling without any lesions?
Also a clear discharge. And frequent urination? M
And an aching pain in the groin area?",9,9,0.9,2022-08-31 19:15:20,"en",-0.145879397035402,"negative",7,"post","Cross-border spread of strains, personal accounts of severe symptoms, and critiques of institutional response delays and inequities.","Cross-border spread, severe cases"
"r/monkeypoxpositive","https://www.reddit.com/r/monkeypoxpositive/comments/x2cf1l/does_monkeypox_grow_in_patterns/","Does monkeypox grow in patterns?","I'm an MSM who had a hookup last weekend. Have huge rashes all over my body that started yesterday. Was pretty sure it was monkeypox yesterday and was going to head into the hospital for testing this morning but I think I may have another idea for what may be causing my rashes. 

I recently bought a new detergent that has fragrance when  I normally use a fragrence-free one because it's all the store had at the time. I've only been wearing shorts and t-shirts and the rashes so far are almost all constrained to my chest, back, upper legs, and the side of my forearms that rests against my shirt. I have some sporadic smaller rashes in other places, but nothing above my chest or below my knees. I haven't had any pimple-type things form either. These are just large raised rashes. Nothing on my genitals either.

So my question is whether it's possible for this to still be monkeypox? Is the way monkeypox spreads across your body completely random? Does that patterned formation of my rashes rule out the fact that this could be monkeypox? Sorry for the frantic questions. I don't have insurance and am trying to avoid a visit to the hospital if I can.

Edit: Visited doctor and he confirmed it is just an allergic reaction. Was prescribed some Prednisone to help with the rash and given an STD test too just in case. Thanks for everybody's help here, and I hope all of you who are currently positive get better soon. This scare has convinced me to get my first shot of the vaccine the day I get back home.",4,4,0.84,2022-08-31 12:31:09,"en",0.0445266117412606,"neutral",6,"post","Emergence of high-risk mpox variants (e.g., Clade I), underreported global spread, and debates over containment strategies beyond MSM communities.","New variants, containment struggles"
"r/monkeypoxpositive","https://www.reddit.com/r/monkeypoxpositive/comments/x14j1l/anyone_have_blisters_after_vaccine/","Anyone have blisters after vaccine?","Have blisters and rash about two days after second dose.  No known contacts but very bizarre. They itch but are not painful and keep coming. More every day.  Up to about 30-50 now.  Somewhat concerned. The site of the injection still itches constantly as well. Is this vaccine side effect or was I infected and a mild case ?

(msm here but haven’t engaged in risky activities although husband has).",9,9,0.91,2022-08-30 00:24:43,"en",0.0962960072851409,"neutral",2,"post","Debates center on mpox spread among MSM, vaccine access challenges, and comparisons to COVID-19, alongside personal symptom accounts and frustration with public health failures.","MSM focus, vaccine inequity"
"r/monkeypoxpositive","https://www.reddit.com/r/monkeypoxpositive/comments/x17jpq/is_the_second_dose_necessary/","is the second dose necessary?","Hi all,

Received the monkeypox vaccine as a preventative measure (no known exposure and i am not sexually active at the moment or immunocompromised), and three days after I am still exhausted. Moving to a different country in one month and wondering how much protection just one dose gives vs two.",3,3,1,2022-08-30 02:44:01,"en",0.138472352336085,"positive",8,"post","Scientific/policy debates on mutations and reinfection, stigma’s role in public perception, and advocacy for marginalized groups amid systemic gaps.","Mutations, reinfection risks"
"r/monkeypoxpositive","https://www.reddit.com/r/monkeypoxpositive/comments/x0fzcu/roommate_situation/","Roommate situation","Howdy yall. 
So my roommate tested positive for MPX yesterday. He was in Seattle from Thursday last week to Sunday (last week) and started showing symptoms on Friday. But I didn’t see him until Sunday eve and we talked for about 15 mins in the kitchen far away from each other. His rash started Monday and I barely saw him that day. I gor the vaccine on Wednesday. We never touched but may have used same hand towel and sat on same couch. My throat slightly hurts but I don’t know what to think since we didn’t have too much contact. What do you think? No rash on me. I was also not home from Tuesday on and still not home. I’m also not planning on going home until he heals. I have another place to stay. I guess I’m also worried about giving it to my partner.",10,10,0.92,2022-08-29 04:55:47,"en",0.00239295730605641,"neutral",1,"post","Discussions focus on global mpox transmission concerns, public health responses (especially vaccine distribution and messaging), and stigma, with emphasis on LGBTQ+ communities and personal experiences of symptoms/issues.","Transmission, stigma, vaccines"
"r/monkeypoxpositive","https://www.reddit.com/r/monkeypoxpositive/comments/x05mp5/second_dose_different_from_first/","Second dose different from first?","Is the second dose for the monkeypox vaccine different from the first dose? Or are they the same dose levels?",4,4,1,2022-08-28 20:46:21,"en",0,"neutral",3,"post","Post-peak concerns include declining cases, lingering public health challenges (e.g., misinformation, isolation fatigue), and scientific analyses of mutations/long-term impacts.","Post-outbreak issues, mutations"
"r/monkeypoxpositive","https://www.reddit.com/r/monkeypoxpositive/comments/wyi43e/tested_positive_today/","Tested positive today","I received my Positive test result today 8.26.22. My experience so far has not been as severe as others. I believe I was infected on 8.10.22. I am a gay male in my 40's. On 8.17.22 I went to the gym and woke up with sore legs and back pain the next day which I assumed  was just gym soreness. On Friday 8.19.22 I coincidently got my first Monkeypox vaccine Jynneos.  The next morning (Sat) I woke up drenched in sweat. I assumed it was a reaction to the vaccine. On Sunday, I showered and was again drenched in sweat just after drying. Now concerned, I checked my body and saw 3 pimple like blisters on my abdomen area. I immediately called the phone advice line at Kaiser. The phone nurse scheduled me for a Tuesday video appointment with my pcp as he was off until then. Monday morning I called the office directly and asked to speak the the Dr. On Duty  as there were more blisters, about 15 located in my face and arms. I also started to notice that going to the bathroom was getting uncomfortable. The On Duty Dr. Sent a referral to an Infectious disease specialist for a Wednesday video appointment. That Monday I called the infectious disease Dr's office and asked to speak to the ID Dr. Urgently as the symptoms were worsening by the hour and the longer I waited, the more damage my body might suffer. The ID Dr. called me back that same day and after speaking about my symptoms, agreed that the symptoms pointed to monkey pox, the Dr. Expressed a specific concern for the sores on the anus which by now were painful when going to the bathroom. So far, Monday to Tuesday's pain has been the worst specifically because of the anal sores and pain while going to the bathroom. The Dr. Agreed to put me on Tpoxx even without a positive test result as he stated that test results would take 3 days to process and he was concerned that my symptoms would worsen. The Dr. Scheduled a swab test appointment at the hospital (first time I went in persons as all other appointments were video calls). For the swab I was instructed to arrive to a private side door where I was seen by a Dr. In protective gear. i then received the Tpoxx the next day delivered to my home on Tuesday 8.23.22. The Dr. Also suggested that I get a stool softener which made going to the bathroom easier, it was now uncomfortable and only felt like it burn as the softened tool came out, pain then would stop. Today, Friday 8.26.22 I have had 6 doces of Tpoxx so far and I feel good considering the situation. It seems that after 2 days (by Thursday) no new blisters appeared. The ones that had already grown stopped growing and are now drying off. My rectal sores seems to be healing also as I now describe going to the bathroom only as uncomfortable. I hope my recovery is on the right path and that its only further improvement from here on out. 

For anyone that is concerned:
Get vaccinated ASAP
For those that believe they may be infected, seek medical attention ASAP, every hour counts. I credit my moderate symptoms (so far) to the quick medical action taken. Remember, you need to advocate for your self, be persistent and ask Dr. To prioritize appointments as monkey pox is a severe medical emergency. 

Some advice for anyone suffering from anal sores: stool softeners really do help and also put a tissue in between your buttock as it will keep the area dry and less irritated as blood and other fluids will come out. 

Hope this information is helpful. Wishing all of you a quick recovery.",23,23,0.9,2022-08-26 19:34:24,"en",-0.0203252903709325,"neutral",7,"post","Cross-border spread of strains, personal accounts of severe symptoms, and critiques of institutional response delays and inequities.","Cross-border spread, severe cases"
"r/monkeypoxpositive","https://www.reddit.com/r/monkeypoxpositive/comments/wyf4p4/just_got_my_results_positive/","Just got my results - positive","I received my Positive test result today 8.26.22. My experience so far has not been as severe as others. I believe I was infected on 8.10.22 as I recently have not been too sexually active. On 8.17.22 I went to the gym and woke up with sore legs and back pain the next day which I assumed  was just gym soreness. On Friday 8.19.22 I coincidently got my first Monkeypox vaccine Jynneos.  The next morning (Sat) I woke up drenched in sweat. I assumed it was a reaction to the vaccine. On Sunday, I showered to go out for lunch and was again drenched in sweat just after drying. Now concerned, I checked my body and saw 3 pimple like blisters on my abdomen area. I immediately called the phone advice line at Kaiser. The phone nurse scheduled me for a Tuesday video appointment with my pcp as he was off until then. Monday morning I called the office directly and asked to speak the the Dr. On Duty  as there were more blisters, about 15 located in my face and arms. I also started to notice that going to the bathroom was getting uncomfortable. The On Duty Dr. Sent a referral to an Infectious disease specialist for a Wednesday video appointment. That Monday I called the infectious disease Dr's office and asked to speak to the ID Dr. as the symptoms were worsening by the hour and the longer I waited the more damage my body may suffer. The ID Dr. called me back that same day and after speaking about my symptoms, agreed that the symptoms pointed to monkey pox, the Dr. Expressed a specific concern for the sores on the anus which by now were painful when going to the bathroom. So far, Monday to Tuesday's pain has been the worst specifically because of the anal sores and pain while going to the bathroom. The Dr. Agreed to put me on Tpoxx even without a positive test result as he stated that test results would take 3 days to process and he was concerned that my symptoms would worsen. i received the Tpoxx the next day delivered to my home on Tuesday 8.23.22. The Dr. Also suggested that I get a stool softener which made going to the bathroom easier, it was now uncomfortable and only felt like it burn as the softened tool came out, pain then would stop. Today, Friday 8.26.22 I have had 6 doces of Tpoxx so far and I feel good considering the situation. It seems that after 2 days (by Thursday) no new blisters appeared. The ones that had already grown stopped growing and are now drying off. My rectal sores seems to be healing also as I know describe going to the bathroom only as uncomfortable. I hope my recovery is on the right path and that its only further improvement from here on out. 

For anyone that is concerned:
Get vaccinated ASAP
For those that believe they may be infected, seek medical attention ASAP, every hour counts. I credit my moderate symptoms (so far) to the quick medical action taken. Remember, you need to advocate for your self, be persistent and ask Dr. To prioritize appointments as monkey pox is a severe medical emergency. 

Some advice for anyone suffering from anal sores: stool softeners really do help and also put a tissue in between your buttock as it will keep the area dry and less irritated as blood and other fluids will come out. 

Hope this information is helpful. Wishing all of you a quick recovery.",6,6,0.81,2022-08-26 17:30:32,"en",-0.0198701309328021,"neutral",8,"post","Scientific/policy debates on mutations and reinfection, stigma’s role in public perception, and advocacy for marginalized groups amid systemic gaps.","Mutations, reinfection risks"
"r/monkeypoxpositive","https://www.reddit.com/r/monkeypoxpositive/comments/wxsp7r/just_got_the_call_that_im_positive/","Just got the call that I’m positive","I just want to say thank you for everyone here sharing what they have been going through. We’ll all get through this

I first noticed signs about a week after my last hook up. It was a failed attempt at topping so didn’t do much. A week later felt a little sore on the under side of my shaft and noticed a white circular lesion that freaked me out. I looked up the mpx and saw that they usually go away within a week but I was hesitant to go at the same time if I’m being honest. 

By now three days have gone by and I felt a bump on my right pubic side that ended up being my lymph nodes so that next morning I went to get tested. I had two more lesions on my penis and one unfortunately on my face. They swabbed me and took my blood. Dr said he thinks it’s syphilis but he could be wrong. He said the test results should be in around 2 days told me to isolate and wait to hear back. 

Got the call today that only test be positive was mpx. Dr stated that I had to go to the health department because they’ll be my next point in contact. What freaked me out the most is that he said they might not even have the TPOXX or any kinds of treatments because this is so new. All he’s said to do is take ibuprofen for the inflammation but nothing for the lesions. So that’s where I’m at currently. 

Does anyone know what I could do for the lesions because I feel like it’ll keep spreading if I don’t do anything myself. It’s really freaking me out. Any input would be extremely helpful. I’ll be happy to answer any questions as well",10,10,0.82,2022-08-25 23:16:48,"en",-0.0385451345178784,"neutral",7,"post","Cross-border spread of strains, personal accounts of severe symptoms, and critiques of institutional response delays and inequities.","Cross-border spread, severe cases"
"r/monkeypoxpositive","https://www.reddit.com/r/monkeypoxpositive/comments/wxaslu/this_is_my_3_year_old_hes_been_acting_weird_and/","This is my 3 year old. He’s been acting weird and had a fever the other night . Also has had problems with his lymph nodes.",NA,55,55,0.92,2022-08-25 10:42:05,"en",-0.157435181103796,"negative",9,"post","Sociopolitical reactions dominate, including stigma, naming controversies, and comparisons to past pandemics, alongside frustration with institutional mismanagement.","Stigma, naming debates"
"r/monkeypoxpositive","https://www.reddit.com/r/monkeypoxpositive/comments/wxn8qn/last_lesion_refusing_to_fully_heal/","Last lesion refusing to fully heal","Hi all,

First day of symptoms and the first lesion showed up on 7/31. Since then the other lesions that showed up all ran through their life cycles and have the new layer of skin. Yet this first one still isn’t fully healed.

Other info:
- This is a penile lesion on the shaft (the only one I had here) 
- This was the largest lesion. (About a 1/4in)
- This lesion was popped and swabbed to get a sample.
- I was never put on TPOXX
- My case has otherwise been mild. Lesions weren’t painful or itchy and no anal pain was experienced.

After the first week this lesion appeared, it had shrunk and flattened and became a small, flat, white circle. So it was healing, but it’s looked about the same now for over two weeks. I’ve been speaking with my PCP and had a PA inspect it at Urgent Care but am told it’s just taking longer to heal. Additionally I feel like I’ve been experiencing an achiness/inflammation in the shaft and balls that comes and go (it’s a manageable discomfort but still noticeable).

Has anyone else experienced something similar? I’m almost at 4 weeks for this one lesion to heal for an otherwise mild case of Mpx.",4,4,0.65,2022-08-25 19:32:32,"en",0.110845595637762,"positive",7,"post","Cross-border spread of strains, personal accounts of severe symptoms, and critiques of institutional response delays and inequities.","Cross-border spread, severe cases"
"r/monkeypoxpositive","https://www.reddit.com/r/monkeypoxpositive/comments/wwo0uf/psychological_toll_of_potential_mp/","Psychological toll of (potential) MP","Need to caveat this by saying I'm quarantining while my test results are processed, so I do not have a confirmed case, and there's still a chance I might be negative. Fingers crossed.

However, the whole experience of waiting this out and watching myself get progressively more covered with pox-like pustules has done on a number on me. If I do have MP, my case has been mild so far, with little in the way of pain and no fever. Still, seeing mysterious, itchy lesions pop up every day or so is scary, given that I have no idea when and where they will stop, or how they will scar.

I've never had an STI or serious skin condition before, so the sense of self-estrangement and anxious self-monitoring is new to me. I get this weird dissociated feeling when I look down at myself with these goddamn sores. It's like I can't recognize that it's my own body, and I go into panic mode. On top of that, throw in all the shame and stigma that are, stupidly, still associated with this disease, and I can't help but feel disfigured and repulsive. My ex-girlfriend broke up with me a few months ago, and I keep wondering if it's possible that I'll ever find someone like her, again, who'd love me in a physical state like this. The woman who probably gave me MP has been ghosting me, too, so that doesn't help with those insecurities. And the few people who I've told about this seem to be leaping to insulting and judgmental conclusions about me and my behaviors, which are just untrue.

More of a vent, but I figure it's relatable to some of you, so I thought I'd put it out there for discussion. I think it's worth talking about the psychological demands of a novel and stigmatized disease like MP (or even potential MP exposure, in my case) alongside the physical symptoms. I'd be interested to hear how you all have managed this aspect.",14,14,0.89,2022-08-24 16:30:38,"en",-0.0482183668572025,"neutral",8,"post","Scientific/policy debates on mutations and reinfection, stigma’s role in public perception, and advocacy for marginalized groups amid systemic gaps.","Mutations, reinfection risks"
"r/monkeypoxpositive","https://www.reddit.com/r/monkeypoxpositive/comments/wvmgji/how_long_after_infection_does_it_take_to_show/","how long after infection does it take to show symptoms?","Also can anyone give me links to images of the virus in its earliest stages?",7,7,0.89,2022-08-23 11:35:33,"en",-0.246380687896472,"negative",8,"post","Scientific/policy debates on mutations and reinfection, stigma’s role in public perception, and advocacy for marginalized groups amid systemic gaps.","Mutations, reinfection risks"
"r/monkeypoxpositive","https://www.reddit.com/r/monkeypoxpositive/comments/wvage0/how_to_get_tpoxx_in_the_bay_area/","How to get TPOXX in the Bay Area?","My pcp already filled out the lengthy forms and sent to the cdc. He called DPH and they said contact to Stanford or Kaiser and they could ship me the medication.  Well apparently Stanford has 1 bottle left and the only option is to go to ER.  I’m not a member at Kaiser anymore, but my doctor tried calling and didn’t receive a call back. Do you think they will let me get the medication there anyways? This is proving to be literally impossible to get the medication. I am immunocompromised and don’t want to expose myself to COVID or other infectious diseases in the ER. I’ve already been evaluated, swabbed, and photographed by my pcp. He’s done all the work, now we can’t get this medication. This is maddening. Any advice on how to obtain tpoxx without having to go in to do this all over again?",2,2,0.67,2022-08-23 00:47:34,"en",-0.067490720206002,"neutral",7,"post","Cross-border spread of strains, personal accounts of severe symptoms, and critiques of institutional response delays and inequities.","Cross-border spread, severe cases"
"r/monkeypoxpositive","https://www.reddit.com/r/monkeypoxpositive/comments/wut2rl/prevention_and_treatment_of_monkeypox_a/","Prevention and Treatment of Monkeypox: A Step-by-Step Guide for Healthcare Professionals and General Population",NA,19,19,0.95,2022-08-22 13:02:34,"en",0.136421582460817,"positive",8,"post","Scientific/policy debates on mutations and reinfection, stigma’s role in public perception, and advocacy for marginalized groups amid systemic gaps.","Mutations, reinfection risks"
"r/monkeypoxpositive","https://www.reddit.com/r/monkeypoxpositive/comments/wuntl2/did_i_manage_to_spread_my_sores_slightly_graphic/","Did i manage to spread my sores? (Slightly graphic)","So, my case was anal all the way...i got it thru unprotected bottoming and for the worst of it the pain was ALL in my ass and excruciating! Let's just say sex wasn't anywhere near being on my mind. I was very fortunate to get on tpoxx fairly quickly, and was feeling better by around day 7. I still had tons of lesions on my ass but they were getting a bit less painful, and i still had the few scattered spots elsewhere-chest, elbow, etc... But no new ones had appeared since day 5.

So sometime around day 7 i start to feel a bit frisky. I had some Adderall stashed and some rainy day ghb and decided to treat myself to a nice edging session. I of course didn't involve my ass in this at all, and i sat on a clean towel which went right in the wash shortly after. The next day my penis is a bit sore, but that's par for the course. The day after that, so day 9 since i had my initial outbreak, i wake up to some sores around my shaft. They're relatively mild compared to the ass ones i had at the beginning, which would've made mother Teresa consider a career change. Bit they're still there and I'm pretty sure it's mpox related.

Is this a thing?",15,15,0.82,2022-08-22 08:22:06,"en",0.00301655797590624,"neutral",9,"post","Sociopolitical reactions dominate, including stigma, naming controversies, and comparisons to past pandemics, alongside frustration with institutional mismanagement.","Stigma, naming debates"
"r/monkeypoxpositive","https://www.reddit.com/r/monkeypoxpositive/comments/wuti5h/need_some_information_to_help_the_affected_people/","Need some information to help the affected people","Please suggest me some valid dataset source of monkeypox virus. I want to apply ML techniques to monkeypox dataset but I have to know the data type at first. I have checked on kaggle but I have doubts about them, if you help help me to understand them then please help me. Any kinds of suggestions will be helpful for me. Also you guys can suggest me in which category I can write a research paper, which will be helpful for you most.
Thank you so much for your cooperation.",0,0,0.3,2022-08-22 13:21:01,"en",0.168151122946383,"positive",8,"post","Scientific/policy debates on mutations and reinfection, stigma’s role in public perception, and advocacy for marginalized groups amid systemic gaps.","Mutations, reinfection risks"
"r/monkeypoxpositive","https://www.reddit.com/r/monkeypoxpositive/comments/wu6ldd/what_can_i_do_around_the_home/","What can I do around the home?","I’m awaiting results. A few spots and aches but nothing too awful as yet.

I live my partner and a friend who is recovering from surgery. I’m avoiding touching them both. Can I be in the same room sat apart? Can I wash the dishes or should I stay away from anything like that?",5,5,0.78,2022-08-21 18:30:19,"en",0.0408620692084689,"neutral",9,"post","Sociopolitical reactions dominate, including stigma, naming controversies, and comparisons to past pandemics, alongside frustration with institutional mismanagement.","Stigma, naming debates"
"r/monkeypoxpositive","https://www.reddit.com/r/monkeypoxpositive/comments/wt9ubp/2_vaccinated_guys_mpox_experience/","2 vaccinated guys + mpox experience","My partner and I are fully-vaccinated gay, cis-men in our late 20s, and we have mpox.  Our journey:

8/3 - we both receive our 2nd dose of the Jynneos vaccine. We had “closed” our relationship up to this point bc of the increased risk of mpox

8/12 - we have a sexual encounter with another couple (the first since pre- first vaccine). No one in the mix has symptoms of mpox or knowledge of prior exposure

8/16-
Me: i first observe a pimple on the shaft of my penis
Him: no symptoms

8/17 - 
Me: i observe 4 more pimples in my groin area.  the glands in my pelvic region have intense swelling — causing pressure in that area. I see an urgent care doc who takes swabs of the pimples and orders tests for herpes and syphillis
Him: he is feverish, has body aches and sweats/chills. His pelvic glands are also swollen which he describes as “having marbles in your pelvis”. He comes with me to urgent care but doesn’t have any pimples to swab.

8/18-
Me: no significant changes but pimples are becoming increasingly painful
Him: he suffers from bouts of fatigue.  Even nausea if he stands for too long. Body chills continue. For the first time, he notices an itch near his anoperineal region  

8/19: 
Me: mpox test comes back positive. Ordered to isolate and given prescription for high-dose ibuprofen.
Him: the anoperineal itch progresses to constant pressure (periodic bouts of relief) and sometimes sharp pains. He’s noticing discharge and we suspect proctitis based on accounts we’ve read

Tbd - here’s to hoping that being double-vaxxed will provide us with relief soon!",55,55,0.92,2022-08-20 15:29:50,"en",-0.0873971219072013,"neutral",8,"post","Scientific/policy debates on mutations and reinfection, stigma’s role in public perception, and advocacy for marginalized groups amid systemic gaps.","Mutations, reinfection risks"
"r/monkeypoxpositive","https://www.reddit.com/r/monkeypoxpositive/comments/wsvzxg/got_tpoxx_fairly_easily_in_los_angeles/","Got TPoxx fairly easily in Los Angeles","had a doctor appointment today and he pretty much instantly gave me tpoxx. told me that it hasnt worked for all of the 40 people hes prescribed it too but I have hope that itll help me. Been having crazy painful rectal lesions. My new worry is that Ive been constipated for almost a week and actually terrified to go to the bathroom. My doctor seemed more concerned about that than my monkeypox which has me worried now lmao. But I start the tpoxx treatment tonight. feeling hopeful!",12,12,0.88,2022-08-20 02:33:06,"en",0.0142747274353048,"neutral",8,"post","Scientific/policy debates on mutations and reinfection, stigma’s role in public perception, and advocacy for marginalized groups amid systemic gaps.","Mutations, reinfection risks"
"r/monkeypoxpositive","https://www.reddit.com/r/monkeypoxpositive/comments/wsptvk/reporter_interested_in_concerns_with_isolation/","Reporter interested in concerns with isolation period","Hi, I'm a reporter who covers public health for the Los Angeles Times and I'm interested in how the lengthy isolation period for monkeypox has affected people economically. If you had to miss out on work, lost a job, or had other economic impact from needing to isolate for monkeypox, I'd like to interview you for a story. I'm also interested in speaking to people who were unable to follow isolation guidelines because of economic or practical needs. Anonymity possible if needed. Especially interested in people in California as I write for a California publication. Please feel free to reach out to me here, or I can provide my work email. I greatly appreciate any help you can offer. Many thanks!",28,28,0.98,2022-08-19 21:43:05,"en",0.109338640035279,"positive",8,"post","Scientific/policy debates on mutations and reinfection, stigma’s role in public perception, and advocacy for marginalized groups amid systemic gaps.","Mutations, reinfection risks"
"r/monkeypoxpositive","https://www.reddit.com/r/monkeypoxpositive/comments/wsbjp1/when_does_mp_peak_painful_anal_lesions/","When does MP peak? Painful Anal Lesions","Started feeling sore in my anus last Saturday (6 Days ago). and On monday the pain started. each day/night worse than the last. been taking strong ass Ibuprofen and it still wasnt enough. started to Self Medicate with Ketamine, actually helps dissociate from the pain. i hvnt been washing my sheets or anything which is why i think its been spreading a bit. have a few sporadic bumps all over my body. Im seeing a doctor today hopefully they can prescribe me Tpoxx or something but the pain is so unbearable in my hole and Im wondering when Ill finally hit the peak of this shit bcus I cant imagine the pain getting worse yet every night has been worse than the last so far.",11,11,0.83,2022-08-19 11:26:07,"en",-0.209730980477916,"negative",9,"post","Sociopolitical reactions dominate, including stigma, naming controversies, and comparisons to past pandemics, alongside frustration with institutional mismanagement.","Stigma, naming debates"
"r/monkeypoxpositive","https://www.reddit.com/r/monkeypoxpositive/comments/wrpa0e/just_got_my_positive_test_result_heres_my_so_far/","Just got my positive test result. Here's my (so far very mild) experience with monkeypox.","Latest update: October 11

Hey so this post is gonna be long winded but I'm having a lot of thoughts and this is really the only place I can put them. So, nearly positive that I got exposed while having sex with a guy in 16 days ago. Due to a series of heartbreaks (other peoples, not mine) I've been having a celibate boy summer since March. But a few weeks ago I got a job on that would isolate me pretty significantly for the coming months. So I figured that for old times sake, one last hurrah, I would have sex before leaving for international waters. 

This is where my timeline begins:

August 2nd, Exposure: Work puts me up in a hotel with my own room, meet up with a guy whos there for work from Chicago and we hit it off. End up having sex. Thank god it was good sex or this whole thing would feel so much worse.

August 3rd: I fly to Mexico and board the ship I will be living on for the next 2 months. Feeling great, feeling silly, feeling jovial. No warning signs. 

August 10th, Day 1: I'm at work and around 11 am I start to feel lightheaded and nauseous. But I'm on a ship in the Pacific Ocean so I'm like whatever probs just ship stuff. I leave work and go lay down in my cabin. Feeling tired. Not a good sign as I've never been tired in my life. Walking up the steps to the upper deck, my legs are sore and achey. Weird because leg day wasn't until later in the day and my legs never get sore. At this point i remember having an odd sensation on my back. Like my skin prickly, like my shirt was a low grit sandpaper. Not sure what to make of that. Looking back at it now, I was pooping very frequently, three times a day maybe. I chocked that up to the food i was eating on the boat but i realize now that may have been the first symptom. 

August 11th, Day 2: I wake up groggy, feel vaguely like shit and may have a very low grade fever. I go to work and then we get told by the captain that due to issues with the ship, the crew is being sent home for a few weeks. Before anyone can deboard the ship, a customs agent has to take all our temps. Fuck. I come inside and he puts the temp gun to my head and it beeps and he looks at me. In broken English, he's says ""37 degrees? Why you 37 degrees?"" At this point I think I have covid. I explain that I was just outside and wearing a hardhat and coveralls and anything else to get me off this boat. He says fine and checks me off. Still tired. I take a small dingy back to mainland and check into the resort were staying at for the night. Everyone is drinking and partying by the pool and the beach but I immediately head to bed and get under all my covers because in the 99 degree Mexican sun, I'm fucking freezing. I pass out for a while, take a cold shower and some Tylenol and eat perk up and feel fine. 

August 12th, Day 3: Wake up immediately take Tylenol. I feel fine and dandy. Spend all day flying back home. N95 masked at all times and staying clear of any people I can. I am tested for covid and results are negative. 

August 13th, Day 4: I wake up drenched in sweat, shirt is sticking to my body and I have to peel it off me like I'm a molting lizard. Again I take Tylenol and I'm fine. Sister facetimes me and I mention the night sweats and she gives me a weird look but doesn't mention it. Late that night I realize my asshole itches. Like a lot.  I send [this text](https://imgur.com/a/MLcG1Pa) to my buddy. I'm like oh im chilling just a hemorrhoid from my Mexican poops I guess. 

August 14, Day 5: Wake up sweaty again. Asshole itches has now progressed to asshole pain while shitting. There's also a bump on my asshole I presume to be the aforementioned hemorrhoid. I have a Raven Simone style flashback to my sister (epidemiologist at health department in charge of monkeypox cases) telling me that guys with monkeypox are having extreme excruciating ass pain. I look up the other symptoms and I see [this list](https://imgur.com/a/MCDArIh) and I'm like oh rats that's no good at all. [I text my sister](https://imgur.com/a/2pgrTPe) expecting her to gaslight me and just tell me im being crazy. She does not. She tells me that was her first thought and I need to get tested asap rocky.

August 15th, Day 6: Ho boy does my asshole hurt while I shit. No blood in stool yet but there is like a pink tissue in there. Looks to be colon wall lining that's been shed into my poop. I go to an urgent care place and I tell the woman all my symptoms, which now includes [this](https://imgur.com/a/HJ1JbrM) red mark on my face. I don't get acne like that so immediately im like that's no good. This woman immediately writes me off. Says ""that doesn't sound like monkeypox at all"" despite me having literally all of the symptoms of monkeypox. She investigates my ass and goes hey look a hemorrhoid, here's a script for ass cream and have your doctor do a stool sample. Im 23 and poor, obviously I don't have a primary care physician. I don't trust her so I go to a secondary clinic. They get me right in, I tell them I think I have monkeypox and they take blood samples and ass swabs and stuff. Temperature 99 F. They took 2 swabs of the outer ass and those didn't hurt at all but the 2 inner swabs they took, it felt like they put barbed wire inside my ass. And the doctor goes ""hm that's a weird amount of blood, I think you have herpes"" He prescribes me herpes pills to take every day for a week and wait for results. Obviously very down in the dumps that I have herpes (hardly crying at all in the office) I call my friend who had herpes and he tells me symptoms for him were the same but he had no ass pain. 

August 16th, Day 7: Less sweaty when I wake up. Ass still hurts when I shit. Even after im done shitting it still kinda feels like I have to shit, kinda weird. Still tired and I sit home all day. Making sure to wash all my own dishes and my own towels and stuff. Find [these little guys](https://imgur.com/a/QNDEiEC) on my feet. Vaguely sore throat, some white stuff on my tonsils.

August 17th, Day 8: No more nightsweats. Feeling fine. J chillin at home, kinda sleepy. Shitting still hurts. Good amount of blood on toilet paper after wiping. Feet have [progressed slightly](https://imgur.com/a/Cz5uOYr). Still waiting on test results.

August 18th, Day 9: Test results came in positive. All coldlike symptoms symptoms seemingly gone. Ass hurts a bit less when shitting. Less blood. [Face pimple just popped](https://imgur.com/a/OON84ND) but it really never progressed that much further. Just received calls from both the clinic and the health department. I have to isolate for at least 6 more days. Which sounds dope as fuck bc I don’t like being around people anyway and now I have a real reason. They mentioned the Tpoxx shot but I said my symptoms were mild enough id prefer the shots go to people who are really in the trenches. Update: i think i just found a red spot on my balls :( will keep an eye on it

August 19th, Day 10: Woke up, no night sweats, all symptoms seem to have alleviated. Besides maybe fatigue? But i’m locked in the house so it might just be a mental thing. Accidentally scratched face bump yesterday and had to kinda empty it out, hopefully it [calms down](https://i.imgur.com/wqHvl03.jpg). Emerging red dot on ball has gone away. One thing i have noticed is that “lesions” if you can even call them that will start to appear and disappear rapidly, like within the hour. They’ll itch, i’ll notice the spot appearing, and then poof it’s gone. This has happened 6-7 times in the past few days. Pooping still hurts a bit, not too bad. No blood in stool anymore, but poop is covered is what looks like dead tissue still. Not sure where it’s coming from. Hope it’s not load bearing tissue. End up day update: Ass lesions are nearly if not completely healed. [Feet](https://imgur.com/a/UHnKgyu/) lightly progressing or maybe staying the same. Went on a 10 mile walk today. Feeling significantly better. 

August 20th, Day 11: Symptoms going away quickly. Visually asshole is back to normal. Shitting no longer hurts. Occasional jolt of pain when wiping. Face “lesion” is cleared up. Feet bumps are still there but calming down. Putting vaseline on all bumps a few times a day. Cautiously optimistic. 

August 21, Day 12: All pox are clearing up rapidly, just small fading red dots where the bumps were. No more pain while wiping but very slight discomfort while pooping. Not pushing too hard. I may be experiencing some hyperpigmentation. Been staying in the shade but I still seem to have gotten burned a bit. 

August 22, Day 13: Everything fading to just faint marks on my skin. Approaching if not reached 100% recovery. 

August 23, Day 14: All good in all departments. Except it seems i’m getting nauseous under physical exertion. Hopefully that doesn’t last too long. 

August 24, Day 15:  All good. Maybe found a [lesion](https://i.imgur.com/K51OPl4.jpg) on my back i didn’t notice before, but also i constantly have bacne so it’s hard to tell the difference. 

September 5, Day 26: I still find myself getting nauseous under stressing physical activity (lifting, running). In the past week, I’ve seen some upcrops of bumps that could either just be random acne or pox. Very hard to tell. https://i.imgur.com/hrAMbhN.jpg



Sorry to be long winded but I have nothing better to do than write down my thoughts. Don't hesitate to reach out with any questions :)",100,100,0.94,2022-08-18 17:21:42,"en",-0.0906104016073995,"neutral",8,"post","Scientific/policy debates on mutations and reinfection, stigma’s role in public perception, and advocacy for marginalized groups amid systemic gaps.","Mutations, reinfection risks"
"r/monkeypoxpositive","https://www.reddit.com/r/monkeypoxpositive/comments/wr4flj/any_thoughts_on_risk_of_sleeping_with_someone_who/","Any thoughts on risk of sleeping with someone who has been vaccinated 6+ weeks from initial vax?","I haven’t seen much information in regards to breakthrough infections after vaccination. I wonder if vaccines may also lower risk of transmission to others if, for example, they have a breakthrough infection that may be sub-clinical. I guess all of this information will reveal itself over the course of this period in the spread. I was concerned after having letting my guard down and having an exposure a week out from my initial vaccine, anybody else put themselves in the same boat? Thanks!",1,1,0.55,2022-08-18 00:08:50,"en",0.107850358057649,"positive",7,"post","Cross-border spread of strains, personal accounts of severe symptoms, and critiques of institutional response delays and inequities.","Cross-border spread, severe cases"
"r/monkeypoxpositive","https://www.reddit.com/r/monkeypoxpositive/comments/wpkmg4/had_a_light_case_but_some_photos_for_reference/","Had a light case but some photos for reference , after starting tpoxx they started healing right away , photos for reference",NA,75,75,1,2022-08-16 04:21:51,"en",0.158624924629849,"positive",8,"post","Scientific/policy debates on mutations and reinfection, stigma’s role in public perception, and advocacy for marginalized groups amid systemic gaps.","Mutations, reinfection risks"
"r/monkeypoxpositive","https://www.reddit.com/r/monkeypoxpositive/comments/wpul0t/24_yo_male_i_dont_have_any_other_symptoms_havent/","24 y/o Male, I don't have any other symptoms, haven't noticed any fever, muscle aches, stiffness etc. Lymph nodes are not swollen as far as I can tell. These bumps have popped up on neck over the last few days. They don't itch. They're maybe slightly uncomfortable in the way that a pimple would be.",NA,10,10,0.75,2022-08-16 13:38:17,"en",-0.0272063019013465,"neutral",9,"post","Sociopolitical reactions dominate, including stigma, naming controversies, and comparisons to past pandemics, alongside frustration with institutional mismanagement.","Stigma, naming debates"
"r/monkeypoxpositive","https://www.reddit.com/r/monkeypoxpositive/comments/wpwxrv/do_the_lesions_usually_itch_i_posted_a_pic/","do the lesions usually itch? I posted a pic earlier expressing some concern for some red bumps on my neck, but they don't itch, just wondering if this is normal for positive people",NA,3,3,0.72,2022-08-16 15:15:58,"en",-0.0605943066499468,"neutral",8,"post","Scientific/policy debates on mutations and reinfection, stigma’s role in public perception, and advocacy for marginalized groups amid systemic gaps.","Mutations, reinfection risks"
"r/monkeypoxpositive","https://www.reddit.com/r/monkeypoxpositive/comments/wpmrnc/if_youve_had_monkeypox_should_you_still_get/","If you’ve had monkeypox should you still get vaccinated? I’m being told you can get it again and it doesn’t create immunity",NA,5,5,0.78,2022-08-16 06:22:29,"en",0.075638774098457,"neutral",3,"post","Post-peak concerns include declining cases, lingering public health challenges (e.g., misinformation, isolation fatigue), and scientific analyses of mutations/long-term impacts.","Post-outbreak issues, mutations"
"r/monkeypoxpositive","https://www.reddit.com/r/monkeypoxpositive/comments/wphugv/has_anyone_received_a_positive_test_through/","Has anyone received a positive test through LabCorp or quest?",NA,3,3,1,2022-08-16 02:06:44,"en",0.301982045806462,"positive",8,"post","Scientific/policy debates on mutations and reinfection, stigma’s role in public perception, and advocacy for marginalized groups amid systemic gaps.","Mutations, reinfection risks"
"r/monkeypoxpositive","https://www.reddit.com/r/monkeypoxpositive/comments/wp6gt3/question_about_the_lesions/","Question about the lesions","For those who have/had mpox and had bumps with white tops in the beginning, did you ever squeeze them thinking they were pimples? If you did, did they behave differently in pimples in any way?",8,8,1,2022-08-15 18:06:56,"en",0.0398651342623455,"neutral",9,"post","Sociopolitical reactions dominate, including stigma, naming controversies, and comparisons to past pandemics, alongside frustration with institutional mismanagement.","Stigma, naming debates"
"r/monkeypoxpositive","https://www.reddit.com/r/monkeypoxpositive/comments/wp37i2/does_this_look_like_monkeypox/","Does this look like monkeypox?","https://imgur.com/a/qZMIx0A

I got tested on thursday and the result came back as Test in question no value. So i think they didnt swab enough to get the result? Since then it had gotten worse (see 2nd image). I only experienced fatigue and nothing else. Has anyone had blister like this? Or does this look more like bug bites?",6,6,0.75,2022-08-15 15:58:24,"en",0.0269153907607808,"neutral",7,"post","Cross-border spread of strains, personal accounts of severe symptoms, and critiques of institutional response delays and inequities.","Cross-border spread, severe cases"
"r/monkeypoxpositive","https://www.reddit.com/r/monkeypoxpositive/comments/wop5kf/retrospective_detection_of_asymptomatic_monkeypox/","Retrospective detection of asymptomatic monkeypox virus infections among male sexual health clinic attendees in Belgium",NA,14,14,1,2022-08-15 03:34:58,"en",-0.176119505644668,"negative",7,"post","Cross-border spread of strains, personal accounts of severe symptoms, and critiques of institutional response delays and inequities.","Cross-border spread, severe cases"
"r/monkeypoxpositive","https://www.reddit.com/r/monkeypoxpositive/comments/wol2qe/has_anyone_had_their_infection_begin_in_their_eyes/","Has anyone had their infection begin in their eyes?","""Two separate conjunctival PCR swabs were positive for MPOX, confirming indirectly similar loads of the virus on conjunctival and eye secretions compared with cutaneous lesions, raising the possibility of transmission via eye contact, during examination.""

Edit: had a friend access the paper. Infection via eyes happened in an eye exam. Hard to say how it transmitted. Close face to face talking/breathing and a small room. Face touching equipment. Maybe they had that test where a puff of air is blown in your eye. 

Legions in eyes is not new knowledge, though.

https://twitter.com/sherid17536431/status/1558896881329180677?s=21&amp;t=IjjzP0BEmj-88Fr5wqItHQ",15,15,0.94,2022-08-15 00:22:21,"en",-0.0962987013855338,"neutral",7,"post","Cross-border spread of strains, personal accounts of severe symptoms, and critiques of institutional response delays and inequities.","Cross-border spread, severe cases"
"r/monkeypoxpositive","https://www.reddit.com/r/monkeypoxpositive/comments/wol9oy/anyone_test_positive_with_just_1_or_2_lesions/","anyone test positive with just 1 or 2 lesions?",NA,5,5,1,2022-08-15 00:31:30,"en",0.154687534565662,"positive",8,"post","Scientific/policy debates on mutations and reinfection, stigma’s role in public perception, and advocacy for marginalized groups amid systemic gaps.","Mutations, reinfection risks"
"r/monkeypoxpositive","https://www.reddit.com/r/monkeypoxpositive/comments/wo2lcz/does_anybody_knows_research_studies_for_those/","Does anybody knows research studies for those vaccinated with Jynneos? I would like to provide my data if eligible.",NA,4,4,0.83,2022-08-14 09:49:18,"en",0.341772331146014,"positive",8,"post","Scientific/policy debates on mutations and reinfection, stigma’s role in public perception, and advocacy for marginalized groups amid systemic gaps.","Mutations, reinfection risks"
"r/monkeypoxpositive","https://www.reddit.com/r/monkeypoxpositive/comments/wnmfyb/how_many_weeks_did_it_take_you_to_heal_without/","How many weeks did it take you to heal? **without tpoxx",NA,16,16,0.95,2022-08-13 19:23:03,"en",0.122061546837862,"positive",8,"post","Scientific/policy debates on mutations and reinfection, stigma’s role in public perception, and advocacy for marginalized groups amid systemic gaps.","Mutations, reinfection risks"
"r/monkeypoxpositive","https://www.reddit.com/r/monkeypoxpositive/comments/wn0lr7/recovered_from_mpx_thanks_to_tpoxx_now_1_week/","RECOVERED FROM MPX THANKS TO TPOXX! Now 1 week post-TPOXX. Pics show (upper left) day before TPOXX, (upper right) 1 week into treatment, (lower left) end of 2 week treatment, and (lower right) 1 week after the last dose. Some scarring and hyperpigmentation but slowly improving as the days go by.","Sharing my experience on TPOXX and post-TPOXX since there aren’t a lot of first-hand accounts out there yet. I wasn’t sure what would happen at the end of the 14-day TPOXX treatment. I’m glad to report that TPOXX worked wonders for me, and I exited quarantine a few days after my last TPOXX dose when my last scabs fell off. 1 week post-TPOXX, there is some superficial scarring/hyperpigmentation left. My ass is still healing internally from the anorectal lesions. I can tell it’s not 100% back to normal inside so it’ll likely be a few more weeks before I try anything down there…might try to see a proctologist if things still feel abnormal after a while so they can look inside and tell me how things are going.",69,69,0.98,2022-08-13 00:32:07,"en",0.0988626854197017,"neutral",8,"post","Scientific/policy debates on mutations and reinfection, stigma’s role in public perception, and advocacy for marginalized groups amid systemic gaps.","Mutations, reinfection risks"
"r/monkeypoxpositive","https://www.reddit.com/r/monkeypoxpositive/comments/wmw22l/bay_area_immune_deficient_giving_up_hope_has/","Bay Area immune deficient giving up hope - has anyone tested negative who wasn't?","Trigger warning: brief mention of assault, medical trauma  


This is my third week with a low grade fever 99-101, but that's high for me. I felt very weird and unpleasant for a week, bad body aches and just bone tired. I had a cankersore in my mouth or two but didn't relate them together. I was having night sweats and chills too.   


Week after first symptoms, I had two small white bumps surrounded by red on the palm side of my hand. I had the same small, round dots on both sides of my face. Now there was another sore in my mouth. I am on week three of a low grade fever, either being so tired I randomly fall asleep, or not sleeping at all. But my body aches and the stabbing feeling like there are needles piercing through my skin hurt so much I cannot sleep, even though I'm now mostly too tired to leave my bed.   


I had good reason for compassionate use for tpoxx. I have a connective tissue disorder that leaves my body vulnerable. I am immune depressed. I have MCAS and dermatitis issues so skin problems, and I have long covid and had shingles this spring. Doc seemed to think it could be it, urgent care thought it was and was concerned about pain in my eye and one near. But then I hit a wall. I'd signed for compassionate use and it seemed a go, but met with an infectious disease doc who reported to me a bunch of my symptoms that...weren't true. and were a complete minimization. As well as just randomly showing me the part of the New England medical journal that, taken out of context, was meant to imply that I couldn't have gotten it. Now, I'm not saying this was homophobic only because I'm speaking of stigma - it's just a complete misunderstanding of what monkeypox is, the limitations the study ITSELF named, why studying this after Pride is also gonna bias the data (so says The Who). One of my contacts was able to get vaccinated, but it was a battle - because ya know, she's not a gay man. This was horrible with HIV and it's horrible now, but this isn't even an std...  


I was denied. Told if I got worse I could get it. Every time the goalposts move though. Then I got back my test results - negative for covid, negative for MP.   


Then it worsened. I was told by the hospital I go to that also has an ER (hint: in sf) and has tpoxx to go in. I had aggravation of my asthma and sleep apnea because of MCAS. My face has been swollen and miserable. But there I was left outside having an asthma attack, for 40 min, and my friend could not get anyone to help me despite having trouble breathing and convulsing in the cold. Then I was assaulted by a nurse, in front of my friend. Without PPE. Who got angry and tried to rip off my clothes after verbally degrading me and demanding me to undress in front of him, and trying to get my friend to leave prior.   


I don't know how I stayed, but hearing I got tested wrong (specimen just dabbed after lanced, so brief, and only one lesion) I was hopeful. But got the weirdest suggestions of what it could be this time.   


Did all the tests that were possible - nothing bacterial, nothing respiratory, no herpes anything, no syphilis, I don't have HIV, no covid, I've had hand foot mouth and this isn't it, I've been tested for rheumatological conditions and nothing. There's been nothing suggested to me by any PCP or infectious disease specialist anything else it could be. But after a chest Xray and ekg I've left after reporting the assault and nothing happened, and being told no and ""sometimes the best medicine is to do nothing"". 

Then, that test was negative. Or so I was told? That one didn't show up. 2 docs were concerned I was tested wrong. A lovely urgent care explained to me why. They tested. Lab error, I come back, for free they say.   


That one just came back negative. They'd suggested I keep coming until I test positive, or find somewhere that has antibody testing. But I'm so sick, so defeated, and my safe ride is traumatized enough by this to give up too, esp now that's she's better (vaccine, not immune deficient). I guess that happens. I don't drive because of my disability. I'm trying to find new rides but I'm just feeling helpless atm.  


I am miserable. They've been in my throat, mouth, near my genitals, on my palms, on my face, neck, legs. Horrible swollen lymphs. Still sweating and skin feeling horrific. The lesions are smaller than others are having, so I've been told by some it's def very possible, and others no, it doesn't look like MP (I've seen photos exactly like it though, and I've never had painful round sores like this before).   


But I don't know what to do, I'm defeated. My psych has been trying to call to advocate since the assault. None of my docs will pick up. They all take it seriously until bam, same wall with same department that really seems not to like me. I don't like to self dx. But no tests have been suggested. I have tramadol, Tylenol, Advil, Lyrica, baclophen, magnesium. I can't do this anymore. I was supposed to move this month and yet... I can't move, in the other sense. I have an idea where I would have gotten MP, or possibly some other very similar contagious disease with lesions of unknown origin? No one who says ""this can't be monkeypox"" has shown any care finding out what it is, or has anything else to suggest. Those who have shown care have only told me to continue testing, or say they have no idea.  


At this point it's hard not to weep and just give up, but I know my immune system, and I'm very nervous, and missing important medical tests and physical therapy that helps me function. I've lost quite a bit of weight and just am in a miserable autoimmune flair.  I don't know how anyone can help, but I'm at a real loss.",12,12,0.83,2022-08-12 21:09:00,"en",-0.244777716562394,"negative",9,"post","Sociopolitical reactions dominate, including stigma, naming controversies, and comparisons to past pandemics, alongside frustration with institutional mismanagement.","Stigma, naming debates"
"r/monkeypoxpositive","https://www.reddit.com/r/monkeypoxpositive/comments/wms2ly/what_side_effects_should_i_expect_from_the_vaccine/","What side effects should I expect from the vaccine?","I just got my first dose…will I start to feel any side effects throughout the day or tomorrow? 

Also is it fine if I smoke weed? Especially if I feel uncomfortable like body or muscle aches?",3,3,0.61,2022-08-12 18:16:00,"en",-0.0666582522496166,"neutral",8,"post","Scientific/policy debates on mutations and reinfection, stigma’s role in public perception, and advocacy for marginalized groups amid systemic gaps.","Mutations, reinfection risks"
"r/monkeypoxpositive","https://www.reddit.com/r/monkeypoxpositive/comments/wmg282/for_those_who_are_living_in_europe_and_positive/","For those who are living in Europe and Positive","Mind if I ask these questions:

1. What are your first symptom?

2. Since in Europe, vaccines are limited and tpoxx is still not being circulated, how long for you to get better from the first day of the symptom? I mean, without tpoxx and vaccine how likely you get better?

3. What medicines perscribed to you? One of my friend here only been ask to take ibux or paracet, but he had a mild symptom (one lesion on his scortum).

I live in Norway, I think I got expossed last week on saturday (6/8), and yesterday (11/8) I started to have muscleache, a bit headache but no fever or swollen lymph node. I noticed there is a tiny bump around my anus and I got appointment for test today (12/8), and it takes two working days so mostlikely will be on Monday/Tuesday next week.

Please kindly share your story, what I see here our fellows in the US mostly got access to tpoxx and vaccine although we hear from them they struggle to get it.",7,7,1,2022-08-12 08:33:32,"en",0.0787990777765366,"neutral",8,"post","Scientific/policy debates on mutations and reinfection, stigma’s role in public perception, and advocacy for marginalized groups amid systemic gaps.","Mutations, reinfection risks"
"r/monkeypoxpositive","https://www.reddit.com/r/monkeypoxpositive/comments/wmessw/anorectal_lesion_healing_time/","anorectal lesion healing time","Currently 3/4ths done with TPOXX. After starting TPOXX the lesions on my skin healed in a matter of days. My anorectal lesions, though no longer painful and swollen, still haven't healed. They look almost like fissures except they are round from the lesions ulcerating. How long did other people take for their anorectal lesions to heal? I'm going a little crazy from the isolation. 😅🥹😭

Edit: I've been covering petroleum jelly and also CeraVe healing ointment (basically petroleum jelly with some humectants and ceramides)",6,6,0.88,2022-08-12 07:14:34,"en",0.110093333002593,"positive",8,"post","Scientific/policy debates on mutations and reinfection, stigma’s role in public perception, and advocacy for marginalized groups amid systemic gaps.","Mutations, reinfection risks"
"r/monkeypoxpositive","https://www.reddit.com/r/monkeypoxpositive/comments/wm3gsq/penile_swelling_any_experience/","Penile swelling - any experience?","I'm on my third day of penile swelling (doubled volume, no way to retract the foreskin amymore).
Has anyone experienced it? How long did it take to start getting better and is it a rapid process?
Thanks - I can't fine anything good in the medical literature (only 1 case: it took 4-5 days).",9,9,0.92,2022-08-11 21:55:52,"en",0.049300090113343,"neutral",8,"post","Scientific/policy debates on mutations and reinfection, stigma’s role in public perception, and advocacy for marginalized groups amid systemic gaps.","Mutations, reinfection risks"
"r/monkeypoxpositive","https://www.reddit.com/r/monkeypoxpositive/comments/wm3f23/any_side_effects_from_the_vaccine/","Any side effects from the vaccine?","Im getting vaccinated tomorrow morning and was wondering for those who have had gotten theirs if they experienced any side effects? Like body aches or unwell? 

Also is it just one dose or two?",7,7,0.89,2022-08-11 21:53:51,"en",-0.0304040656042669,"neutral",1,"post","Discussions focus on global mpox transmission concerns, public health responses (especially vaccine distribution and messaging), and stigma, with emphasis on LGBTQ+ communities and personal experiences of symptoms/issues.","Transmission, stigma, vaccines"
"r/monkeypoxpositive","https://www.reddit.com/r/monkeypoxpositive/comments/wlyafa/for_those_with_severe_cases_how_bad_is_the/","For those with severe cases, how bad is the scarring?",NA,10,10,0.92,2022-08-11 18:19:15,"en",-0.129420876774198,"negative",1,"post","Discussions focus on global mpox transmission concerns, public health responses (especially vaccine distribution and messaging), and stigma, with emphasis on LGBTQ+ communities and personal experiences of symptoms/issues.","Transmission, stigma, vaccines"
"r/monkeypoxpositive","https://www.reddit.com/r/monkeypoxpositive/comments/wlenne/second_infection_information/","Second infection information","I have been infected a second time.  A doctor explained it much better than I can here in this post.  The takeaway.  What may have happened, in my case, is the TPOXX antiviral took away my body's own immunity I would have built without using TPOXX.  This left me susceptible to a second infection.  I was not vaccinated.  I'm no doctor, just telling you what I'm going through.  Again.

[https://www.reddit.com/r/MonkeypoxSF/comments/wkxtxf/2nd\_infection\_yeah\_fuck\_me/?utm\_source=share&amp;utm\_medium=web2x&amp;context=3](https://www.reddit.com/r/MonkeypoxSF/comments/wkxtxf/2nd_infection_yeah_fuck_me/?utm_source=share&amp;utm_medium=web2x&amp;context=3)

I updated it more in this post.  I think it is a second infection.  It is a different location of onset.  We will know when the two samples are compared at CDC, that might be next week.",39,39,0.93,2022-08-11 01:28:16,"en",-0.163110825210941,"negative",8,"post","Scientific/policy debates on mutations and reinfection, stigma’s role in public perception, and advocacy for marginalized groups amid systemic gaps.","Mutations, reinfection risks"
"r/monkeypoxpositive","https://www.reddit.com/r/monkeypoxpositive/comments/wl6g7i/getting_monkeypox_after_getting_the_vaccine/","Getting monkeypox after getting the vaccine?","I am curious if anyone got the vaccine before getting exposed but still ended up getting monkeypox. I have seen quite a few stories of this on this subreddit and elsewhere (tiktok, the news).

&amp;#x200B;

[https://www.wcvb.com/amp/article/some-report-getting-monkeypox-after-receiving-first-dose-of-vaccine/40853051](https://www.wcvb.com/amp/article/some-report-getting-monkeypox-after-receiving-first-dose-of-vaccine/40853051)",13,13,0.94,2022-08-10 19:30:51,"en",0.0983318704981837,"neutral",8,"post","Scientific/policy debates on mutations and reinfection, stigma’s role in public perception, and advocacy for marginalized groups amid systemic gaps.","Mutations, reinfection risks"
"r/monkeypoxpositive","https://www.reddit.com/r/monkeypoxpositive/comments/wl8ll4/i_have_recovered_from_mp_and_all_have_gone_and/","I have recovered from MP and all have gone and new skin. Then a new small bump popped up. No white spot. Can it come back after you are over it?",NA,8,8,0.84,2022-08-10 20:57:28,"en",-0.0186734555885948,"neutral",7,"post","Cross-border spread of strains, personal accounts of severe symptoms, and critiques of institutional response delays and inequities.","Cross-border spread, severe cases"
"r/monkeypoxpositive","https://www.reddit.com/r/monkeypoxpositive/comments/wkzz8r/been_sick_for_4_weeks_now_symptoms_are_easier_but/","Been sick for 4 weeks now, symptoms are easier but still tired all day, how long have you guys been sick?","At first i had anal lesions they were gone after a week and 2 weeks later (now) i have lesions in my throat. Wondering when will it ever be over.",19,19,0.96,2022-08-10 15:13:26,"en",-0.296756027795973,"negative",9,"post","Sociopolitical reactions dominate, including stigma, naming controversies, and comparisons to past pandemics, alongside frustration with institutional mismanagement.","Stigma, naming debates"
"r/monkeypoxpositive","https://www.reddit.com/r/monkeypoxpositive/comments/wkz8ee/i_tested_positive_and_i_have_some_questions/","I tested positive and I have some questions","Hey I live in luxembourg where the vaccine is still not available nor the tpoxx. its been a week since my symtomps started but today was the worst day. my entire face and areas around the lesions is swollen and my doctor keeps telling me that i should only take paracetamol and the antibiotics. 

Did any of you have the same symotom ?",8,8,0.91,2022-08-10 14:43:15,"en",0.0180143349834492,"neutral",1,"post","Discussions focus on global mpox transmission concerns, public health responses (especially vaccine distribution and messaging), and stigma, with emphasis on LGBTQ+ communities and personal experiences of symptoms/issues.","Transmission, stigma, vaccines"
"r/monkeypoxpositive","https://www.reddit.com/r/monkeypoxpositive/comments/wkr6of/way_of_infection/","Way of infection","I'm curious – do yall know where you caught it? I'm seeing many posts claiming they got it from sexual intercourse. Does anyone think they got it some other way like at work, while shopping etc.?
Edit: adding bnb to the list of possible culprits",15,15,1,2022-08-10 07:33:14,"en",0.0150287366907565,"neutral",8,"post","Scientific/policy debates on mutations and reinfection, stigma’s role in public perception, and advocacy for marginalized groups amid systemic gaps.","Mutations, reinfection risks"
"r/monkeypoxpositive","https://www.reddit.com/r/monkeypoxpositive/comments/wkdat8/lesion_progression_for_reference/","Lesion progression for reference",NA,48,48,0.94,2022-08-09 20:07:21,"en",0.0272843164921634,"neutral",7,"post","Cross-border spread of strains, personal accounts of severe symptoms, and critiques of institutional response delays and inequities.","Cross-border spread, severe cases"
"r/monkeypoxpositive","https://www.reddit.com/r/monkeypoxpositive/comments/wk3ikf/vaccination_site_is_still_sore_on_my_arm_and_i/","Vaccination site is still sore on my arm and I have a hard bump the size of a quarter…","Does anyone else have the same? I was vaccinated a week ago. My whole arm isn’t sore, just around where they gave the shot.",19,19,1,2022-08-09 13:36:24,"en",-0.296729625119086,"negative",8,"post","Scientific/policy debates on mutations and reinfection, stigma’s role in public perception, and advocacy for marginalized groups amid systemic gaps.","Mutations, reinfection risks"
"r/monkeypoxpositive","https://www.reddit.com/r/monkeypoxpositive/comments/wkht5x/exactly_how_contagious_am_i/","Exactly how contagious am I?","40 y/o healthy guy. I first saw 2 ""pimples"" on my butt on 7/30, had it misdiagnosed by a [straight] doctor on 7/31, felt exhausted on 8/1, and confirmed positive when I sought out a second opinion at an lgbtq practice on 8/3 (although lab results came far later). Went on Tpoxx that same day and, aside from feeling a *potential* pock on my tongue (which went away very quickly), I've only seen the pock on my butt lessen. They're still a smidge red, but the scabs are long gone and I'm lucky enough to feel no symptoms.

Realistically speaking, the only way I imagine I'd be remotely contagious is if I managed to somehow not cover the pocks around others, but luckily, I'm not a nudist. I'm avoiding intimate contact entirely (including hugs), staying away from large groups (indoor and outdoor), exclusively handling anything that comes into contact with the pocks (underwear, etc.), and am constantly disinfecting my hands.

Everything I read suggests that, as long as I'm careful, it would be virtually impossible to spread MP. And without the ability to isolate because of work, I'm being as safe as I can out in the world. 

Between my case being so minor, Tpoxx working at lightning speed, and my pocks being fully covered at all times, it seems like the idea of quarantining (even if I could) would be unnecessarily alarmist. I'd never want to infect anyone, but after almost 10 days, does it not seem like I'm safe to be in the world while being as responsible as possible and avoiding any and all contact with others?",2,2,0.55,2022-08-09 23:20:18,"en",0.0775586445945471,"neutral",8,"post","Scientific/policy debates on mutations and reinfection, stigma’s role in public perception, and advocacy for marginalized groups amid systemic gaps.","Mutations, reinfection risks"
"r/monkeypoxpositive","https://www.reddit.com/r/monkeypoxpositive/comments/wk34wb/for_those_of_you_who_have_recovered/","For those of you who have recovered","Did your other less visible symptoms linger after rash recovery? (Headaches, inflamed lymph nodes, mouth ulcers, others) if yes, how long did they linger for, and have you followed up with your MD to relieve them? Some viruses can leave an aftermath, for example long COVID. Wondering if this is the case for MPox too - I’m collecting anecdotal data.

I believe there’s no known cases of rash flare-ups, once the scab healing is over, new ones don’t appear - but if that has happened to you, how long in between each ulcerative episode?",5,5,0.86,2022-08-09 13:19:25,"en",-0.0578161803292662,"neutral",7,"post","Cross-border spread of strains, personal accounts of severe symptoms, and critiques of institutional response delays and inequities.","Cross-border spread, severe cases"
"r/monkeypoxpositive","https://www.reddit.com/r/monkeypoxpositive/comments/wjlnsh/any_precautions_after_getting_over_monkeypox/","Any precautions after getting over monkeypox?",NA,9,9,0.91,2022-08-08 22:06:08,"en",0,"neutral",8,"post","Scientific/policy debates on mutations and reinfection, stigma’s role in public perception, and advocacy for marginalized groups amid systemic gaps.","Mutations, reinfection risks"
"r/monkeypoxpositive","https://www.reddit.com/r/monkeypoxpositive/comments/wjv3te/vitamins_and_some_recommendations_to_speed_up_the/","Vitamins and some recommendations to speed up the healing process?","Please post your recommendations on what helped you in the process of healing? 

Ointments, vitamins anything!",1,1,0.67,2022-08-09 05:34:21,"en",0.44866969023823,"positive",7,"post","Cross-border spread of strains, personal accounts of severe symptoms, and critiques of institutional response delays and inequities.","Cross-border spread, severe cases"
"r/monkeypoxpositive","https://www.reddit.com/r/monkeypoxpositive/comments/wjgpp9/any_mpx_patients_experiencing_issues_with_taste/","Any MPX+ patients experiencing issues with taste? Primarily salt and sugar.","This may sound a bit off-the-wall, but my partner, whose journey is now complete after being hospitalized with septicemia, states that throughout the process he's become far more sensitive to both salt and sugar. Most foods now taste far more salty (even those I've prepared with very little or no added salt) while drinks (juices, sodas, etc.) and cookies/cereal are way too sweet. It's to the point they've become inedible. Overall that's likely not a problem as it would benefit him not to consume that crap, and the result might be the shedding of a couple necessary pounds. haha! Anyone else experiencing similar?",7,7,0.82,2022-08-08 18:46:37,"en",0.0462230001203894,"neutral",1,"post","Discussions focus on global mpox transmission concerns, public health responses (especially vaccine distribution and messaging), and stigma, with emphasis on LGBTQ+ communities and personal experiences of symptoms/issues.","Transmission, stigma, vaccines"
"r/monkeypoxpositive","https://www.reddit.com/r/monkeypoxpositive/comments/wjssg9/anyone_else_get_vaccinated_one_day_after_possible/","Anyone else get vaccinated one day after possible exposure? Did you have any symptoms?",NA,1,1,0.67,2022-08-09 03:29:33,"en",-0.0873401331738348,"neutral",5,"post","Fears of mpox resurgence or endemicity, debates over vaccine strategies, and critiques of global disparities in outbreak response.","Resurgence fears, global disparities"
"r/monkeypoxpositive","https://www.reddit.com/r/monkeypoxpositive/comments/wjisna/how_long_do_new_lesions_appear/","How long do new lesions appear","Does anyone know how long new lesions continue to form?  I think CDC says 2-4 days...has this been the general experience for folks?",2,2,1,2022-08-08 20:10:11,"en",0.221130132199892,"positive",8,"post","Scientific/policy debates on mutations and reinfection, stigma’s role in public perception, and advocacy for marginalized groups amid systemic gaps.","Mutations, reinfection risks"
"r/monkeypoxpositive","https://www.reddit.com/r/monkeypoxpositive/comments/wiv6ni/positive_tpoxx_and_lesions_oh_my/","Positive, TPOXX, and lesions (oh my!)","Hi all,

40/m here. First, thank you to everyone that has posted and kept me sane over the last week. In all honesty, it’s been one of the many things that has kept me afloat. I wanted to share my story because I had a more severe case, but am starting to come out the other side. So, for those of you who are struggling, there is hope. That said, here’s another episode of “Another World”…err, my story:

July 21
I decided it would be a great idea to have a pre-vacation hookup with an attractive man. From everything I could tell, there were no visible lesions or anything that looked awry. If I’m being totally honest, the whole MPX thing was not completely on my radar. During that hookup, I tried bottoming for the first time in a long time. Let’s just say it wasn’t fun for me and I stopped it before anything finished. Chalked the whole experience up to I’m getting old and went along my way.

July 22
Left for a week-long vacation with some friends. It’s important to note that I regularly take an anti-depressant and there was a mixup between the pharmacy and my doctor. This is an important note later in the story. My bottom was a bit sore from the night before, but nothing too bad. I do have a history of hemorrhoids, so I wondered if I was going to have a flare during the trip (ugh…shouldn’t have done that hook up, I thought). 

July 23-26
Felt fine, albeit my bottom was still a bit sore. Again, I kept thinking perhaps I had a mild tear or irritated a hemorrhoid. Luckily, our hotel bathroom had a bidet (an investment I will be making when this chaos is over) and it was very soothing on my somewhat irritated butt. Also, it’s important to note that I’ve not had sex with anyone else since the 7/22 hookup, and didn’t for the remainder of the trip.

July 27
This was the day I took my last anti-depressant pill. Since I only had three days left in the trip, and I’ve occasionally forgotten to take it for a day or two over the course of my treatment, I figured I might have a headache by the time I got home but would be fine. Later that evening, I started having this odd feeling of being “under water” in my head, followed by muscle aches. I found it odd that I would have withdrawal so soon, but chalked it up to just maybe fatigue or something. Later that night, I woke up in the middle of the night drenched in sweat. So much so that I needed to change my shirt and move to a different part of the bed. Again, not normal for me, but perhaps lack of pills?

July 28
Woke up feeling ok-ish, but had muscle pains. Took ibuprofen and felt better for a few hours, but then would slowly revert back to headache, muscle aches, and chills. I remember telling a friend on the trip that I felt like I had the flu, but it was probably just the lack of pills. I laid low and slept a lot, only leaving my room for food. At this point, my butt is still sore, but nothing terrible. I have some hemorrhoid ointment that I apply, and it feels a bit better.

July 29 and 30
Same as day before. Just feel off. 

July 31
Return home. Toy with the idea of going to urgent care to get topical lidocaine for my butt, because that helped in the past. At this point, my bottom is getting really sore (worse, not better) and I didn’t want to suffer through a work week with the pain. Still clueless that I’m showing signs for this, I go to urgent care. By this point, my flu symptoms are gone, and I’m thinking it’s because I’m back on my meds and everything is returning to normal in that department. The urgent care doc comes in and says “all I’ve seen this week is monkeypox.” She takes one look at my anus, her face changes, and she tells me to quarantine when i get home. Doing her job, she immediately dons PPE (scared the shit out of me), gets the swabs, and goes to work. I’m sent home with a prescription for 5% topical lidocaine and told the results will come back in 2-3 days. At this point, the only lesion I had was on my arm (see the “OG” lesion pic) and it looked like a bug bite. Oh, and the ones in/around my anus (not my favorite word). 

I’m in a complete panic by this time, because now everything made sense. I wasn’t in withdrawals…it was the prodrome phase. Of the clueless things I’ve done in my life, this one takes the cake. Did I give it to my friends on the trip? How long am I going to be off work (stressful, high-touch job here), etc. I managed to calm the anal pain down from a 7 to 6 with some leftover Vicodin from a previous surgery (yeah, yeah, I know. Shouldn’t keep that stuff. Came in real handy here) and sitz baths. That’s all that helped. Otherwise, pain, shame, and panic.

August 1
Luckily, I would work from home (totally owning privilege here) and mostly held it together with Vicodin and baths. I have this horrible, heavy feeling like I need to constantly poop. To me, it’s becoming the worst part. Oh, and I’ve now gone from one non-anal lesion to about 20. About 6PM, I get a phone call from urgent care that I’m positive. Although I go to a major Chicago medical network, the nurse had very little in terms of next steps. She was basically like “quarantine and call your PCP.” Thanks to my Reddit network, I knew to ask for TPOXX. Luckily, I was able to get ahold of the Infectious Diseases clinic in that medical network and with my diagnosis they scheduled me for a next day appointment.


August 2
I’m now up to about 50 lesions (all over my body, face, hands and feet) and met with the ID doctor. She was an angel, saw how bad I looked, and gave me the meds. I was told I needed two follow up visits and to message with any questions anytime. She also gave me vicodin for the pain (I admitted to taking old stuff, she laughed and said it was a good thing I had it). By this date, bowel movements are few and far between but like crapping glass. The proctitis (fullness, feeling like you need to shit constantly) is actually the worse symptom.


August 3-6
With each dose/day, my lesions are shrinking or going away. This med is truly a great drug. Right now, my face looks like I have some acne, and only my hands are still obvious. With each day, #2’s are getting easier. Still not fully better, but easier.

Pro Tips
- I felt so much shame, though I know that anyone can get this. It’s a normal thing to get, but please lean on this community and anyone with half a brain in their heads who will listen.
- None of my friends got it (thank God). Once they said they were exposed to me, to the front of the vaccine line they went.
- When you have to #2, fire up the shower at the same time. It helps to “rinse off” and also a few minutes under warm water helped my body relax.
- Get a heating pad and wedge pillow to prop up your legs. Put the pad on top of the wedge and lay down. It’s like a sitz bath in bed and helped me. 
-Insist on TPOXX and don’t take no for answer. Even if you feel like you have zero fight in you, reach in and go for it. You need the meds to calm things down.
- I ended up with about 75 lesions, which sounds to be way more than most on here. But, one week in, and four days of TPOXX, they are shrinking and things are getting better. It does get better.

Feel free to DM me if you have questions. I clearly made some bad decisions along the way, all of which I own. But, i hope my my story helps someone out there.",44,44,0.98,2022-08-08 00:55:38,"en",-0.00328749944231704,"neutral",4,"post","Criticism of systemic public health failures (e.g., vaccine disparities, bureaucratic delays) and anxiety about broadening transmission (e.g., pediatric cases, workplaces).","Systemic failures, inequity"
"r/monkeypoxpositive","https://www.reddit.com/r/monkeypoxpositive/comments/wj0zy7/how_much_blood_is_normal_for_those_of_you_with/","How much blood is normal for those of you with rectal lesions?","*update 8/10 - Some improvement yesterday. Significant improvement this morning. Managed to get tpoxx and took my first dose this afternoon.*



Keep feeling like I have to poop then just farting out bloody mucus. At first it was kind of pink and streaked with blood, but for the last 24 hours or so it's just been bright red, all blood. 

And has anyone else had trouble peeing? I'm assuming there's something going on around my prostate.

The itchiness has also subsided in the last 24 hours (still painful, but I don't think as bad as what some people here are describing), and I'm having an easier time pooping, which seem like good signs, but the increase in blood just has me worried.",13,13,1,2022-08-08 05:53:57,"en",0.149525879551777,"positive",8,"post","Scientific/policy debates on mutations and reinfection, stigma’s role in public perception, and advocacy for marginalized groups amid systemic gaps.","Mutations, reinfection risks"
"r/monkeypoxpositive","https://www.reddit.com/r/monkeypoxpositive/comments/wisjx7/vaccinated_after_exposure_before_symptoms_came_up/","Vaccinated after exposure before symptoms came up","Hello everyone, 

Super anxious and needed some guidance from you. 

I am a bit confused since I tested positive for Covid yet now I have these hard small bumps with a white tip and redness at the base.

During the week of 7/25-7/30 I felt like I was coming down with a cold. I would profusely sweat when I would come out of the shower and felt a bit fatigued at times

On or about 7/31 I developed a sore under my tongue (the sore was painful and felt like a canker sore) 

on 8/1 I went to see my pcp and he did a throat swab for both monkey pox and strep. He also tested for Covid and other STI. Everything came back negative except for the strep throat culture which came back positive. He prescribed Amoxicillin 500 mg x3 for 7 days.  

On 8/5 I felts extremely fatigued and exhausted and eventually my body gave in and I was aching all over. (On this day at 4 pm I got the JYNNEOS vaccine) later at around 8pm I went to the emergency room because my aches and pains were getting worse and they did another Covid test which came back positive. 

On 8/6 i woke up with the feeling of having a rash in my sacrum and there being a few bumps there, I was unable to get a good look at them. Later I went to bed and noticed a red bump on my chest. The next day I woke up to that bump on my chest form a white tip. 

On 8/7 after noticing the bump have a white tip I noticed another form of the same type of bum on my leg. 

My over all concern is the progression of the virus after I've been vaccinated. I'm scared as fuck and don't want it to spread and I'm hoping that it doesn't.  I'm not even sure if I hav MP.",4,4,1,2022-08-07 22:52:22,"en",-0.168926614553092,"negative",8,"post","Scientific/policy debates on mutations and reinfection, stigma’s role in public perception, and advocacy for marginalized groups amid systemic gaps.","Mutations, reinfection risks"
"r/monkeypoxpositive","https://www.reddit.com/r/monkeypoxpositive/comments/whvzvb/turned_away_by_doctors_being_i_have_monkeypox/","Turned away by doctors being I have monkeypox","I’m currently sitting in a city MD in Bayonne NJ crying because I am in so much pain and they refuse to examine me. They said it’s city MD protocol which is B.S b/c I’m from NYC and they examined me there on June 25th. My sores have mainly all on the way to healing up except now I have a blister on the inside of my lip (idk if it’s monkeypox or not) that’s not the issue rn tho. My doctor put me on antibiotics so I wouldn’t get any co infections with the sores. Well it gave me a horrible yeast infection. So I stopped the antibiotics and she gave me 2 pills for the yeast infection.. the yeast went away but my vagina is still inflamed. Worst then it’s ever been before. So is my anus (I’m female btw) it feels like I have a whole bunch of cuts down there and when I pee it feels like I’m peeing glass also same feeling when I poop. It hurts so bad. When I while it feels like my skin is ripping ( which it actually has in a few places) I don’t see and visible sores down there. Just a raw and red inflamed vag and anus. I came here for help.. waited hours to be seen. They said they were going to do a pelvic exam and then came back 30 mins later saying they talked to their supervisor and they can’t examine me I have to go to the ER. Can they do this to me? Is this even legal?",65,65,0.97,2022-08-06 19:19:51,"en",-0.23839837827649,"negative",3,"post","Post-peak concerns include declining cases, lingering public health challenges (e.g., misinformation, isolation fatigue), and scientific analyses of mutations/long-term impacts.","Post-outbreak issues, mutations"
"r/monkeypoxpositive","https://www.reddit.com/r/monkeypoxpositive/comments/wi42s2/anyone_getting_monkeypox_lesions_on_their/","Anyone getting monkeypox lesions on their genitalia without sexual contact?","I mean like did you or do people a lesion or lesions on their genitals even if they haven't had sexual contact with anyone?",17,17,0.95,2022-08-07 01:52:29,"en",0.0734517604649642,"neutral",8,"post","Scientific/policy debates on mutations and reinfection, stigma’s role in public perception, and advocacy for marginalized groups amid systemic gaps.","Mutations, reinfection risks"
"r/monkeypoxpositive","https://www.reddit.com/r/monkeypoxpositive/comments/whc461/anyone_feel_their_experience_with_monkeypox_were/","Anyone feel their experience with monkeypox were mild?","I've read alot of cases where people had experience flu like symptoms before the breakout but I just happened to notice the small bump on my genitals that started growing. 2nd day I did get a pcr test done for monkeypox along with an std panel hsv 1 and 2 and chicken pox.. got all results within a couple days. The first provider I saw at urgent care thought it could be molluscum contagion but while the days passed it grew in size and the dimple turned dark red/ black in color. Went to my county's DOH and the doctor there says that's definitely monkeypox and gave me tecoviromat for treatment. Only other symptoms was a swollen lymph node in my groin but no pain. 11 days in now and the scab has fallen off new skin has grown and lymph node is back to normal.",10,10,0.86,2022-08-06 01:32:41,"en",0.00314498049268905,"neutral",1,"post","Discussions focus on global mpox transmission concerns, public health responses (especially vaccine distribution and messaging), and stigma, with emphasis on LGBTQ+ communities and personal experiences of symptoms/issues.","Transmission, stigma, vaccines"
"r/monkeypoxpositive","https://www.reddit.com/r/monkeypoxpositive/comments/wgzmbe/my_mpx_story_from_infection_to_clearance_by_the/","My MPX Story from Infection to Clearance by the Health Department","Hello MonkeyPoxPositive Community,

Reddit has always been so amazing in terms of reading stories and not feeling alone. Here's my ""complete"" journey from infection to clearance.

30 fit, cut, male (lol - but for some reason, people want to know that information)

\[June 20 - Date of Infection\] I went to a gay bathhouse in Portugal and had unprotected oral and anal sex. The sexual encounters were with 5 different men. I received oral and topped three guys. I did not bottom, I did not give a blowjob, and I did not kiss anyone.

\[July 1st\] I had zero symptoms for 12 days, and then I had an outbreak of herpes on my shaft (it had been YEARS since I had any kind of outbreak - in 2019, I took two tests, the first came back positive for HSV-1, the second test I took about 6 months later came back negative, so I never really knew what my status was with that virus - well, I guess I know now, but any ways). I took valacyclovir for 5 days, and that subsided, but I noticed a lesion at the tip of my penis.  At the time it was minor and thought it was just raw skin from jacking off too hard (happened once many years ago). I thought it could also be a skin infection, not knowing much about monkeypox at the time. (Penis lesion looked raw/broken skin)

\[July 6th\] I remembered seeing a monkeypox flier at the bathhouse on my way out. I started looking into Portugal's confirmed cases and saw they had hundreds. I had leftover doxycycline from acne treatment plan I started before transitioning into accutane, and had about 30 pills left, so I just started taking it - which obviously isn't a smart thing to do, but I was desperate and starting to spiral. I almost wanted to prove to myself that it was anything but MPX.

\[July 8th\] I did a walk-in appointment at a local sexual health clinic. He examined me, and we did a full panel for STIs and he said my lesion looked very abnormal, but wasn't quite sure what exactly it could be. Which tbh, no one wants to hear that. My right-side lymph node was also starting to swell, maybe the size of a grape. He told me to keep taking the doxy until I reached 7 days of treatment and keep an eye on it. If in 3 days it doesn't improve, he wanted to see me again. (Penis lesion was now white with pus)

\[July 9th\] Fevers and just being so fatigued. A co-worker had tested positive for COVID, so I thought maybe I had that coupled with STI/Skin Infection, but tested negative. I received test results from my walk-in clinic visit, which was pretty fast, and I tested positive for Chlamydia. At night, I had more fevers and switched rooms in my house, as one was cooler than the other. I woke up and saw ""bug bites"" on my torso and legs.

\[July 11th\] The penile lesion was worse, and by this time I was on doxy for 4 days. I went into urgent care, because I felt like maybe I needed a different antibiotic. Since I had previously taken doxy for acne, I was told it was possible the skin infection wasn't responding to that antibiotic. The Doctor there said I likely had syphilis - gave me a shot in my ass, and switched my antibiotics to bactrim.

\[July 12\] I developed a full body rash and my right groin lymph node was swollen to the size of like a half-banana. It was long. It matched up with the right side of my penis where the lesion was. I wasn't sure what I had. Was it syphilis? Was it a reaction to bactrim? I went to another urgent care facility, and they advised I go into the ER as they had the ability to test things and rule things out in real time.

\[July 12 EVENING\] I go into the ER, originally thinking that I was maybe having an allergic reaction to an antibiotic and a really bad skin infection on my penis. Waited around 5 hours before speaking to the first doctor and the very last thing I mentioned was my travel to Portugal and that it could be monkeypox. That's when the game changed and they viewed it differently. They took a bunch of blood and kept me isolated in a room for 10 hours. Swab samples were sent off, and they released me, but told me to stay isolated at home because it was likely I was going to test positive with monkeypox. They did prescribe me doxycycline, because I did test positive for Chlamydia a few days ago, and they wanted me to take a full 14 day cycle to ensure that infection was dealt with.

\[July 15\] Result was positive. By this time, I only had 4 lesions. One on my leg, one on my hand, one on my back, and one on my penis. The one on my penis looked the worst and felt the worst. It was painful. Aquaphor did help.

\[July 20\] I was given TPOXX. The criteria in my area are painful lesions, with an emphasis on them being painful in the groin or buttocks area. After reading all your stories, I'll be honest and admit I had a very mild case. My lesion on my penis kicked into healing overdrive. I took TPOXX at 9 am/pm, with two tablespoons of peanut butter, plus whatever meal to hit the calorie and

\[July 30\]. At this stage I do have leftover hyperpigmentation, dark purple spots on my leg and torso, but the lesions themselves have scabbed and fallen off. The penis lesion closed and is smooth, with the exception of a small, tiny bit of swelling. I think in about two weeks, it will look completely normal.

\[Aug 02\] CLEARED by the Health Department!! I was able to return to life / work.

It's been 3 days since being cleared and I feel so much better. Thank you Reddit for all the stories. I had finally felt ""not alone"".",42,42,0.98,2022-08-05 16:20:25,"en",-0.0123556689192649,"neutral",1,"post","Discussions focus on global mpox transmission concerns, public health responses (especially vaccine distribution and messaging), and stigma, with emphasis on LGBTQ+ communities and personal experiences of symptoms/issues.","Transmission, stigma, vaccines"
"r/monkeypoxpositive","https://www.reddit.com/r/monkeypoxpositive/comments/whct6m/what_should_i_do_if_i_were_to_get_exposed_or/","What should I do if I were to get exposed or suspect that I have symptoms?","I just feel lost…I emailed my doctor for more info and they just refer me to the cdc website which is fine but as of now my county has no vaccines available…I live about an hour or so from SF and the Bay Area and I know they have been running out quick. The next county which is like 15 minutes from me are doing sign ups I obviously can’t just go because I’m not in that county. 

I’m frustrated and anxious because I’m on prep, I’m boosted for Covid, I’m very cautious with my health including my sexual health. I haven’t been having sex in a couple of weeks due to the fear of catching it. Also I’m in the closet and live with family so I don’t want to get this and they suspect anything about my sexuality. 

I feel like the universe is just punishing me for being careful smh. 

Anyways like where do I go to get updates on my county? The cdc doesn’t offer any info on local distribution of the vaccines. 

I know the government has ordered more but I’m hearing it can take up until next year to have enough for anyone who wants us regardless if they get exposed or test positive or not. 

With the pandemic you’d think we can distribute way more MP vaccines like we did with Covid. I guess we won’t see that until the straights and homophobes starts catching it.",7,7,0.89,2022-08-06 02:08:21,"en",-0.0604508172003867,"neutral",8,"post","Scientific/policy debates on mutations and reinfection, stigma’s role in public perception, and advocacy for marginalized groups amid systemic gaps.","Mutations, reinfection risks"
"r/monkeypoxpositive","https://www.reddit.com/r/monkeypoxpositive/comments/wgq9ix/my_monkeypox_experience_10_days_of_misdiagnoses/","My Monkeypox experience: 10 days of misdiagnoses from different doctors","Here’s my story: 
July 20: I went to watch a movie with friends and started feeling slightly exhausted towards the end of the evening. 

July 21: I wake up with high fever (101 F), and feeling of something sharp stuck in my rectum- I go to the toilet and it pains a lot, I believe it’s a fissure. 
I go to my GP (general practitioner), I tell him I had anal sex a week ago. He prescribes me an ointment for hemorrhoids, that’s all. I take off from work for 2 days. 

I’m unable to sleep in the night, researching fissure/ hemorrhoids all night, trying to figure whether I should go to a specialist (proctologist) or infectious disease clinic. I’m in Europe and it’s difficult to get urgent appointment anywhere which stresses me out further.  

July 22: I wake up with more pain, higher fever (102). I call up the proctologists clinic at 8 am and thankfully get appointment same day. Proctologist examines and concludes it’s an injury/ tear from sex, prescribes light antibiotics (doxycycline 100mg 2x a day). He also took a smear test and sends for analysis/ biopsy 

July 23-24: it’s the weekend and I spend it in intense agony. It hurts to sit/ sleep/ stand/ EXIST. Whenever the anus clenches (it’s involuntary) it sends shockwaves of pain throughout my body. I didn’t sleep at all, no amount of paracetamol (Tylenol) is helping with the pain. 

July 25: Monday morning, I call up and visit proctologist the same day. He changes my entire prescription- puts me on 2 different stronger antibiotics, and 6 other medicines (tramadol for pain, a cream, a powder to mix in water while taking Sitz bath etc). Tramadol helps me get couple of hours of sleep first time in 48 hours, but stopped working after a couple of doses as well.  Biopsy/ smear report hasn’t  come yet, and proctologist recommends I go back to my GP once the report comes to adjust my medication (because proctologist is going on a 2 week leave) 

July 28: I see couple of blisters on my face with a pus. I go to my GP who still hasn’t received the report. I suspect monkeypox and ask him to prescribe me a test - he said can’t test for it unless I have been exposed to someone who tested positive. I said I cannot be sure but I visited Spain 2 weeks ago and I have these lesions on my face and feet and insist I must be tested. He just gives me number of hospital and asks to call there. 
I call up hospital who asks me to go to emergency.

I visit the emergency, after a 1 hour wait 
 doctor visits me, suspects it’s monkeypox indeed and gets my samples collected.
Prescribed ibuprofen (400 mg), paracetamol (1000 mg) , hemorrhoid cream for reducing inflammation and sends me home. 

July 29: I receive phone call from the doctor confirming it’s monkeypox indeed and advices to isolate and continue the antibiotic treatment nevertheless. 

July 30-august 01: I survive on 2-3 ibuprofens a day, some paracetamol and lots of other medication prescribed by the proctologist. 

I also call up my GP who still hasn’t received report of my smear / biopsy, while my antibiotic course is over ! (Been an entire week I took them for) 

August 02: pain and fever finally subside, I reduce ibuprofen gradually to once a day and discontinue thereafter. 

August 04: I write to both the GP/ infectious disease specialist asking if I need to continue with antibiotics or other medication but no one responds, the clinics phones are busy. I can’t visit them as I am isolated. 

August 05: continued improvement, pain has largely gone except when having a bowel movement (2-4 times a day now as antibiotics have wrecked my stomach) 

Smear/ biopsy report still hasn’t come and I’m flabbergasted at the state of affairs but I have no energy to do any further follow ups with any doctor whatsoever. I just keep my fingers crossed I heal completely on my own.",27,27,0.97,2022-08-05 08:48:40,"en",-0.12009603409942,"negative",9,"post","Sociopolitical reactions dominate, including stigma, naming controversies, and comparisons to past pandemics, alongside frustration with institutional mismanagement.","Stigma, naming debates"
"r/monkeypoxpositive","https://www.reddit.com/r/monkeypoxpositive/comments/wgwi2c/just_tested_positive_where_do_i_get_tpoxx/","Just tested positive. Where do I get TPOXX.","Edit: I am in Utah",11,11,0.92,2022-08-05 14:11:33,"en",0.211416800773625,"positive",8,"post","Scientific/policy debates on mutations and reinfection, stigma’s role in public perception, and advocacy for marginalized groups amid systemic gaps.","Mutations, reinfection risks"
"r/monkeypoxpositive","https://www.reddit.com/r/monkeypoxpositive/comments/whbzwo/looking_for_testing_in_nyc_my_story_part/","Looking for testing in NYC my story part ?","First of all, I don't know If i am showing symptoms, or Its just so damn disgustingly hot in New York the past few weeks and the sweat has my skin all fucked up, but regardless, I'm a gay man, sore throat and feel pretty crappy, and I have a few bumps in random spots, with a few already fading as of today, and a few just forming today..talk about stress, anyway.. I call around looking for a place that will test, and i find a place in coop city..

&amp;#x200B;

(honestly i feel like shit and wanna lay down but ill try my best)

&amp;#x200B;

When i get there the waiting room is dead quiet no muzak nothing and approx  6 people all ages and genders all there for who knows what.  I already can feel this about to be a disaster, not knowing how to explain to the woman through the plexiglass about me inquiring about monkey pox testing, in a completely silent room.  

&amp;#x200B;

I write on a piece of paper ""Looking for MPX Treatment.  May Have Symptoms""  

i fold it up like a little love note, and pass it to the lady in between my state ID and my Insurance card.  The lady reads it and says ""Oh okay.. um... just wait outside and ill be out to help you okay? Im gonna hold on to this while i finish the p\[apwework, but just wait outside ill be out there okay?  

&amp;#x200B;

Now I dont know if, due to her speaking so looud, and knowing it that anyone sans hearing impairment, or airpods would have heard this in the room, I just smiled agreed and literally walked out of the urgent care... to a bench amongst the busy pedestrian plaza area. That truly unique yet oh so suburban feel that only a shopping plaza in the middle of coop city will provide. And it began to kind of set in.. and I got very mad.

&amp;#x200B;

Im watching through the storefront windowpane at the lady who now holds my identification, now literally gowning up, as per first year deblasio triumphant Brooklynnavy yard garb was back in style.  

&amp;#x200B;

Was this chick really about to treck out the door from the back of the urgent care, past all those people in the waiting room, out the front door and walk towards me with what, a long cottonswab and a specimen beaker?  would  she be asking me to just, start squeezing a fresh popped one for the rest of its juice into her petridish, outthere in the humid evening night amongst all the shoppers around..

&amp;#x200B;

&amp;#x200B;

I dont fucking know Cause I got the fuck out of there the second i saw her gowning up.. left my documents and everything... 

&amp;#x200B;

I was fucking horrified.. and I still am.

&amp;#x200B;

Was what was happening protocol?

&amp;#x200B;

Okay me sleepy now.. sorry for typos.. see u tomorrow thanks for reading",1,1,0.52,2022-08-06 01:26:50,"en",-0.0497095039726664,"neutral",8,"post","Scientific/policy debates on mutations and reinfection, stigma’s role in public perception, and advocacy for marginalized groups amid systemic gaps.","Mutations, reinfection risks"
"r/monkeypoxpositive","https://www.reddit.com/r/monkeypoxpositive/comments/wh26yt/test_results/","Test results","How long did it take for your result to come back? I went to get myself tested yesterday at CityMD.",2,2,0.67,2022-08-05 18:07:30,"en",0.0863105474911716,"neutral",8,"post","Scientific/policy debates on mutations and reinfection, stigma’s role in public perception, and advocacy for marginalized groups amid systemic gaps.","Mutations, reinfection risks"
"r/monkeypoxpositive","https://www.reddit.com/r/monkeypoxpositive/comments/wgqfos/craters/","craters.","Around my ass there are about 12 craters. They weep some sort of fluid. They vary from pinprick to a US dime. I can't speak to the depth, but the larger ones are perhaps a quarter inch. Deep enough to cast a shadow.  I can hardly walk. Applying water burns to the point of yelping. What the fuck do i do to manage this? Lie on my stomach for a few days?",11,11,0.93,2022-08-05 08:59:31,"en",-0.131610887526792,"negative",8,"post","Scientific/policy debates on mutations and reinfection, stigma’s role in public perception, and advocacy for marginalized groups amid systemic gaps.","Mutations, reinfection risks"
"r/monkeypoxpositive","https://www.reddit.com/r/monkeypoxpositive/comments/wggsgz/isolation_without_losing_your_job/","Isolation without losing your job","There's an elephant in the room around isolation: Most people cannot work from home.   


The ""it'll resolve in two weeks"" seems to be an underestimate for many, and the variability in recovery windows is large, making it difficult to inform your employer accurately how long you will be out.    


I am really worried that given the lack of a safety net in the U.S. and elsewhere that people will be faced with the decision to either:   


1. Forgo wages for 3+ weeks and risk getting fired for taking substantial time off, or 
2. Do one's best at work to mitigate risk to others 

While from a public health perspective we would all prefer option #1, in reality people already living on the edge are going to make tough decisions. Most Americans do not have an emergency savings account to cover such a long period without wages. We also have data from Covid that some *will* go with option #2 to keep themselves or their families afloat, no matter how much Redditors berate them.   


I expect a much higher proportion of people are already going with option #2. Compared with Covid, the isolation period is far longer, the transmissibility (R0) and mortality risk is far lower, and sharing your condition caries more stigma. I am not endorsing this option, but I understand it and acknowledge it isn't going to be a black or white decision for many.  


In order to help people facing such decisions, are there any tips you have around things like workplace protections? Can you be fired for needing to take medical leave once you have exhausted your sick days? Any other learnings we can apply from people in similar situations during Covid?  


*Terminology note:* quarantine refers to when you are a suspected case; isolation is when you are confirmed.",35,35,1,2022-08-05 00:23:50,"en",-0.0843790913892049,"neutral",8,"post","Scientific/policy debates on mutations and reinfection, stigma’s role in public perception, and advocacy for marginalized groups amid systemic gaps.","Mutations, reinfection risks"
"r/monkeypoxpositive","https://www.reddit.com/r/monkeypoxpositive/comments/wghego/this_thing_is_spreading_its_here_first_georgia/","‘This thing is spreading. It’s here’: First Georgia woman with monkeypox speaks out about diagnosis",NA,30,30,0.95,2022-08-05 00:52:51,"en",-0.0352361334622709,"neutral",8,"post","Scientific/policy debates on mutations and reinfection, stigma’s role in public perception, and advocacy for marginalized groups amid systemic gaps.","Mutations, reinfection risks"
"r/monkeypoxpositive","https://www.reddit.com/r/monkeypoxpositive/comments/wg278x/nsfw_diagnosed_hpv_but_is_it_monkeypox/","(nsfw) Diagnosed HPV, but is it monkeypox?",NA,27,27,0.94,2022-08-04 14:08:33,"en",0,"neutral",7,"post","Cross-border spread of strains, personal accounts of severe symptoms, and critiques of institutional response delays and inequities.","Cross-border spread, severe cases"
"r/monkeypoxpositive","https://www.reddit.com/r/monkeypoxpositive/comments/wgecec/has_anyone_been_given_a_urine_test_to_diagnose_if/","Has anyone been given a urine test to diagnose if their lesions weren’t able to be tested ? Is it accurate ?","My (female) lesions look atypical and they wouldn’t swab me as they were dry by the time I got an appt and gave me a urine test instead. Is this test accurate? Has anyone else been given one? When do the results come back, they said a week but some people here get results 24hr.  I have another post w my symptom timeline but Developed new bumps on my leg which alarmed me. 

I’ve seen the dr two days in a row begging for a test and was refused the first day and told I absolutely couldn’t have MP and tested for oral strep instead. but the second day i took advice given in my other post and I insisted on MP and fluffed up my exposure risk by saying a friend tested +. Immediately isolated me and got me a requisition. The testing lab place didn’t isolate me until I said loudly in front of others that I am contagious. Very frustrated as I worry the urine test now may be inaccurate and he didn’t even try to scrape my Lesions and no advice to isolate. I’ve been isolating 4+ weeks unsure how much longer I can afford this.",4,4,0.84,2022-08-04 22:34:30,"en",-0.10657966378057,"negative",2,"post","Debates center on mpox spread among MSM, vaccine access challenges, and comparisons to COVID-19, alongside personal symptom accounts and frustration with public health failures.","MSM focus, vaccine inequity"
"r/monkeypoxpositive","https://www.reddit.com/r/monkeypoxpositive/comments/wg4xfl/realizing_i_probably_havehad_mp_question_about/","Realizing I probably have/had MP… question about anal lesion.","I’m a gay male that hasn’t been too sexually active this summer, but had a bit of a good time mid-June with a few partners as a bottom. About 10 days later I developed a mild fever for about a day and a half, which I thought was the result a sunburn I also had and had a mild pain my groin I initially attributed to the gym. 

Fast forward about 6 weeks and I’m with a sex partner who asked me about a scar near my hole. We stopped out of caution. Concerned I used my phone and mirror to try and see what he was talking about and sure enough there is what looks like a circle of flaking dry skin and some discoloring on one side of my “anal area”.  Nothing that looks like a pox or pimple or really protruding. More like the residual flaking skin after a burn, but in a circle shape along with some discoloration.

So anyway. I’m thinking I may have been infected but didn’t even notice or at least connect the dots of my minor symptoms. I got the first vax dose a little over a week ago. But wondering if I just wait things out?

Those who have had lesions in this area, is this how they have healed? Does the white flaky skin and discoloration go away on its own or should I seek treatment?",8,8,1,2022-08-04 16:01:53,"en",-0.120889154582925,"negative",2,"post","Debates center on mpox spread among MSM, vaccine access challenges, and comparisons to COVID-19, alongside personal symptom accounts and frustration with public health failures.","MSM focus, vaccine inequity"
"r/monkeypoxpositive","https://www.reddit.com/r/monkeypoxpositive/comments/wgbgnz/infection_after_the_vaccine/","Infection after the vaccine?","I wonder if people who developed symptoms despite having the vaccine before can share their timeline between getting the vaccine, exposure, and developing symptoms? 

There is currently no data out there on breakthroughs/efficacy, and having some reports (anecdotal or not) here can give us an idea. 
Might even help some of us decide on some activities eg can one go out to a bar a week after the vaccine, etc.

For example, i have heads from one friend who reports being exposed ~2 weeks after getting the vaccine (at a circuit party, supposedly no sex). Developed two single lesions about a week later which quickly crusted and that was about it.",3,3,0.8,2022-08-04 20:34:11,"en",0.0172162320311686,"neutral",6,"post","Emergence of high-risk mpox variants (e.g., Clade I), underreported global spread, and debates over containment strategies beyond MSM communities.","New variants, containment struggles"
"r/monkeypoxpositive","https://www.reddit.com/r/monkeypoxpositive/comments/wg8kjy/what_would_you_have_done/","What would you have done?","I've been developing symptoms consistent with a MPX infection (fatigue, swollen lymph nodes followed by lesion near my anus that ulcerated, about a dozen blisters random spots of my body, trouble sleeping) over the last week and I called my city sexual health clinic. They said I should come in to get seen but they're fully booked with appointments and I'd have to wait around 3 hours as a walk-in. After reading through many posts on here, I realized my priority is to get TPOXX. And especially before the worst of it comes. It took some significant mental effort to bring myself to do this but I cleared out the rest of my day and headed over.

When I arrived there was a clinic worker at the very front triaging for vaccine administration. There was a line and he was asking each person if they were having any symptoms, and asking loudly. Everyone was answering no and then given informed consent paperwork stuff before being put in another line for the vaccine itself. As I was waiting, someone from the vaccine line called out my name and waved enthusiastically. Despite wearing a hat and mask, I was still recognized. I wouldn't say he's a close friend, rather an acquaintance whom is very extroverted and gossipy. One that knows everyone and one that everyone knows. When I got up to the triage place, I couldn't bring myself to publicly announce I was having symptoms. None of the dozen before me did, nor would the dozen or so behind me. 

So I lied and said no, and before I knew it I was getting stuck in the arm with the vaccine. I'm now feeling total shame, guilt , anger, and defeat over it all. I cannot believe a health clinic, let alone one that specializes in sexual health, exercised such lack of sensitivity regarding personal health matters. And yes, perhaps jeopardizing my reputation shouldn't take precedent over public health, especially since vaccines may be harder to come by. But in that moment, which amounted to no more than half a second, I was unable to swallow my pride and I deserve to be admonished.

I really don't know what my next course of action should be now. Will the vaccine lessen or shorten the infection lifecycle, if I do indeed have it? As far as TPOXX is concerned, they are the only ones (since they're government) I'm currently aware of that can authorize a prescription.",4,4,0.7,2022-08-04 18:31:53,"en",-0.0991429319784708,"neutral",8,"post","Scientific/policy debates on mutations and reinfection, stigma’s role in public perception, and advocacy for marginalized groups amid systemic gaps.","Mutations, reinfection risks"
"r/monkeypoxpositive","https://www.reddit.com/r/monkeypoxpositive/comments/wg5vb9/crater_lesions_has_any_one_had_a_large_crater/","Crater lesions- has any one had a large crater from the lesions on the base of your shaft and healed and closed up? Mine has shrunk and looks much better but still a crater. Will it close??",NA,4,4,1,2022-08-04 16:39:45,"en",0.0194969238120366,"neutral",8,"post","Scientific/policy debates on mutations and reinfection, stigma’s role in public perception, and advocacy for marginalized groups amid systemic gaps.","Mutations, reinfection risks"
"r/monkeypoxpositive","https://www.reddit.com/r/monkeypoxpositive/comments/wfoexh/the_importance_of_having_a_pcp/","the importance of having a pcp","I wanted to expand on my story a bit because I see so many people posting about mxp and even showing pictures that yes looks like they have some issue but havent seen a Doctor yet. I also want to reach out to the people that having trouble getting the vaccine or TPoxx after they have a positive result. I live in the United States so this is an American perspective where universal health care isn't offered.

If you have insurance, having a pcp relationship is very important. When I went on prep I started seeing a pcp. I follow a strict prep protocol where I get tested by my PCP every three months. 

When my mxp symptoms started and it before I knew what was going on I was able to get an appt with my PCP within a day of saying I needed to come in. After the appt I continued communication with my PCP as he continued to triage my situation. They were aware of mxp but still hadn't seen many cases. When he wanted me to go get a test at public health because he thought test results would be faster but I was unable to because they were inundated he told me to come back to the clinic and he would swab me and submit the tests even though he thought it might take longer to get results. 

As my conditioned worsened and I was starting to experience extreme pain I had to call into the on call on Sunday. The lead doctor for the clinic called me back within 5 minutes and was sending a prescription for pain meds before the call ended. 

When my test results came back on Monday morning they emailed me immediately, and by chance I was in line at public health because things were getting worse. Public health then was on the phone with my pcp and I was given tpoxx that day even though there was extreme paperwork still needed 

I don't believe any of this would have fallen into place so fast if I didn't have that relationship with a PCP. I have insurance yes but my state also now covers all of the prep visits so I'm some states you can start this relationship without needing amazing insurance. 

As a gay man I can't stress enough having a pcp could save you when you need it most.",16,16,0.94,2022-08-04 01:41:54,"en",0.0277833724131133,"neutral",8,"post","Scientific/policy debates on mutations and reinfection, stigma’s role in public perception, and advocacy for marginalized groups amid systemic gaps.","Mutations, reinfection risks"
"r/monkeypoxpositive","https://www.reddit.com/r/monkeypoxpositive/comments/wfbl2o/i_thought_it_was_finally_almost_over/","I thought it was finally almost over","If you’ve seen some of my last post about my monkeypox Journey I have a huge cyst like sore on my vagina that has now drained and turned yellow so I guess that’s a good thing. It also no longer hurts! Fevers stopped and for the most part so did everything else I was just waiting for the sore to scab up and go away. Yayyy! Right??… nope yesterday night the horrible diarrhea and stomach pain is back and on the other side of my labia is what I think a new lesion happening.. it didn’t start the same as the other one. This one started as a boil and I’m hoping that’s all it is b/c I thought I was finally recovering. It’s been 14 or 15 days since my first sore… did anyone else get new sores 2 weeks after they were infected? Also another question because I can figure when I was exposed because I been sleeping with the same man on and off for 2 months or so.. how long after exposure did you guys get sick/ your first sores? This is miserable 😞",39,39,0.94,2022-08-03 16:49:05,"en",-0.186150403474433,"negative",8,"post","Scientific/policy debates on mutations and reinfection, stigma’s role in public perception, and advocacy for marginalized groups amid systemic gaps.","Mutations, reinfection risks"
"r/monkeypoxpositive","https://www.reddit.com/r/monkeypoxpositive/comments/wf9ton/should_we_be_avoiding_nail_salons_isnt_that_skin/","Should we be avoiding nail salons? Isn’t that skin to skin contact? Or is washing your hands after the manicure is over enough?",NA,20,20,0.92,2022-08-03 15:40:02,"en",0.0248701756246164,"neutral",7,"post","Cross-border spread of strains, personal accounts of severe symptoms, and critiques of institutional response delays and inequities.","Cross-border spread, severe cases"
"r/monkeypoxpositive","https://www.reddit.com/r/monkeypoxpositive/comments/wfenum/explanation_for_rectal_pain/","Explanation for rectal pain?","Hey y'all,

I am curious what is the rrason for the rectal pain at the beginning of monkeypox. Is there a blister in there?",6,6,1,2022-08-03 18:49:40,"en",-0.220539978790121,"negative",7,"post","Cross-border spread of strains, personal accounts of severe symptoms, and critiques of institutional response delays and inequities.","Cross-border spread, severe cases"
"r/monkeypoxpositive","https://www.reddit.com/r/monkeypoxpositive/comments/wexx4o/tired_of_the_is_this_monkeypox_post/","Tired of the “is this monkeypox post”","No body knows bro. Go get tested. Monkeypox on the body can look like anything from a rash to pimples. So far I’ve seen sores on genitals mainly look the same tho. Also why not just go thru post of the many people that have shared their experience on here? Look at their pic etc.. (mine included) No one here can diagnosed you. Stop freaking out and get tested.",25,25,0.72,2022-08-03 05:24:07,"en",-0.129715947773236,"negative",2,"post","Debates center on mpox spread among MSM, vaccine access challenges, and comparisons to COVID-19, alongside personal symptom accounts and frustration with public health failures.","MSM focus, vaccine inequity"
"r/monkeypoxpositive","https://www.reddit.com/r/monkeypoxpositive/comments/wexv7m/is_this_it/","Is this it?","I think I am screwed:

I had 102 fever for the last few days, finally went to Urgent care. I got some Doxycyline for a potential UTI. Next day the fever went down.

For the last two days I have been having tremendous groin lypmh nodes pain, and rectal warmth and pain, specially when pooping. I am using some Lidocain ointment but there is no bleeding. No relief in sight.

I took this picture just now of my shoulder and there are about 10 of those all over my upper body.

Is this mpx?

P.S. I am 40 MSM and had a lot of fun a couple of weeks ago with who knows who...

Is this a good time to test for it? What do I do?",15,15,0.94,2022-08-03 05:21:05,"en",-0.0112940969968965,"neutral",8,"post","Scientific/policy debates on mutations and reinfection, stigma’s role in public perception, and advocacy for marginalized groups amid systemic gaps.","Mutations, reinfection risks"
"r/monkeypoxpositive","https://www.reddit.com/r/monkeypoxpositive/comments/wenczb/recovered_tips_and_encourgement/","Recovered: Tips and encourgement","As I’ve just gotten over a mild case, wanted to pass along some tips and words of encouragement in case anyone finds it useful. 

My full illness lasted 12 days, initial symptoms were 3 sores on the shaft of my junk that never hurt or itched. Two swollen lymph nodes in the groin appeared 4 days later. Im undoubtedly lucky, and my heart goes out to those who got it bad.

How i got it? A regular hook up, from a dude who had no sores or symptoms that he knew of. I was the top. So there’s that.

Showers:
-if sores are limited to one part of the body, use a different towel to dry the areas with sores vice other areas. Just to be safe, change towels daily.

Sanitizing:
-Never touch your eyes, your face, or any non-lesion part of your body without first washing your hands or using sanitizer.

-change bed sheets/do laundry like every day. Overkill? Probably. 

Sores:
-first few days, dabbed them repeatedly throughout the day with witch hazel. Did this actually do anything, who knows, but mine reached their full size within 48 hours and were scabbed by day 7/8.

-once the sores ruptured, dab either petroleum jelly or polysporin (unless you’re allergic) on them multiple times a day to avoid infection.. otherwise try Manuka honey...Yes, sounds nuts, but scientific studies have shown manuka honey helps with wound healing and preventing infection. Not regular cheap honey, the exotic and expensive Manuka with 20+ UTF rating and 800+MGO rating.

-once the sores become scabbed over, i drowned them all day in a combination of coconut oil+petroleum jelly+vitamin e oil. Just a few drops at a time. This really brought the residual redness and swelling down fast and should (hopefully) lessen scarring. Scabs fell off after 2/3 days of this. 

-scars: this is the next phase of mental trauma from this virus, fear of scarring. Especially on your privates. I started using “Scar Away” medical-grade silicone sheets on the marks yesterday to hopefully make them fade faster. This stuff really stays on, even on your penis, even through a workout! Goal is to leave it on as continuously as possible. Ive used it for other scars after surgery and it did help.

-Public health messaging: Do keep in mind that messaging from CDC, public health depts, and hospitals/doctors is all over the place. There is too much they DONT KNOW. So be aggressive demanding a test if you have any type of sore, demand tpoxx the second you have any rectal pain. Despite them all wanting to help, its far too easy to be dismissed by healthcare providers (especially in America) so do NOT take no for an answer. Be aggressive/combative even. I used to work in a hospital, Ive seen how that system often works. 

Monkeypox as a virus has undoubtedly changed, and quite a lot actually, as proven by that study showing how many mutations this current strain has. CDC, WHO, everyone clearly remained behind the curve for too long on how this disease has changed and how it’s actually affecting people, versus what textbooks said it should be doing. CDC website still shows the old textbook definition of monkeypox progression which, as we all know, is not how this is manifesting at all in a shockingly high number of people. They just now, for ex, have begun to verbalize that for a not-insignificant percentage of men monkeypox results in severe excruciating anal/rectal pain. We are 2.5 months into this.

Aftermath:
The biggest lingering effect is mental… the stress of having monkeypox really takes a toll on the mind. It sends you spiralling into a dark place. Waiting for the next symptom, wondering when you’ll be in the clear, wondering “why u let yourself get into this situation”, the compulsive sanitizing of everything around you, dreading who do u need to tell that u were diagnosed… it is a very long, lonely couple wks with this thing.

But at some point it ends. It’s okay to give yourself time to feel like you again… like i need to remind myself, it is OK to move on, to let yourself think about sex again, (even though youre likley not going to want to for a while and will be waiting around for your skin to look normal again). No one needs to remain some leper because of this.

Shame/guilt really serves no useful purpose here. Even if you got it at a sex party, or from a hookup, so what? That just means you were having a life worth living. Period. And CDC messaging was abysmal for 2 months of this anyway. “Risk is very low”.. suuure. 

So ignore any haters you come across. I would argue that those people who want to try to blame/slut shame anyone who catches monkeypox (like i’ve seen in other reddit threads) are just lashing out because they prob don’t have much sex lives at all. I believe the term is “incel”.. it had to be said. There is a light at the end of this tunnel gentlemen, and it is just fine to let yourself count the days til you walk right out the other side.",59,59,0.93,2022-08-02 21:15:29,"en",-0.111243881351539,"negative",5,"post","Fears of mpox resurgence or endemicity, debates over vaccine strategies, and critiques of global disparities in outbreak response.","Resurgence fears, global disparities"
"r/monkeypoxpositive","https://www.reddit.com/r/monkeypoxpositive/comments/weudxs/do_the_mpox_bumps_itch_at_first_like_a_big_bite/","Do the mpox bumps itch at first like a big bite?","Bug bite**",9,9,1,2022-08-03 02:26:03,"en",-0.592428887242592,"negative",3,"post","Post-peak concerns include declining cases, lingering public health challenges (e.g., misinformation, isolation fatigue), and scientific analyses of mutations/long-term impacts.","Post-outbreak issues, mutations"
"r/monkeypoxpositive","https://www.reddit.com/r/monkeypoxpositive/comments/wedrz4/mild_case_1_penile_lesion_full_recovery_in_24_days/","Mild case, 1 penile lesion, full recovery in 24 days","I experienced a mild case. A lesion presented ca. 38 hours after exposure, followed by fatigue and lymph node swelling. During the peak of my symptoms, I also experienced some penile swelling and discoloration. My skin fully healed by day 24, and I left isolation on day 27.  

**Exposure**  
I engaged in mutual oral sex which slightly irritated my skin. We talked about monkeypox because one of his friends had it before. He told me that he wasn’t exposed. He changed his story multiple times after I got sick. I wouldn’t have consented to sexual contact if he was honest. This has been triggering me.

**Symptoms and testing (genital lesion, malaise, fatigue, swollen lymph nodes)**  
I experienced a minor irritation the next day, which increased ca. 38 hours after sexual contact. I checked my penis again, and my urethra looked slashed. I couldn’t have sustained such an injury so this alarmed me about infection risks, and I adopted a cautious hygiene routine. Meanwhile, a white substance began forming around it, and it started to close. I washed my hands, and never touched the lesion again with my fingers. 

I couldn’t reach the public sexual health services anymore that day, and by then I realized that my partner is gaslighting me, so I called the municipal health services about potential monkeypox exposure. They asked me to email pictures. An hour later they called back to schedule the test. I informed my flatmate, started disinfecting, and isolated. 

I got tested the next day. I was experiencing pain, malaise, and fatigue. I was called about the positive result in ca. 30 hours. The doctor informed me that the lesion has a high viral load, but the virus wasn’t detected in my blood, throat, and anal samples. I was warned that the virus can present there though, and I could develop lesions anywhere, and it is possible to transfer the virus on myself too. I was told that if I experience proctitis I should ask my GP for painkillers. 

I asked about the vaccine for me and for my flatmate, and about antiviral medication. Here in the Netherlands, I wasn’t eligible for vaccination, and TPOXX wasn’t available yet. I was called by another doctor the next day for further information and contact tracing. In the meantime, my lymph nodes started to swell in my groin’s right side, and they became painful, and the fatigue worsened. I was told one is considered contagious from 48 hours before the symptoms’ onset. 

I was also informed that the virus may remain in my semen for weeks after I fully recovered, but there isn’t enough research on this. **So, I was advised to use condoms for oral, anal, and vaginal intercourse up to 12 weeks after I end isolation.** I asked if my personal hygiene and isolation routines were adequate, and if I could continue using the topical ointment I applied before to occlude the lesion and reduce discomfort. 

**Progression (genital lesion, penile discoloration, and swelling)**   
I didn’t experience a rash and fever, and my symptoms presented backward; first lesion, then fatigue and lymph node swelling. By day 5 the lesion enlarged to a white oval shape, and it was semi-closed, visually resembling other cases. The pain and fatigue were increasing and peaked between day 7 and 10, then quickly ceased. I was circumcised at 16, and the pain reminded me of that surgery.  

From day 2 I alternated paracetamol and ibuprofen daily, taking them according to the instructions on the packaging. I was taking the maximum dose by day 6. The latter product seemed to relieve the pain more. I could sleep, and walk a bit once they kicked in, but it was still painful.

The lesion didn’t go through the 4 stages described by the WHO, it first presented open, and it remained flat throughout. Although I did notice yellow and bloody discharge on my underwear over 3 days or so. My complexion is light, so the area was also red. During the worst days, my glans swelled, and the discoloration deepened to purplish, but not to a point where I would have been alarmed about a secondary bacterial infection. I also experienced pain in my testicles and my thighs. 

I was spaced out when my symptoms were peaking, and I rubbed my nose ring after adjusting my underwear without washing my hands first. The next day my nostril was irritated, and my mucus membrane felt dry and slightly bled. This lasted for 4 days, but there was no visible difference with my unaffected nostril. I called the doctor about this and was told that I could have transferred the virus into my nostril, so I was cautious about its presence there for another 5 days or so after the irritation ceased.  

After day 10 the penile and lymph node swelling, discoloration, and pain began to recede, so I cut back the painkillers. I stopped completely around day 15. During this period, I experienced a nocturnal emission that dislocated the scab and caused some bleeding, but I just continued applying ointments. I didn’t develop any other lesions. The lesion shrank to 1/10 of the original size by day 21 and disappeared by day 24, the new healthy skin is in a slightly different shade. 

**Personal hygiene and lesion management**  
The lesion reopened during urination. So, I started using a large cup and the sink instead of the toilet and angled my penis to minimize pressure on the urethra, and to avoid splashing onto and from it from day 1. I always disinfected these before and after, and absorbed moisture from my glans with clean single-use cotton pads, which I immediately disposed of. 

I alternated two ointments to occlude my lesion, one was silicone based, and the other was petrolatum / vaseline. I applied these with a clean single-use cotton swab. I used La Roche-Posay Cicaplast Baume B5 in the morning and evening, and TENA ProSkin Zinc Cream in between. I was told by two different doctors that zinc oxide may help the lesion dry out. To avoid irritating my lesion and the surrounding area I didn't use products that contain fragrance / parfum (including soap), and alcohol. 

I only used water to clean my glans, and soaked it in room temperature chamomile tea to remove ointment residues, but I never touched the lesion itself. I replaced my underwear and pants 2-3 times a day, and my sheets every day. I showered my body in sections after defecation, avoiding splashing water to, and from the affected area to others. I used separate towels for the affected area and the rest of my body and put them straight in the washing machine. I washed everything at 60 Celsius degrees as I was recommended. 

I also stopped my skincare routine on day 1, and only touched my eyes, if necessary, with a clean single-use cotton swab or after thorough hand washing. I was advised by all doctors to wash my hands frequently, avoid touching the lesion, disinfect surfaces, and wash clothing and sheets.   

My flatmate was vaccinated 3 days after my positive test result. I isolated myself in my room and wore disposable plastic gloves outside. On day 21 we agreed that I can stop using gloves, but I, of course, kept disinfecting everything and I didn't use shared furniture. I didn’t allow my cat to enter my room and touch my clothing and body. I tried to reassure her verbally, but of course, they cannot understand. I  also wore a face mask outside my room for ca. a week after I experienced irritation in my nostril. I disinfected the toilet, shower, sinks, and bathroom floors after each use. 

I stopped isolation on day 27, but I continue to disinfect the bathroom, and my hands, and I keep 1+ meter distance from others. I wasn't advised to do these after leaving isolation, but I feel better doing these for now. Although I have physical contact with my cat again, so indirectly with my flatmate too.  

I’m getting tested for STIs in 10 days. I won’t pay for this, and I’m not experiencing any symptoms – which I think I would by now. I called the public sexual health services before my monkeypox test results were in. They asked me to wait but told me they could accommodate me even if I was positive. I should have pressed for PEP but I couldn’t think clearly then. After it was too late for PEP and I decided that their resources are better dedicated to other people. 

I’m enraged by global public health policies. I’m shocked, but not surprised that people are struggling to access critical public services even in the imperial core countries. I’m very lucky and privileged. I never felt safe in the country where I grew up, but my privileges would have granted me access to services there too. I’m inspired to advocate for policy changes and to try to hold governments accountable for the 2030 global health targets, but I need to focus on self-care first.",33,33,0.92,2022-08-02 14:54:33,"en",-0.032951236647907,"neutral",8,"post","Scientific/policy debates on mutations and reinfection, stigma’s role in public perception, and advocacy for marginalized groups amid systemic gaps.","Mutations, reinfection risks"
"r/monkeypoxpositive","https://www.reddit.com/r/monkeypoxpositive/comments/wfjc9u/anyone_getting_mpx_that_has_not_been_covid/","Anyone getting MPX that has not been COVID vaccinated?","If unvaccinated from COVID, how bad was your MPX?",0,0,0.19,2022-08-03 21:58:29,"en",-0.136421582460817,"negative",7,"post","Cross-border spread of strains, personal accounts of severe symptoms, and critiques of institutional response delays and inequities.","Cross-border spread, severe cases"
"r/monkeypoxpositive","https://www.reddit.com/r/monkeypoxpositive/comments/wed3js/hydrocolloid_gel_bandages_are_helping_a_lot/","Hydrocolloid gel bandages are helping a lot","Bought some and cut them into smaller piece and placed them on my lesions. Healing has moved along a lot faster.",20,20,0.92,2022-08-02 14:27:01,"en",0.179309282112219,"positive",2,"post","Debates center on mpox spread among MSM, vaccine access challenges, and comparisons to COVID-19, alongside personal symptom accounts and frustration with public health failures.","MSM focus, vaccine inequity"
"r/monkeypoxpositive","https://www.reddit.com/r/monkeypoxpositive/comments/wegcp2/rectalanal_lesions/","Rectal/Anal Lesions.","Hey everyone.
Has anyone suffered from the rectal/anal lesions for a longer period? I’m on day 15 and the pain level didn’t decrease and still bleeding. 
I heard that for most people it’s over in a week or 10 days so I wonder if anyone else is going through the same and took him longer to recover!",9,9,0.91,2022-08-02 16:35:15,"en",-0.153762802224719,"negative",7,"post","Cross-border spread of strains, personal accounts of severe symptoms, and critiques of institutional response delays and inequities.","Cross-border spread, severe cases"
"r/monkeypoxpositive","https://www.reddit.com/r/monkeypoxpositive/comments/we9ggq/help_could_this_be_monkeypox_or_just_pimples/","HELP!! could this be monkeypox or just pimples!??",NA,7,7,0.82,2022-08-02 11:41:29,"en",0,"neutral",2,"post","Debates center on mpox spread among MSM, vaccine access challenges, and comparisons to COVID-19, alongside personal symptom accounts and frustration with public health failures.","MSM focus, vaccine inequity"
"r/monkeypoxpositive","https://www.reddit.com/r/monkeypoxpositive/comments/we7vkb/any_hiv_guys_with_mp/","Any HIV + guys with MP?","I’m Poz undetectable and may have MP, I’m seeing ID docs tomorrow. Would like to hear if any other Undetectable guys can share their experience.is it any worse or do ARV’s do anything to mitigate against the symptoms?",5,5,0.78,2022-08-02 10:13:13,"en",-0.00642312349814945,"neutral",1,"post","Discussions focus on global mpox transmission concerns, public health responses (especially vaccine distribution and messaging), and stigma, with emphasis on LGBTQ+ communities and personal experiences of symptoms/issues.","Transmission, stigma, vaccines"
"r/monkeypoxpositive","https://www.reddit.com/r/monkeypoxpositive/comments/wdsy1z/unusual_symptoms_all_over_my_body_i_have_eczema/","Unusual symptoms all over my body. I have eczema &amp; very likely came in contact with someone positive",NA,15,15,0.94,2022-08-01 21:24:02,"en",0.0668333939270554,"neutral",5,"post","Fears of mpox resurgence or endemicity, debates over vaccine strategies, and critiques of global disparities in outbreak response.","Resurgence fears, global disparities"
"r/monkeypoxpositive","https://www.reddit.com/r/monkeypoxpositive/comments/wdt8kk/do_lesions_symptoms_depend_on_how_where_you_were/","Do lesions/ symptoms depend on how/ where you were exposed?","I am on day 12 of suffering and curious about how/ why do symptoms vary so much? Especially stuff like lesions - I don’t have too many lesions on my body however I had extreme rectal pain and lesions (still not recovered) - does it depend on where/ how I got infected? (Sex?) or lesion site/ symptoms are random irrespective of where one got exposed?",12,12,1,2022-08-01 21:36:20,"en",-0.366515115983094,"negative",8,"post","Scientific/policy debates on mutations and reinfection, stigma’s role in public perception, and advocacy for marginalized groups amid systemic gaps.","Mutations, reinfection risks"
"r/monkeypoxpositive","https://www.reddit.com/r/monkeypoxpositive/comments/wdt2u6/going_to_a_festival_in_sf_bad_idea/","Going to a festival in SF bad idea?","Hi, I’m going to be attending a music festival in SF this Saturday and Sunday. Wondering if this will be a bad idea? And what are the chances I catch Monkey Pox from this event. I don’t plan on standing in the thick of crowds.",5,5,0.67,2022-08-01 21:29:44,"en",-0.00132116602052035,"neutral",1,"post","Discussions focus on global mpox transmission concerns, public health responses (especially vaccine distribution and messaging), and stigma, with emphasis on LGBTQ+ communities and personal experiences of symptoms/issues.","Transmission, stigma, vaccines"
"r/monkeypoxpositive","https://www.reddit.com/r/monkeypoxpositive/comments/wdoah5/can_i_really_be_sure_that_im_not_infectious_now/","Can I really be sure that I'm not infectious now that my lesions are all fallen off?","Is there some definite info about when its safe to have sex and have close contact with other people after your infection clears? I read that a person stops being infectious 21 days after initial symptoms or when all the crusts have fallen off but I'm still worried that I might be infectious. My symptoms began 12th of July, first lesion appears on 14th, and on 30th, 18 days after initial symptoms my last crust has fallen off. In a week I'm going on a vacation with friends and family and I'm scared I can still infect someone.

I asked a doctor if I can take another swab to confirm that I'm negative but he said that they don't do that because the CPR test will still be positive because of the traces of virus DNA which don't necessarily mean that those traces would be enough to infect someone...

Are there some people that had sex after the infection and other person did not get it? That would really ease my mind..",8,8,0.83,2022-08-01 18:13:57,"en",-0.108923011811837,"negative",7,"post","Cross-border spread of strains, personal accounts of severe symptoms, and critiques of institutional response delays and inequities.","Cross-border spread, severe cases"
"r/monkeypoxpositive","https://www.reddit.com/r/monkeypoxpositive/comments/wdlo6m/how_does_one_get_the_topoxx_i_have_monkey_pox_and/","How does one get the Topoxx? I have monkey pox and went to dr and they just blow it off. Such crazy!",NA,8,8,1,2022-08-01 16:26:49,"en",-0.209056376608922,"negative",8,"post","Scientific/policy debates on mutations and reinfection, stigma’s role in public perception, and advocacy for marginalized groups amid systemic gaps.","Mutations, reinfection risks"
"r/monkeypoxpositive","https://www.reddit.com/r/monkeypoxpositive/comments/wdoa9t/with_people_have_lesions_and_sores_on_their_body/","With people have lesions and sores on their body, Gentiles and face. After they become a white pimple like and then become red and crust over…do you keep Aquaphor on them to keep from scaring?",NA,3,3,0.72,2022-08-01 18:13:41,"en",0.0647808431763115,"neutral",8,"post","Scientific/policy debates on mutations and reinfection, stigma’s role in public perception, and advocacy for marginalized groups amid systemic gaps.","Mutations, reinfection risks"
"r/monkeypoxpositive","https://www.reddit.com/r/monkeypoxpositive/comments/wd98k2/how_do_we_change_the_system_so_anyone_who_wants/","How do we change the system so anyone who WANTS Tpoxx can receive it?","All this bureaucracy for people to be prescribed Tpoxx is ridiculous.  Tpoxx is actually FDA approved for Smallpox. We have seen numerous anecdotal evidence of it being effective treating monkeypox which is part of the small pox family. Do we need people to suffer REAL complications or even worse death before the system will allow people who want Tpoxx to receive it? Right now it's only being offered to ""severe"" cases and it takes days for them to receive it. I have read Bill Gate's book called preventing the next pandemic. One of the most important point facts he pointed out was helping protect people and getting new treatments out fast. Seems like we are failing the people and making them suffer unnecessarily.",30,30,0.92,2022-08-01 05:28:19,"en",0.0259638421115012,"neutral",3,"post","Post-peak concerns include declining cases, lingering public health challenges (e.g., misinformation, isolation fatigue), and scientific analyses of mutations/long-term impacts.","Post-outbreak issues, mutations"
"r/monkeypoxpositive","https://www.reddit.com/r/monkeypoxpositive/comments/wdgte9/information_about_reinfections_or_vaccine_post/","Information about reinfections, or vaccine post infection?","Hey all, wondering if anyone has received any information from their providers about the chance of reinfection, or if they should be getting a vaccine after you recover?

There is very little information about this online that can be found, and the public health department in my city that contacted me said they weren't sure, but thought this was a one and done type disease. 

Has anyone heard anything else? I'm considering trying to get vaccinated a month after I recover, because there is no way I'm going through this again.",6,6,1,2022-08-01 12:56:16,"en",0.0523602870756002,"neutral",9,"post","Sociopolitical reactions dominate, including stigma, naming controversies, and comparisons to past pandemics, alongside frustration with institutional mismanagement.","Stigma, naming debates"
"r/monkeypoxpositive","https://www.reddit.com/r/monkeypoxpositive/comments/wdmsk8/getting_vaccinated_after_having_monkeypox/","Getting vaccinated after having monkeypox?","I'm at the tail-end of my recovery from monkeypox, and I want to avoid getting re-infected as much as I can. I was never vaccinated for it, and wondering if there's any use in getting vaccinated post-infection?",2,2,1,2022-08-01 17:12:50,"en",-0.181999944233332,"negative",9,"post","Sociopolitical reactions dominate, including stigma, naming controversies, and comparisons to past pandemics, alongside frustration with institutional mismanagement.","Stigma, naming debates"
"r/monkeypoxpositive","https://www.reddit.com/r/monkeypoxpositive/comments/wdgevs/healing_rectal_lesions_faster/","Healing rectal lesions faster?","Any tips? It hurts a lot when I go to the toilet, even after 2 weeks. Just want the lesions to heal faster it’s unbearable and I’ve really reduced eating due to this which is not healthy",3,3,1,2022-08-01 12:36:04,"en",0.0629795956660649,"neutral",1,"post","Discussions focus on global mpox transmission concerns, public health responses (especially vaccine distribution and messaging), and stigma, with emphasis on LGBTQ+ communities and personal experiences of symptoms/issues.","Transmission, stigma, vaccines"
"r/monkeypoxpositive","https://www.reddit.com/r/monkeypoxpositive/comments/wd7nxs/daily_discussion/","Daily Discussion","Welcome to the [r/monkeypoxpositive](https://www.reddit.com/r/monkeypoxpositive/) Daily Discussion!

✔️ This is a thread for:

* Discussion points that aren't worth of its own thread.
* Asking small questions about monkeypox to the community.

❌ It is not a thread for:

* Comments that aren't related to monkeypox.
* Trolling or baiting other users.
* Shitposting, brigading or excessive Meta discussion.
* Any other kind of toxic or unreasonable behaviour.

The moderation team will **remove** comments that violate those rules and **ban** persistent offenders.

Please report comments you think that break such rules, but more than anything else, **remember the human**. The Internet is full of places to discuss the disease in bad faith. This community tries to be an exception.",13,13,0.94,2022-08-01 04:00:15,"en",0.0256721494443602,"neutral",4,"post","Criticism of systemic public health failures (e.g., vaccine disparities, bureaucratic delays) and anxiety about broadening transmission (e.g., pediatric cases, workplaces).","Systemic failures, inequity"
"r/monkeypoxpositive","https://www.reddit.com/r/monkeypoxpositive/comments/wd1ol9/are_these_moles_or_monkeypox/","Are these moles or monkeypox??",NA,26,26,0.77,2022-07-31 23:07:07,"en",-0.0976153382337534,"neutral",1,"post","Discussions focus on global mpox transmission concerns, public health responses (especially vaccine distribution and messaging), and stigma, with emphasis on LGBTQ+ communities and personal experiences of symptoms/issues.","Transmission, stigma, vaccines"
"r/monkeypoxpositive","https://www.reddit.com/r/monkeypoxpositive/comments/wcxrrr/penile_lesion_fell_off_and_left_a_hole_on_penis/","Penile lesion fell off and left a hole on penis shaft","My first symptom was a small painless sore on the right shaft of my penis.  Eventually I got penile edema and general pain and discomfort in the area.  Now three weeks later there's no more edema and the lesion just fell off. ID doctor told me to do nothing to the lesion and to just clean it with regular soap and water and let it fall off on its own.  It may have rubbed up against my underwear and it seems to have prematurely fell off and now there is a hole underneath which partially resembles an abscess.  I'm concerned and wondering what could this lead to or will the hole go away with new skin and if anyone has any treatment methods for this.  Please share! I'm concerned :(.  Thank you.  P.S. calling my doctor asap tomorrow but wanted to get some preliminary info here first.",19,19,0.89,2022-07-31 20:13:07,"en",0.045351646151144,"neutral",2,"post","Debates center on mpox spread among MSM, vaccine access challenges, and comparisons to COVID-19, alongside personal symptom accounts and frustration with public health failures.","MSM focus, vaccine inequity"
"r/monkeypoxpositive","https://www.reddit.com/r/monkeypoxpositive/comments/wczs44/please_share_photos_of_throatoral_lesions/","Please share photos of throat/oral lesions","I am a woman being refused testing and not told to isolate but certain I caught it due to these symptoms. I’ve isolated 4 weeks since onset and still feel unwell. Trying to determine if I should isolate longer because I still have throat lesions/sores or if it’s something unrelated. Seeing other people’s throats who are tested + will help me make an informed decision as I am being refused a swab.

1) rectal irritation / fissures that look like some mild cases posted here. No pain thankfully and now healed fully. 
 2) debilitating fatigue / back ache and spasms worse than covid and prevents me from doing daily activities. It’s very severe. 
3) I had 1 single suspicious bug bite looking thing that never scabbed on my stomach and since healed (possibly not pox but suspicious). It looked like some mild cases posted here that people share and say tested +.
4) I had an ingrown looking bump near groin at the beginning of this that did not behave like in ingrown but never scabbed and since healed. At this time I had huge swollen groin lymph node on the side towards the bump. This didn’t look like pox at all but the lymph node swelling was abnormal for an ingrown for me and made me think possibly related given swollen nodes a symptom 
5)I have 4+ red bumps/sores/ not quite ulcers in the back of my throat beside( but not on ) my tonsils approx 5mm. Swallowing has felt weird but not super painful. I took a z pack antibiotics when my tele Dr said it was tonsillitis  but didnt didn’t help sore throat . 

No fever at all thru this but I did not fever during covid either. I originally assumed covid but consistently tested negative. 


Please share your throat lesions and include if you for sure tested +. Any other advice appreciated. I Will try to figure out how to include a photo of my throat in comments for some feedback",13,13,1,2022-07-31 21:41:41,"en",0.0180133691648778,"neutral",1,"post","Discussions focus on global mpox transmission concerns, public health responses (especially vaccine distribution and messaging), and stigma, with emphasis on LGBTQ+ communities and personal experiences of symptoms/issues.","Transmission, stigma, vaccines"
"r/monkeypoxpositive","https://www.reddit.com/r/monkeypoxpositive/comments/wdaamm/should_i_visit_my_family_in_syracuse_new_york/","Should I visit my family in Syracuse (New York) amidst the monkey pox emergency or would that be a bad idea?","
I really wasn’t sure where to post and felt like I might get some advice here.

The title basically. I’m only going for 6 days but the state just called a state of emergency for monkey pox so I’m not quite sure what to do. Anyone has any advice or warnings for me if I should even go?",1,1,0.53,2022-08-01 06:31:06,"en",-0.0470165759496537,"neutral",8,"post","Scientific/policy debates on mutations and reinfection, stigma’s role in public perception, and advocacy for marginalized groups amid systemic gaps.","Mutations, reinfection risks"
"r/monkeypoxpositive","https://www.reddit.com/r/monkeypoxpositive/comments/wcq2dw/rectal_bleeding_after_recovery/","Rectal bleeding after recovery?","Hi everyone. I was diagnosed with monkey pox about 4 weeks ago. 

I did experience proctitis symptoms in my first 2 weeks. 
I finished my quarantine at day 22 when all lesions on my body scabbed off. 

Now I still experience bleeding after bowel movement. It is visible on toilet paper.

I went to check for other STIs but they were all negative so far at day 28.

I could feel there is something , maybe a scar, when I pass my stools. 

Wondering if anyone is still experiencing rectal bleeding after recovery? Or could it indicate something else?
Thanks.",9,9,0.85,2022-07-31 14:30:45,"en",-0.0616848745413273,"neutral",6,"post","Emergence of high-risk mpox variants (e.g., Clade I), underreported global spread, and debates over containment strategies beyond MSM communities.","New variants, containment struggles"
"r/monkeypoxpositive","https://www.reddit.com/r/monkeypoxpositive/comments/wcsa3p/is_this_monkeypox_i_have_no_idea/","Is this Monkeypox? I have no idea!!!",NA,0,0,0.45,2022-07-31 16:10:27,"en",0,"neutral",8,"post","Scientific/policy debates on mutations and reinfection, stigma’s role in public perception, and advocacy for marginalized groups amid systemic gaps.","Mutations, reinfection risks"
"r/monkeypoxpositive","https://www.reddit.com/r/monkeypoxpositive/comments/wcfm98/daily_discussion/","Daily Discussion","Welcome to the [r/monkeypoxpositive](https://www.reddit.com/r/monkeypoxpositive/) Daily Discussion!

✔️ This is a thread for:

* Discussion points that aren't worth of its own thread.
* Asking small questions about monkeypox to the community.

❌ It is not a thread for:

* Comments that aren't related to monkeypox.
* Trolling or baiting other users.
* Shitposting, brigading or excessive Meta discussion.
* Any other kind of toxic or unreasonable behaviour.

The moderation team will **remove** comments that violate those rules and **ban** persistent offenders.

Please report comments you think that break such rules, but more than anything else, **remember the human**. The Internet is full of places to discuss the disease in bad faith. This community tries to be an exception.",9,9,1,2022-07-31 04:00:14,"en",0.0256721494443602,"neutral",5,"post","Fears of mpox resurgence or endemicity, debates over vaccine strategies, and critiques of global disparities in outbreak response.","Resurgence fears, global disparities"
"r/monkeypoxpositive","https://www.reddit.com/r/monkeypoxpositive/comments/wbvbfh/anyone_still_symptomatic_after_a_month_since/","Anyone still symptomatic after a month since their first symptoms?.","Hi friends. Anyone still recovering/ showing symptoms after a month since their first flu-like symptoms or first lesion/rash?.",16,16,0.92,2022-07-30 11:24:57,"en",-0.215240595120727,"negative",9,"post","Sociopolitical reactions dominate, including stigma, naming controversies, and comparisons to past pandemics, alongside frustration with institutional mismanagement.","Stigma, naming debates"
"r/monkeypoxpositive","https://www.reddit.com/r/monkeypoxpositive/comments/wc0z2v/panicking_after_encountering_risky_situation_at/","Panicking after encountering risky situation at the gym","Struct by the recent events there was a situation at my gym the other day where I might suspect a possible transmission. 

In our locker room there is a small shower stall, I went in and noticed something unusual. Someone else’s underpants were flipped on the showerhead. Probably someone forgot them. I touched them and removed them with bare hands on the side. After showering myself I returned to the hanger but 3 other people started showering and I noticed we had the same Tommy Hilfiger underwear. I wasn’t sure which one were mine, so I took both to sniff them (please don’t make fun of me, I did it, idk why) for 20-30 seconds to check and took the right ones. This is the 2nd touching of someone else’s clothes. 

I came home turned on my social media and read all about the disease all over again. :( I’m so stupid for being so confused about my own clothing. 

My question is the following:
is it possible that I contracted the virus from just slightly sniffing other people’s underpants or possibly even touching them in the first place (I did shower thoroughly).

I still have no symptoms and am just informing myself if the infection is possible that way. The possible nee pandemic just started and i’m trying to inform myself in the best way possible.",8,8,0.67,2022-07-30 16:11:06,"en",-0.118280492355592,"negative",3,"post","Post-peak concerns include declining cases, lingering public health challenges (e.g., misinformation, isolation fatigue), and scientific analyses of mutations/long-term impacts.","Post-outbreak issues, mutations"
"r/monkeypoxpositive","https://www.reddit.com/r/monkeypoxpositive/comments/wbnxg3/why_is_there_so_much_variance_in_severity/","Why is there so much variance in severity?","I'm 29 yo, no underlying conditions. Confirmed positive, Day 12 now and I'm feeling close to back to normal, lesions healing quick, with the peak being around day \~6 with about 10 lesions. Mild anorectal pain that subsided after 4 days. For the most part, it felt mild and quick, and I'm **incredibly** grateful.

However, reading other people's stories, people who are completely young/healthy and present with severe symptoms, I can't help but wonder what evidence or theories are out there for the huge variance in symptom presentation. In this way, it very much reminds me of COVID.

Edit: forgot to mention I am not vaccinated",25,25,1,2022-07-30 03:47:16,"en",0.0818333827941929,"neutral",8,"post","Scientific/policy debates on mutations and reinfection, stigma’s role in public perception, and advocacy for marginalized groups amid systemic gaps.","Mutations, reinfection risks"
"r/monkeypoxpositive","https://www.reddit.com/r/monkeypoxpositive/comments/wbrm32/daily_discussion/","Daily Discussion","Welcome to the [r/monkeypoxpositive](https://www.reddit.com/r/monkeypoxpositive/) Daily Discussion!

✔️ This is a thread for:

* Discussion points that aren't worth of its own thread.
* Asking small questions about monkeypox to the community.

❌ It is not a thread for:

* Comments that aren't related to monkeypox.
* Trolling or baiting other users.
* Shitposting, brigading or excessive Meta discussion.
* Any other kind of toxic or unreasonable behaviour.

The moderation team will **remove** comments that violate those rules and **ban** persistent offenders.

Please report comments you think that break such rules, but more than anything else, **remember the human**. The Internet is full of places to discuss the disease in bad faith. This community tries to be an exception.",7,7,0.9,2022-07-30 07:18:08,"en",0.0256721494443602,"neutral",3,"post","Post-peak concerns include declining cases, lingering public health challenges (e.g., misinformation, isolation fatigue), and scientific analyses of mutations/long-term impacts.","Post-outbreak issues, mutations"
"r/monkeypoxpositive","https://www.reddit.com/r/monkeypoxpositive/comments/wb9fjf/my_tpoxx_journey_great_progress_just_finished_day/","My TPOXX journey. Great progress! Just finished day 7 — halfway through the 14-day treatment. Pics show day before starting TPOXX, day 4, and day 7. Started seeing changes in lesions and rashes within 1 day, and it continues to improve every day. No serious side effects other than a slight headache.",NA,87,87,0.99,2022-07-29 16:37:07,"en",0.173155275001759,"positive",5,"post","Fears of mpox resurgence or endemicity, debates over vaccine strategies, and critiques of global disparities in outbreak response.","Resurgence fears, global disparities"
"r/monkeypoxpositive","https://www.reddit.com/r/monkeypoxpositive/comments/wbi58w/if_someone_can_help_me_understand_something/","If someone can help me understand something, because I’m not buying a lot of the info out there re: how it’s spread.","Does this virus emerge randomly on the body or just potentially affect all mucosal areas? When we see mucosal areas such as the mouth, anus, genitals affected is it because contact was made there? What do folks suspect is the case here? If it spreads by air does it just take a more random target on the body? I’m sorry you all are experiencing this and hope you are better soon.",22,22,1,2022-07-29 22:54:56,"en",0.00872434558219584,"neutral",3,"post","Post-peak concerns include declining cases, lingering public health challenges (e.g., misinformation, isolation fatigue), and scientific analyses of mutations/long-term impacts.","Post-outbreak issues, mutations"
"r/monkeypoxpositive","https://www.reddit.com/r/monkeypoxpositive/comments/wbjp89/are_lesions_poppable_trying_to_differentiate_from/","Are lesions poppable? Trying to differentiate from pimples...","Sorry for the gross question, but I got what I thought were pimples on my butt and inner thighs and was concerned they might be pox because I very very rarely get pimples there, and they were abnormally large and painful.  They also wouldn’t pop which was weird.",12,12,1,2022-07-30 00:09:09,"en",-0.264297072802644,"negative",2,"post","Debates center on mpox spread among MSM, vaccine access challenges, and comparisons to COVID-19, alongside personal symptom accounts and frustration with public health failures.","MSM focus, vaccine inequity"
"r/monkeypoxpositive","https://www.reddit.com/r/monkeypoxpositive/comments/wbh8ek/is_there_any_validity_to_this_study_claiming_a_50/","Is there any validity to this study claiming a 50% CFR of monkeypox when a patient also has pnumonia?","https://www.researchgate.net/publication/13205541_Cutaneous_Manifestations_of_Biological_Warfare_and_Related_Threat_Agents

The quote is on page 316, and reads

""Pneumonia secondary to monkeypox has a 50% mortality rate""

I don't know where else to ask this but I don't know how to correctly fact check this? That number seems really worrying if monkeypox continue growth into the winter, especially if combined with a new covid variant. I really hope I'm reading this study incorrectly because this seems like a ticking time bomb if true.

The paper is nearly 20 years old and the strain going around now surely has nothing in common minus some side effects from whatever they were studying in 1999, but hopefully that isn't just cope.",9,9,1,2022-07-29 22:13:31,"en",-0.0297143055782929,"neutral",7,"post","Cross-border spread of strains, personal accounts of severe symptoms, and critiques of institutional response delays and inequities.","Cross-border spread, severe cases"
"r/monkeypoxpositive","https://www.reddit.com/r/monkeypoxpositive/comments/wb4qq1/new_lesions/","New lesions?","Friends, has anyone experienced the start of new lesions 3 or 4 weeks after their initial symptoms?. Thanks for your input and continue to heal physically and mentally.",11,11,0.93,2022-07-29 13:23:41,"en",0.450509722569162,"positive",7,"post","Cross-border spread of strains, personal accounts of severe symptoms, and critiques of institutional response delays and inequities.","Cross-border spread, severe cases"
"r/monkeypoxpositive","https://www.reddit.com/r/monkeypoxpositive/comments/wb6wa9/mouth_ulcerslesions_healing_time/","Mouth Ulcers/lesions. Healing time.","What's peoples experiences with mouth ulcers/lesions and the time it takes for them to fully heal. Has anything assisted in accelerating the healing?. Thanks.",5,5,0.86,2022-07-29 14:55:03,"en",0.294140824111483,"positive",3,"post","Post-peak concerns include declining cases, lingering public health challenges (e.g., misinformation, isolation fatigue), and scientific analyses of mutations/long-term impacts.","Post-outbreak issues, mutations"
"r/monkeypoxpositive","https://www.reddit.com/r/monkeypoxpositive/comments/way6iq/daily_discussion/","Daily Discussion","Welcome to the [r/monkeypoxpositive](https://www.reddit.com/r/monkeypoxpositive/) Daily Discussion!

✔️ This is a thread for:

* Discussion points that aren't worth of its own thread.
* Asking small questions about monkeypox to the community.

❌ It is not a thread for:

* Comments that aren't related to monkeypox.
* Trolling or baiting other users.
* Shitposting, brigading or excessive Meta discussion.
* Any other kind of toxic or unreasonable behaviour.

The moderation team will **remove** comments that violate those rules and **ban** persistent offenders.

Please report comments you think that break such rules, but more than anything else, **remember the human**. The Internet is full of places to discuss the disease in bad faith. This community tries to be an exception.",5,5,1,2022-07-29 07:18:09,"en",0.0256721494443602,"neutral",5,"post","Fears of mpox resurgence or endemicity, debates over vaccine strategies, and critiques of global disparities in outbreak response.","Resurgence fears, global disparities"
"r/monkeypoxpositive","https://www.reddit.com/r/monkeypoxpositive/comments/wan8wy/how_much_ibuprofen_and_tylenolparacetamol_can_i/","How much ibuprofen and Tylenol/paracetamol can I take?","I’m in excruciating pain I can’t sleep. Im on tramadol, and also took paracetamol 650 mg 2 hours ago. When can I take ibuprofen and how much in a day?",8,8,1,2022-07-28 22:23:33,"en",-0.19135884484692,"negative",5,"post","Fears of mpox resurgence or endemicity, debates over vaccine strategies, and critiques of global disparities in outbreak response.","Resurgence fears, global disparities"
"r/monkeypoxpositive","https://www.reddit.com/r/monkeypoxpositive/comments/waegcx/do_you_think_that_microtears_from_shavingwaxing/","Do you think that microtears from shaving/waxing might make infection more likely?","Thinking about the pathophysiology I wonder if this might impact transmission at all.",13,13,1,2022-07-28 16:32:19,"en",-0.0485362671697076,"neutral",8,"post","Scientific/policy debates on mutations and reinfection, stigma’s role in public perception, and advocacy for marginalized groups amid systemic gaps.","Mutations, reinfection risks"
"r/monkeypoxpositive","https://www.reddit.com/r/monkeypoxpositive/comments/wa17r2/monkeypox_lesions_on_anus_very_pussy_and/","monkeypox lesions on anus, very puss-y and extremely painful, I'm so lost I don't know what to do please give me any recommendations. I am in Canada",NA,50,50,0.96,2022-07-28 05:35:07,"en",-0.23420766379128,"negative",8,"post","Scientific/policy debates on mutations and reinfection, stigma’s role in public perception, and advocacy for marginalized groups amid systemic gaps.","Mutations, reinfection risks"
"r/monkeypoxpositive","https://www.reddit.com/r/monkeypoxpositive/comments/wa8uxz/has_anyone_mpx_used_sarracenia_purperia_purple/","Has anyone MPX+ used Sarracenia Purperia (Purple Pitcher Plant Extract)?","For reference, this is Purple Pitcher Plant extract, and anecdotally was used by the Native Americans for smallpox treatment. Scientifically, it has been shown to stop orthopox virus replication:

https://www.ncbi.nlm.nih.gov/pmc/articles/PMC3302891/

I got my vax on 7/16, I have been taking the extract since a few days before then as there have been many parties with skin on skin contact (unavoidable). Wondering if anyone else here is taking the extract, if they have gotten sick while taking it, or if it has mitigated symptoms after starting it?

I am almost out of vial #1 but ordered vial #2, my theory here is that infection + severity rely on 1) initial viral load, 2) antibody response, 3) any other meds or substances that inhibit viral replication. With two weeks-post shot 1 approaching, my antibody response is building but I am using the extract because it also apparently helps stop viral replication, so as the antibody response may not yet be sufficient, that is also necessary, and I will continue taking the tincture until two weeks after shot #2. 

PS, it actually tastes.... interesting if not good?",12,12,0.93,2022-07-28 12:38:00,"en",-0.227990292405881,"negative",8,"post","Scientific/policy debates on mutations and reinfection, stigma’s role in public perception, and advocacy for marginalized groups amid systemic gaps.","Mutations, reinfection risks"
"r/monkeypoxpositive","https://www.reddit.com/r/monkeypoxpositive/comments/wa6q5g/to_those_going_through_it_and_those_that_are/","To those going through it, and those that are worried","Like many on here, I’ve been really worried about a recent encounter and the anxiety can really take over, quickly followed by loneliness. 

Seeing those that are going through it and helping others by posting their experiences.. thank you! ❤️ It’s people like you that are a credit to communities like Reddit and the real world. By sharing your experiences you are truly helping so many.

I’ve noticed this sub’s members are rapidly increasing, indicating the amount of people who are currently going through it or worried they are about to go through it. Please keep your head up, you’re not alone and just know that this time next year this will just be a distant memory. 

A couple of questions for the sub, in a bid to help others:

1) Those that are currently (or have been) through monkeypox, what are your tips and tricks for when you’re feeling low?

2) Those that are anxious about a potential encounter, worrying every itch/ache is a symptom, what are your tips and tricks for when you’re feeling low?

Keep positive and know that others are here 💜",14,14,1,2022-07-28 10:53:34,"en",-0.0147217731069028,"neutral",3,"post","Post-peak concerns include declining cases, lingering public health challenges (e.g., misinformation, isolation fatigue), and scientific analyses of mutations/long-term impacts.","Post-outbreak issues, mutations"
"r/monkeypoxpositive","https://www.reddit.com/r/monkeypoxpositive/comments/w9wdgj/how_long_does_the_proctitis_last/","how long does the proctitis last","For people who have recovered and had proctitis with their mpx, how long did this last? Did you have alot of bleeding also?",6,6,1,2022-07-28 01:37:48,"en",-0.0922698564505272,"neutral",8,"post","Scientific/policy debates on mutations and reinfection, stigma’s role in public perception, and advocacy for marginalized groups amid systemic gaps.","Mutations, reinfection risks"
"r/monkeypoxpositive","https://www.reddit.com/r/monkeypoxpositive/comments/w9f6uq/we_need_to_have_a_conversation_about_selling/","We need to have a conversation about selling things here.","I’m seeing a ton of products for sale or being advertised in this and similar subs. The mods need to take a really close look at this and decide if this is what the community wants. I’m seeing everything from illegally advertised products, gray market products, online monkeypox saliva tests that are not validated and non diagnostic. You name it, there are posts about it.


I don’t want to stifle the work of people trying to help each others here, but maybe the direct links to products or suggesting gray market or black market therapies shouldn’t be encouraged here. Some of this stuff does not work. Some of the recommendations I’ve seen may worsen disease. Some can be dangerous. Some will probably help. But this is not a medical sub, and people are casually throwing out a lot of concerning therapy ideas here.",27,27,0.94,2022-07-27 13:45:20,"en",-0.0857857438646752,"neutral",3,"post","Post-peak concerns include declining cases, lingering public health challenges (e.g., misinformation, isolation fatigue), and scientific analyses of mutations/long-term impacts.","Post-outbreak issues, mutations"
"r/monkeypoxpositive","https://www.reddit.com/r/monkeypoxpositive/comments/w905nd/my_monkeypox_journey_painful_but_16_days_total/","My Monkeypox Journey (Painful, but ~16 days total journey with no remaining evidence of infection)","**(Please if you share this, link to this post as I am CONSTANTLY adding more to it).**

This post is SUPER long, it contains:

1. Day-by-day symptoms and some narrative
2. My Personal Thoughts (If you make it that far **😍😂👍)**
3. My actual positive Monkeypox lab test result
4. The insurance billing of my visit + test
5. The Department of Public Health's guidance provided to me after testing positive
6. My Isolation Order served by the county
7. My Release Notice from the county

&amp;#x200B;

&amp;#x200B;

&amp;#x200B;

**Monkeypox Journey**

Unknown exposure with no notice of potential exposure(s) estimated between 6/25/22 and 7/6/22. I am in West Hollywood, California, USA and live a very social life including bars, clubs, gyms, restaurants, work. I am 33 years old, homosexual, quite healthy, and have not traveled nor had any random sexual encounters for at least 21 days prior to onset of symptoms. I had sex only once during 5-21 incubation period with my ex-boyfriend who has no sickness prior and throughout my Monkeypox case he has not had any symptoms, he has been vaccinated (after). This is likely communal spread and not sexual spread. The last time I had sex, I was the top (insertive) with my ex with condom usage, but still my genital monkeypox lesions were anorectal and not penile.

Day 1 – Exhaustion, slept for 12 hours. Periodic headaches for days prior which is abnormal for me

Day 2 – Further exhaustion, slept for 14 hours, began getting chills, right inguinal lymph node swollen about size of blueberry, 5-7mm. Rectal area is randomly itchy/tingly.

Day 3 – Maximum exhaustion, extreme chills, night sweats, same groin lymph node now size of cherry, 9-14mm, took a COVID at home test to be sure, negative result. Rectal area continues to be itchy and tingly.

Day 4 – Slightly less exhaustion, now very low fever, noticing some lesions around rectum, painful defecation. Suspecting this is an STD I contact my doctor wanting a full STD screen. Anorectal symptoms appear similar to herpetic or syphilis type lesion formation

Day 5 – sleeping for 10 hours now, low fever (100.2°F-101.6°F), now a small lesion near belly button and on rear of neck skin slightly redder than normal, anal lesions are now looking like inflamed mosquito bites and have a slight itchy stinging sensation but not perpetually itchy as a mosquito bite would be, they are only itchy when touched. Difficult to sleep.

Day 6 – No more chills now feeling slightly warm all the time, now there are 3 more lesions on scalp hidden by hair, one on left thigh, one on upper center forehead at hairline, one on left cheek. Anal lesions are now painful, and defecation now feels like pushing glass out. Sleep is actually impossible. Trying to fall asleep while the sensation of a massive thorny object is lodged in my rectum and slowly getting larger over the hours with each heartbeat. There is now an ulcer like lesion in my mouth kind of near the lip. It is not painful which is shocking to me. The ulcer is white in appearance similar to a canker sore and about 2mm wide with minor concavity. The mouth ulcer has no pain reactivity to spices, vinegars, sugars, salts, or water.

Day 7 – Still feeling warm, defecation continues to feel like pushing glass out. Sleep is very difficult now but no longer tired or seeking more rest. Anorectal pain is constant; sneezing, laughing, swallowing, coughing all hurts anal area. I cannot stress enough that it is impossible to sleep, Tylenol not accomplishing more than 10% of pain management. Additional lesions are on right shin, another on abdomen, one on right armpit, rear of left thigh. There is now an additional mouth lesion/ulcer on my lower lip inside, but the original mouth lesion/ulcer is almost healed after only a day.

Day 8 – First day of no new lesions, some lesions are now beginning to scab. It seems like the ones that erupted first are the first to scab over. Doctor provides a video call visit, looks at some of the body and face lesions, says it is likely herpes or Molloscum Contagiosum (totally in the pox family), and I should go to an urgent care and they will refer me to an infectious disease specialist. Both mouth lesions miraculously healed and there is no sign of them today. Inguinal lymph node swelling is now smaller.

Day 9 – Anorectal pain seems to be subsiding except when defecating pain persists. Now most lesions are no longer leaking anything, anal ones appear to still be leaking. Sleep is now possible after what was nearly 4 days of no sleep. Skin is no longer reddish and body temp is normal again. I visit an urgent care, let them know that despite my primary not thinking it is monkeypox, please know this is what I suspect it is so caution should be taken. They provide me a separate entrance and all staff are in full PPE including face shield, bubble overhead, covered shoes, all like medical beekeeper suits. They inspect lesions and take note of all symptoms. Full STD panel labs are blood drawn, prescriptions for valtrex(Valacyclovir), doxycycline are given empirically along with injection to treat gonorrhea, chlamydia, herpes; just in case. 4 swabs are performed on lesions and are being sent to quest diagnostics ortho-pox testing and the department of public health is notified of a suspected case.

Day 10 – Anorectal pain is down to levels that Tylenol could take care of, noticed one more lesion on scalp but may have missed that one earlier. Still crying in pain during defecation, but not scared to eat anymore. Inguinal lymph node is now no longer tender nor swollen.

Day 11 – Anorectal pain is a lot during defecation but now almost unnoticeable otherwise. Sores are beginning to heal very quickly. About 25% of the sores now just look like healing pimples, 50% are scabs, the last 25% are still slightly wet sort of like popped mosquito bites. The first sore to appear is now not noticeable asides from slightly darker than the surrounding skin (rear neck). Impressively the one that was on my forehead and looking to be a concern if it was going to heal or scar is healing very rapidly since yesterday.

Day 12 – Sleeping habits are normal, department of public health calls to wake me up to tell me my test came back positive for Monkeypox West African Clade. Contact tracing call took 2 hours to discuss symptoms, possible infection vectors, people I may have exposed before I realized this was not an STD or a cold and go over when my isolation should have begun and when it can be over. 50% of lesions are healed to a point that a small amount of concealer would be sufficient to cover them as they are no longer scabs or broken skin. The other 50% are still scabs. Anorectal pain is minimal now. Alerting all friends and coworkers by contacting them to expect a call from the department of public health to alert them of potential MPX exposure along with giving them information so that they can get vaccinated ASAP. STD tests for Chlamydia, Gonorrhea, Herpes 1+2, HIV, came back negative.

Day 13 – All lesions are scabbed or healing with new skin underneath. These heal faster than pimples and I project that all will perfectly heal with no scarring. Anorectal pain is minimal.

Day 14 – Last scab has fallen off.

Day 15 – Healing continues

Day 16 – Served order to isolate. But as all lesions have lost their scabs and new skin is present, requested that the isolation order be canceled. My dozens of friends I hung out in public settings with have alerted me that contact tracing and the department of health have now started vigorously contacting them via phone, text, email, letter, and in person service to their addresses. In order to get released from my isolation order I've been asked to send in photos of various lesions or where they were.

Day 17 – Still to this date no one I contacted regarding contact exposure is exhibiting symptoms and dozens of them are now vaccinated as a precaution. My Department of Health case manager is asking for photos of my healing process with more detail to share with the doctor to verify my healing and documenting my homeopathic care which seemed to be helpful. Defecation with no pain literally is making me smile while I poop. An hour and a half after sending the last set of photos, I have received the legal release from my isolation order today!

&amp;#x200B;

&amp;#x200B;

&amp;#x200B;

**My Thoughts\~**

Although the chances that I got it from sex and making out with my ex are probable, he never had any symptoms and got vaccinated during my monkeypox case. Since he never had any symptoms or lesions, he will not be able to test positive for this and he would have been an asymptomatic carrier, which there is little to NO information/data about. I must partially assume that this disease was conveyed to me through communal spread being that the bulk of the lesions and problems were rectal in nature for myself, and the only instance of sexual contact didn't happen to use my anus (that time).

This disease was awful and due to its localization, it was the most painful experience I have ever endured. I did have options to take opioid pain killers but the side effects including constipation and hardening of stool was terrifying to me, so I didn't go that route.

As the symptoms went on; I went from thinking I had the following problems in this order, anal warts, cancer, syphilis, herpes, monkeypox. It was ultimately all the social media posts regarding the symptoms and the spread seeming to be rampant in my locale that gave me clues to that this might be monkeypox. Even when pursuing this as a suspected monkeypox case, my PCP did not think so. They literally told me that no one gets monkeypox and it is just a media circus. That I probably have an STD and should go to my sexual health clinic or an urgent care. Urgent care really only knew what I already knew about monkeypox but was kind enough to take this seriously and treat me for STDs (despite no lab proof yet that I had any) and submit to the county and CDC that this is potentially a monkeypox case. I can't thank the urgent care that I went to enough. If they didn't do this, I probably would have resolved my lesions before the next step to get tested and then I would never have known this was monkeypox.

For the first 5 days of symptoms (not including the headache days) I did live my life somewhat normally and since I had no idea that this was monkeypox I sincerely hope I didn't spread it to anyone during that phase of this. At the time of this post, none of my friends, roommate, coworkers have symptoms and many of them are getting vaccinated through the contact tracing case manager assigned to me.

I also have what many are calling a mild case despite this being the most painful experience I ever have had in my life. I took a pillow with me to the bathroom every time I needed to defecate (which was often since the area was so irritated). I would hug and squeeze the pillow while trying to poop and bite into it to dampen my screams of pain. I once woke up on the ground in my bathroom because I must've fainted from the pain, and I have a VERY high pain threshold.

I do not wish this disease on anyone. Please get vaccinated if you believe in science and also that you have any possibility of getting this disease. The vaccine is \~85+% effective but takes 2 doses and around 60 days to gain that protection.

My advice is managing the pain, get as much rest as you can, let your support network know what you are going through and know that you will get through it. There IS a light at the end of this hellish and painful tunnel. The death rate of this disease in developed nations is truly almost zero. When you have lesions, try not to scratch them, wash your hands SUPER often, put a towel down to sleep on if you're sweating like I did so you limit your contamination to easily washable things, wash on HOT. When there is pus coming out, let it leak a bit and allow it to dry (every single one that dried up healed faster than the ones that I kept wiping the crust off of). After it is dried out or ""umbilication"" occurs, apply moisturizer often to them, I used vitamin E oil as well. Once you are going out into the world after being released, apply a good sunscreen on the areas that lesions once were. When done, do a full sanitization of your house, wash your bedding and everything all at the same time or same day, do not cross contaminate your sanitized textiles/linens with the contaminated ones. Assume EVERY lesion you see on others in contact with you as potential monkeypox and let them know you were positive, and they should get vaccinated if they can.

With some luck we can limit this thing's spread and sadly, keep it mostly in the gay community; that is confine it where it has been and eradicate it before it takes hold in every other community.  I'm not sure if society will take notice of it, but if our collective fear and compassion gets most of us vaccinated before it seeps out into other communities; we will have been the wall that protects the world from this becoming an endemic. At the moment testing and vaccinations (at least in NY and CA seem to be covered by the state, so as long as you don't end up with a severe case and needing a doctor, the financial problems of this will be limited. I do worry greatly about that most will need to Stay At Home for 2-4 weeks which could be absolutely decimating with regards to job, money, food, sanity. So please take care of each other. I was fortunate that my team at work all stepped up and held the fort down while I was out.

**This fucking sucked. Feel free to comment on this all and I'll try to keep adding things as I see fit. For personal questions or more private comments please send me a private message.**

\- J.S.

&amp;#x200B;

&amp;#x200B;

&amp;#x200B;

**Lab Result of positive test:**

* Date of Report: 07/21/2022 11:14:00
* Specimen ID: REDACTED
* Date Ordered: 07/19/2022 17:22:00
* Date Received: 07/20/2022 02:05:00
* Report Status: FINAL
* MONKEYPOX VIRUS DNA, QL REAL TIME PCR
* \-- ORTHOPOXVIRUS DNA, QL PCR DETECTED \*A\* F
* \-- MONKEYPOX VIRUS DNA, QL PCR DETECTED \*A\* F
* This specimen is positive for Monkeypox virus (West African clade).

REFERENCE RANGE: NOT DETECTED

The Monkeypox Virus DNA Real-time PCR is intended for the qualitative detection of non-variola Orthopoxviruses and Monkeypox virus (West African clade) DNA using swabs from human pustular or vesicular rash specimens. These results must be used in conjunction with clinical observations and epidemiological risk factors.

This test was developed and its analytical performance characteristics have been determined by Quest Diagnostics. It has not been cleared or approved by the U.S. Food and Drug Administration. This assay has been validated pursuant to the CLIA regulations and is used for clinical purposes.

&amp;#x200B;

&amp;#x200B;

&amp;#x200B;

**Urgent Care visit + Lab Insurance Claim (Blue Shield of CA Trio Gold 80 HMO)**

Claim summary (finalized)

* Amount provider billed: $355.00
* In network savings: -$355.00
* Paid by Blue Shield: $0.00
* Patient's responsibility: $0.00

Services provided

* Specimen handling office-lab Amount provider billed: $5.00
* Office/outpatient established mod mdm 30-39 min Amount provider billed $245.00
* Therapeutic prophylactic/dx injection subq/im Amount provider billed$55.00
* Injection ceftriaxone sodium per 250 mg Amount provider billed $50.00

&amp;#x200B;

&amp;#x200B;

&amp;#x200B;

**Department of Public Health guidance that was provided to me after I tested positive:**

The following instructions are for people who have monkeypox but do not require hospitalization and may be isolated at home using protective measures.

Duration of isolation

For individuals with monkeypox, isolation precautions should be continued until all lesions have resolved, the scabs have fallen off, and a fresh layer of intact skin has formed.

The monkeypox virus can spread through contact with body fluids, monkeypox sores, items that have been contaminated with fluids or sores (clothing, bedding, etc.), or through respiratory droplets following prolonged face-to-face contact.

Isolation

* Do not be close to or in physical contact with other people • Isolate in a room or area separate from other family members, roommates, and pets.
* Do not leave the home except for follow-up medical care.
* Do not allow non-essential home visits.
* Avoid contact with animals, including pets as some animals can get monkeypox. Other household members should care for pets when possible.

PROTECTING OTHERS

Follow the steps below to help prevent the disease from spreading to people in your home and your community.

Use of Personal Protective Equipment

* Persons with monkeypox should wear a surgical mask, especially those who have respiratory symptoms (e.g., cough, shortness of breath, sore throat). If this is not possible (e.g., a child with monkeypox), other household members should consider wearing a surgical mask when they are around the person with monkeypox.
* Disposable gloves should be worn for direct contact with lesions and disposed of after use.
* Skin lesions should be covered to the best extent possible (e.g., long sleeves, long pants) to minimize risk of contact with others.
* Others should avoid direct contact with contaminated waste (e.g., dressings and bandages).

Hand Hygiene and Cleaning

* Wash your hands often and thoroughly with soap and water or use of an alcohol-based hand rub. Infected persons and household contacts should perform hand hygiene after touching lesion material, clothing, linens, or environmental surfaces that may have had contact with lesion material.
* Laundry (e.g., bedding, towels, clothing) may be washed in a standard washing machine with warm water and detergent; bleach may be added but is not necessary. Soiled laundry should not be shaken or otherwise handled in a manner that may disperse infectious particles.
* Do not share dishes and other eating utensils. It is not necessary for the infected person to use separate utensils if properly washed. Dishes and eating utensils should be washed in a dishwasher or by hand with warm water and soap.
* Contaminated surfaces should be cleaned and disinfected. Standard household cleaning/disinfectants may be used, follow all manufacturer directions for use.

&amp;#x200B;

&amp;#x200B;

&amp;#x200B;

**Isolation Order: (I have removed all personal details)**

**COUNTY OF LOS ANGELES DEPARTMENT OF PUBLIC HEALTH**

ISOLATION ORDER FOR THE CONTROL OF MONKEYPOX

The California Health and Safety Code gives the County of Los Angeles Health Officer (Health Officer) authority to issue this Health Officer Order (Order) to protect the public’s health.1 The Health Officer hereby orders (“You” and persons subject to this Order) to be isolated in your home, a hospital, or another isolation facility designated in this Order and to comply with the directions listed below to prevent the spread of monkeypox, a rare contagious disease.

**DURATION OF THE ORDER**: You must follow the directions in this Order until the Health Officer has determined that you are no longer infectious (at risk for spreading monkeypox). This Order is in effect until rescinded by the Health Officer in writing.

**REASON FOR THE ORDER**: You are subject to this Order because it was determined that you have or are very likely to have monkeypox. If monkeypox spreads, it can have serious public health consequences.

**ABOUT MONKEYPOX:** Monkeypox is a rarely occurring disease that is caused by infection with the monkeypox virus. Monkeypox is usually found in Central and West Africa and doesn’t occur naturally in the U.S. or Europe. Currently, in 2022, however, there have been multiple clusters (groups) of monkeypox cases recently reported in countries that don’t normally have monkeypox activity, including the United States.

Monkeypox virus can spread when a person comes into contact with the virus from an infected animal, infected person, or materials contaminated with the virus. It spreads between people primarily through direct contact with infectious sores, scabs, body fluids, and objects, such as clothing or bedding, that were contaminated with bodily fluids or the sores or scabs of a person who was sick with this disease. It can also be spread by respiratory secretions during prolonged, face-to-face contact. Monkeypox can spread during intimate contact between people, including during sex, as well as activities like kissing, cuddling, or touching parts of the body with monkeypox sores or scabs. At this time, it is not known if monkeypox can spread through semen or vaginal fluids.

In other parts of the world where monkeypox occurs, people can be exposed by being bitten or scratched by rodents and small mammals, preparing wild game, or having contact with an infected animal or animal products.

While monkeypox is usually mild, it can sometimes lead to severe illness and death. It usually begins with flu-like illness such as fever, chills, and body aches, as well as swelling of the lymph nodes. It typically progresses to a rash on the face and body, usually 1-3 days after the fever starts. In some cases, people just develop a rash or a rash with swollen lymph nodes, and the rash can occur on the genitals and perianal area. Most infections last 2-to-4 weeks. A person is considered infectious from onset of symptoms until the lesions from the rash have completely resolved and a fresh layer of healthy skin has formed underneath.

Most individuals infected with monkeypox virus have a mild, self-limiting disease (tends to go away on its own) that does not require treatment aside from supportive care (treatment focused on easing the symptoms of the illness). For persons with severe disease, investigational treatments may be recommended.

For more information on monkeypox, please see our FAQs:

[www.ph.lacounty.gov/acd/docs/MonkeypoxFAQ.pdf](http://www.ph.lacounty.gov/acd/docs/MonkeypoxFAQ.pdf)

**REQUIREMENTS: Starting now, you must follow the directions in this Order until the Los Angeles County Department of Public Health determines that you are no longer at risk for spreading monkeypox.**

* Stay in the place of isolation that is specified on Page 1 of this Order until you are released from this Order. Do not leave this place of isolation except to receive necessary medical care, unless the Health Officer gives you written permission to do so.
* If you’re isolating outside of your home, in a hospital or other isolation facility, cooperate with the authorities at that facility.

This hospital or other facility is required to receive and hold you under isolation under this Order until it is cancelled by the Health Officer in writing.

* Do not be close to or in physical contact with any person other than: Department of Public Health representatives, medical care providers, members of your household who are also isolated, and/or persons who were cleared by the Department of Public Health.
* Avoid all contact with people who can have severe complications from monkeypox, including children who are under eight years of age, pregnant or breastfeeding women, and anyone who may have a weak immune system (e.g., people with HIV, people who are taking steroids, or people who are taking medications that can suppress the immune system).
* Do not use public or commercial transportation, including buses, taxicabs, carpools/ride-shares (e.g., Uber and Lyft), airplanes, ships, trains, or other forms of transport.
* Reschedule all appointments, except for urgent medical appointments. If you need help rescheduling, call the Public Health Nurse with whom you’re working. If an appointment cannot be rescheduled, you must obtain permission from the Public Health Nurse before going to that appointment.
* If you must go to an urgent medical appointment, before you go to the office or facility, call and inform them that you have monkeypox, so they can make arrangements to prevent you from exposing others.
* If you must move (temporarily or permanently) out of your place of isolation, tell the Public Health Nurse you’re working with before you leave.
* Do not share items such as bedding, clothing, or towels that have had contact with your skin.

If you fail to comply with this Order, the Health Officer may take more action(s) to protect the public’s health, which may include civil detention (i.e., requiring you to stay at a medical facility or another site that that the Department of Public Health identifies until you are released from the Order)2 or issuing an administrative citation (fine).

If you have any questions about this Order, please call the Los Angeles County Department of Public Health at (REDACTED, this is my case manager's phone, email, address) . If you object to the conditions of this Health Officer Order, you or your legal representative may contact the Department of Public Health at (323) 659-6144 to schedule an informal hearing.

AUTHORITY

Section 120130 of the California Health and Safety Code, in pertinent part, reads as follows: “The health officer may require isolation (strict or modified) or quarantine for any case of contagious, infectious or communicable disease when this action is necessary for the protection of the public health.”

Section 120175 of the California Health and Safety Code reads as follows: “Each health officer knowing or having reason to believe that any case of the diseases made reportable by regulation of the department, or any other contagious, infectious or communicable disease exists, or has recently existed, within the territory under his or her jurisdiction, shall take measures as may be necessary to prevent the spread of the disease or occurrence of additional cases.”

Section 120215 of the California Health and Safety Code reads as follows: “Upon receiving information of the existence of contagious, infectious, or communicable disease for which the department may from time to time declare the need for strict isolation or quarantine, each health officer shall: (a) Ensure the adequate isolation of each case, and appropriate quarantine of the contacts and premises. (b) Follow local rules and regulations, and all general and special rules, regulations, and orders of the department, in carrying out the quarantine or isolation.”

Section 120220 of the California Health and Safety Code reads as follows: “When quarantine or isolation, either strict or modified, is established by the health officer, all persons shall obey his or her rules, orders, and regulations.”

Section 120225 of the California Health and Safety Code reads as follows: “A person subject to quarantine  or strict isolation, residing or in a quarantined building, house, structure, or other shelter, shall not go  beyond the lot where the building, house, structure, or other shelter is situated, not put himself or herself in  immediate communication with any person not subject to quarantine, other than the physician, the health  officer or persons authorized by the health officer.”

VIOLATIONS

Section 120275 of the California Health and Safety Code reads as follows: “Any person who, after notice, violates, or who, upon the demand of any health officer, refuses or neglects to conform to, any rule, order, or regulation prescribed by the department respecting a quarantine or disinfection of persons, animals, things, or places, is guilty of a misdemeanor.”

Section 120290 of the California Health and Safety Code reads as follows: “Except as provided in Section 120291 or in the case of the removal of an afflicted person in a manner the least dangerous to the public health, any person afflicted with any contagious, infectious, or communicable disease who willfully exposes himself or herself to another person, and any person who willfully exposes another person afflicted with the disease to someone else, is guilty of a misdemeanor.”

PENALTIES

Section 120295 of the California Health and Safety Code reads as follows: “Any person who violates Section 120130 or any section in Chapter 3 (commencing with Section 120175, but excluding Section 120195), is guilty of a misdemeanor, punishable by a fine of not less than fifty dollars ($50) nor more than one thousand dollars ($1,000), or by imprisonment for a term of not more than 90 days, or by both. He or she is guilty of a separate offense for each day that the violation continued.”

Section 19 of the California Penal Code reads as follows: “Except in cases where a different punishment is prescribed by any law of this state, every offense declared to be a misdemeanor is punishable by imprisonment in the county jail not exceeding six months, or by fine not exceeding one thousand dollars ($1,000), or by both.

&amp;#x200B;

&amp;#x200B;

&amp;#x200B;

&amp;#x200B;

**RELEASE NOTICE**

Effective the date of this notice, any requirements and restrictions imposed on you by the Health Officer, voluntary or involuntary, related to the Health Officer Order issued on have been met and are removed.  The County of Los Angeles Department of Public Health thanks you for your cooperation during this period.

&amp;#x200B;

**This fucking sucked. Feel free to comment on this all and I'll try to keep adding things as I see fit. For personal questions or more private comments please send me a private message.**

\- J.S.",110,110,1,2022-07-27 00:39:39,"en",-0.0418060462361277,"neutral",2,"post","Debates center on mpox spread among MSM, vaccine access challenges, and comparisons to COVID-19, alongside personal symptom accounts and frustration with public health failures.","MSM focus, vaccine inequity"
"r/monkeypoxpositive","https://www.reddit.com/r/monkeypoxpositive/comments/w8xgwq/are_their_any_women_also_going_this_or_have_gone/","Are their any women also going this? Or have gone thru it?","I haven’t heard of any women who have or have had this virus. I just need some help from a women who can relate to me. I currently have one sore on my vagina that is painful and just keeps getting bigger and bigger.I have other pimples on my face and chest idk if they are monkeypox or just break out from the heat. I’m going to assume they are mpox, also have fever and today started having diarrhea. I’m weak and don’t have energy for anything. Any advice on how to help myself? Thank you 🙏🏻",48,48,0.96,2022-07-26 22:42:28,"en",-0.0948450929285722,"neutral",7,"post","Cross-border spread of strains, personal accounts of severe symptoms, and critiques of institutional response delays and inequities.","Cross-border spread, severe cases"
"r/monkeypoxpositive","https://www.reddit.com/r/monkeypoxpositive/comments/w8p8vx/how_on_earth_do_you_get_tested_if_you_arent_a_msm/","How on earth do you get tested if you aren’t a MSM [US]","Last week, I had two “bug bites” that were intensely itchy, one on my hip and one on my calf. Then I got a “pimple” on my chest. I got concerned when the bug bites scabbed over with a wheal developing. Each day, I get about 1-3 new bumps that look remarkably like chicken pox (already had as a child) and are very itchy. 

I’m a ciswoman. Not sexually active. No known contact with exposure or exotic animal. No other symptoms except maybe some body aches and low grade fever. No swollen lymph nodes. No bumps on my face, hands, or genitals. 

CDC and local health department recommend getting unexplained rashes checked out which makes sense. Local health department only lists 3 facilities in the state that do testing, only if you have a rash. 

I spent hours on the phone yesterday getting the runaround. Called a virtual doctor as I don’t have a PCP, they said if I wanted to be tested that I’d have to call the health department. I called the first facility listed for testing and get transferred to immunizations, infectious diseases, and the regular clinic in a seemingly never ending cycle. Because I didn’t get them from sex, they couldn’t help me and recommended I see a PCP. 

PCP appointment is booked out to the end of September or October.  

Miraculously, I was able to get an appointment with a PCP for the next day but they ended up canceling and recommended I contact the health department. Again. 

I called another clinic and was able to confirm a monkeypox test for tomorrow morning. Though I have great insurance, they do not accept it so I am responsible for 100% of cost. The nurse called me to get more information and said there’s a good chance that even if they took a sample and sent it in, the state may not test it because I don’t have risk factors. 

Why is it being ignored that it can be spread by other means? Why can’t I get tested? Should I have lied? This feels different and I feel like no one cares and it’s just all in my head. Maybe it is but can we rule out monkeypox?? I’d rather not be spreading it to my family and pets and the doctor office that I visit weekly for allergy shots. Shouldn’t we still care about mild cases spreading? Wouldn’t it be worth knowing that someone like me could get it without the risk factors and without exhibiting other symptoms besides the pox?

I’m so frustrated. So sick of the runaround.

Edit: what my bumps look like 🤷🏻‍♀️ I have 15+ of these at this point in various stages

https://imgur.com/a/LoF15Wu

**update**
Have at least one new mark today. The clinic is opting to send my swabs in for testing. I have minor body aches and have a low grade fever. Will update with results!

I was charged approximately $200 for this visit but I’m being billed so I don’t have the cost breakdown at the moment. My insurance is not accepted at this clinic and my income put me at 100% responsible for all costs


Edit: I have monkeypox",115,115,1,2022-07-26 17:11:24,"en",-0.0536910338233871,"neutral",8,"post","Scientific/policy debates on mutations and reinfection, stigma’s role in public perception, and advocacy for marginalized groups amid systemic gaps.","Mutations, reinfection risks"
"r/monkeypoxpositive","https://www.reddit.com/r/monkeypoxpositive/comments/w8yvmu/top_tips_from_those_who_are_over_this/","Top tips from those who are over this","Would be great to start a thread from “survivors” with their top tips of what to do / not to do and any product recommendations. 

One question I have is whether the pox should be covered with a plaster or not? Seems to be differing responses on this",16,16,1,2022-07-26 23:42:53,"en",0.19969790084333,"positive",3,"post","Post-peak concerns include declining cases, lingering public health challenges (e.g., misinformation, isolation fatigue), and scientific analyses of mutations/long-term impacts.","Post-outbreak issues, mutations"
"r/monkeypoxpositive","https://www.reddit.com/r/monkeypoxpositive/comments/w8ugay/where_to_buy_legal_very_effective_painkillers/","Where to buy legal, very effective painkillers without a script (Read First Before Removing, Please)","Hey everyone, 

I'm a straight guy, not sexually active. However, I suspect I and many other people will eventually contract this. So, I want to help others who currently have it. 

I read a post from someone who was traumatized by monkeypox and the physical and resulting mental anguish it causes. I also feel that person could have grounds to sue for medical malpractice, but that's for another post. 

THC is legal in a number of conservative leaning states that will withhold pain medication when you need it most. Delta 8 THC and HHC are likely legal in your state, if delta 9 THC (normal weed) is not. You have a few vendors you can choose from. I'd go with one that has CBD, CBN, CBC and other pain-killing cannabinoids. Here's one: [https://deltaalternatives.com/product/bulk-delta-8-hemp-distillate-batch-080/](https://deltaalternatives.com/product/bulk-delta-8-hemp-distillate-batch-080/)

You can eat that raw or mix it with milk. It will also soften stool/poop. I imagine that will help a lot of people. [Reddit.com/r/delta8](https://Reddit.com/r/delta8) will probably have more info.

You also have the option of going big or going home with legal oxycontin/kratom FST (full spectrum tincture) from Speciosa Specialists. You can actually nod out on this stuff. I can say from experience that it's stronger than Vicodin. I needed it after I hurt my back lifting weights and couldn't get a script. [https://speciosa.com/catalog/full-spectrum-alkaloid-tincture-300-mg-alkaloids-4-ml.html](https://speciosa.com/catalog/full-spectrum-alkaloid-tincture-300-mg-alkaloids-4-ml.html)

Be cautious that regular use can harden stool and make it more difficult to take a dump.

No one should have to suffer because of some doctor's religious or political beliefs, especially gay men. They have been picked on enough. This is not medical advice. I am only providing a population that is discriminated against the means to work around their oppressors, who in all likelihood want them to suffer as much as possible. This is not self-promotion. I seriously don't care what you do with this info and I really am only trying to help.

I certainly hope this post comes across as empathetic.",10,10,0.71,2022-07-26 20:39:42,"en",-0.0801436328362001,"neutral",3,"post","Post-peak concerns include declining cases, lingering public health challenges (e.g., misinformation, isolation fatigue), and scientific analyses of mutations/long-term impacts.","Post-outbreak issues, mutations"
"r/monkeypoxpositive","https://www.reddit.com/r/monkeypoxpositive/comments/w8tcfy/tingling_did_anyone_get_tingling_pins_and_needles/","Tingling? Did anyone get tingling / pins and needles feeling in skin as an early symptom?","Kind of like a prickly feeling, mainly in lower arms and lower legs?",10,10,1,2022-07-26 19:55:55,"en",-0.467804692306228,"negative",3,"post","Post-peak concerns include declining cases, lingering public health challenges (e.g., misinformation, isolation fatigue), and scientific analyses of mutations/long-term impacts.","Post-outbreak issues, mutations"
"r/monkeypoxpositive","https://www.reddit.com/r/monkeypoxpositive/comments/w8fd2l/scared_my_sores_might_be_getting_worsenot_healing/","Scared my sores might be getting worse/not healing? (Pictures in comments)","Hi guys. Spaniard here, so sorry in advance for any grammar mistakes/innacuracies.

I probably got infected on July 11th after an unprotected sexual relationship and noticed first bumps on the 18th. They were 7, all located in my genital area and under the glans. They were all ""normal looking"", as in filled with pus just like in the pictures you usually see on the Internet. I have since been officially diagnosed with MPX but here in Spain no specific treatment is prescribed apart from painkillers and antiseptics unless the sores are getting a secondary infection (like the pustules bleeding or something like that), in which case I was told a generic antibiotic would be given to me.

Last Thursday I noticed my genital area was getting swollen and on Friday I decided to go to the hospital as I'm uncut and I was struggling a bit to remove my foreskin in order to apply the antiseptic on my sores. I was told the swelling was normal and not to worry. However, in the last three days it seems my lesions are starting to leak out and I have frecuently found stains inside my underwear as if there had been some discharge from them. The swelling has subsidied a bit but there's still some and as you can see in the pictures even tho lesions seems to be a bit ""emptier"" now it looks like most have merged and a white crust has formed around them. Also, although there hasn't been any blood in discharge, you can see some in the center of the lesions.

I would like to know if anyone has gone through a similar process or if their lessions have looked anything like this as I fear this might be a sign of further infection. I have been scrolling this sub trying to find any case like mine but my search has not been successful so far :(",10,10,0.92,2022-07-26 09:36:44,"en",-0.0930521413896128,"neutral",2,"post","Debates center on mpox spread among MSM, vaccine access challenges, and comparisons to COVID-19, alongside personal symptom accounts and frustration with public health failures.","MSM focus, vaccine inequity"
"r/monkeypoxpositive","https://www.reddit.com/r/monkeypoxpositive/comments/w88jfz/positive_and_on_tpoxx/","positive and on tpoxx","The journey started last week when symptoms started to slowly come together. Went to the doctor on Thursday July 15. My doctor is a private practice specializing in gay men's health. I had what looked initially like an inflamed hemorrhoid and it itched pretty much all the time. They did the usual full std panel. I didn't have a fever or muscle aches but on this visit I pointed out my groin lymph nodes were slightly tender. Swelling was minimal but he could feel it. That night I woke up and the itch was on fire. I didn't have any tools yet so resorted to rubbing ice cubes on my ass hole while I was hunched over on the kitchen floor in the middle of the night. That calmed things down enough eventually to go back to bed but was restless most of the night. I called the next morning and he wrote a prescription for hydrocortisone cream and hydroxyzine. He also was starting to get concerned about the lymph nodes as that is not a symptom of hemorrhoids. He wanted me to try the public health clinic because up to now testing was faster through them. I did try Friday early afternoon but the clinic was unable to say if they could see me and their suggestion was just to wait around for up to 5 hours. I'll go on the record now and sat I've always kinda been suspicious of government run healthcare and this wasn't helping. Wrote back to my PCP and he says come back to the clinic he'll run the test but it could take up to 7 days to get results. So I enter the weekend with anti itch cream and a pharmacy grade benadryl. Friday night the itch gives way to pain. Saturday morning had a bowel movement and the pain during and for an hour after was really severe. Got through the day using my anti itch cream here and there. Went to bed and by Sunday the pain was was increasing exponentially. Called my PCP, who got back to me within 5 minutes of hanging up with the on call service. He rushes me a prescription for Vicodin. I pick this up from a chain pharmacy within 2 hours and it cuts the pain down from what feels like a steak knife in my ass to what I expect would feel like a bad fist job. I'm not into fisting so I'm guessing here. I take Vicodin every 4 hours to keep that steak knife feeling away. Throw in the hydroxyzine just for good luck which together is helping. Sunday I start to notice two skin lesions . Slept well on the Vicodin but still had to take a dose mid way through the night as it only seems to work for 4 hours. I'm concerned enough to brave going back to the public health clinic that opens at 7:30. I get there and the smart guys got there at 7 or before and the line was already wrapping hallways. I'm in line and PCP emails saying my test came back positive. Looks like commercial labs are accelerating testing finally and working the backlog even on the weekend . 7:30 turns to 9:30 before I'm sitting in a room. Nurse asks if I'm there for the vaccine. I say no I just got a positive test result I'm here for treatment. Treatment? She says, positive result? She runs out then pops her head in one last time and says answer the phone when it rings. Phone rings 20 minutes later saying the rest of the consultation will be over the phone. Lots of calls, and complaints about the paperwork over TPoxx antiviral turns into 11:30.  Finally a Dr comes in full PPE to have me sign the consent documents. More time passes and it's almost 1pm. The pharmacy is still working on paperwork they say I'll get a call when it's ready. Went home and caught up on some work and finally got a call at 3:30. By 4 I finally had the tpoxx in my possession. While my experience is not as bad as the guys who had this in June, we are two months into this thing and still there is confusion and disorganization. PCP let's me know they got the vaccine today also. Sad thing is I had asked about it on June 28 and the government was still hoarding vaccine and not releasing it. I guess if I had gone celibate and waited on the vaccine I wouldn't have had to go through this. I'm super careful and take prep, do doxy pep when the situation warrants, get tested all the time, and get every vaccine available and this one just wasn't available when I needed it most. Be safe out there. Go get the vaccine...it is starting to finally become available without having to wait forever at a public health clinic.",15,15,1,2022-07-26 03:10:47,"en",0.0116995320554529,"neutral",5,"post","Fears of mpox resurgence or endemicity, debates over vaccine strategies, and critiques of global disparities in outbreak response.","Resurgence fears, global disparities"
"r/monkeypoxpositive","https://www.reddit.com/r/monkeypoxpositive/comments/w8fv3q/24_days_post_possible_exposure_still_a_risk/","24 days post possible exposure, still a risk?","MSM and had sex 24 days ago (no idea if he was MPox positive, did not notice any lesions).

In past 2 days I have got a couple of acne-looking pimples on my butt and back but they look like normal acne and have not changed.  Also (more worryingly) I have some minor anal discomfort but I can't see anything on inspection and I am pretty sure it is my fissure flaring up due to the immense stress and anxiety I have been having (I have bad health anxiety at the best of times). Also having night sweats but again I think it's anxiety, as I've had those before when I'm having an anxiety flare up. No other symptoms except loss of appetite (constantly checking my temp and lymp nodes and neither have been up).

I'll keep monitoring the anal discomfort and pimples (one has got smaller) but given the typical incubation periods for MPox does it sounds like I am worrying over nothing at this stage? Or should I continue to isolate; there is no way I will be having sex or skin-to-skin contact but I do not want to pass this on in public setting ---  meant to be travelling tomorrow so freaking out!  It's too late for me to get a test as results where I am based take 7-10 days.",6,6,1,2022-07-26 10:06:41,"en",-0.200210259160992,"negative",2,"post","Debates center on mpox spread among MSM, vaccine access challenges, and comparisons to COVID-19, alongside personal symptom accounts and frustration with public health failures.","MSM focus, vaccine inequity"
"r/monkeypoxpositive","https://www.reddit.com/r/monkeypoxpositive/comments/w7wsu7/partner_tested_positive_pic_in_comments/","Partner tested positive. Pic in comments","A Guy I have sex with off and on called to show me some sores he developed last week. One on the shaft on his penis and the other one on his balls. He has NO other symptoms. We both went to get tested right away. They couldn’t test me b/c I didn’t have any sores but I showed them what I thought was an ingrown hair at the time(they agreed it looked like just an ingrow plus I just shaved).. now it’s like a blister the size of my thumb a few days later(kept squeezing tf out of it see if it would pop). I went because I was really sore on the right side of my groin which I think are swollen lymph nodes. So this whole week I’ve been freaking out that it’s herpes.. and everyone in the herpes sub agreed with me that it’s probably herpes due to my symptoms (a painful blister on my vagina with clear liquid that comes out if I squeeze, milky discharge and swollen lymph nodes in goin. A bit feverish and just a bit tired) they said that’s how they felt with their first OB. But now I just found out that he tested negative for everything including herpes except monkeypox.. he tested positive for monkeypox. Which the doctor called it  right away saying he definitely thought he had monkeypox. Now I’m confused wether I have monkeypox or herpes. At the doctors now waiting to get tested. I’m going to post a pic in the comments of how my “ingrown hair” started/looked when it first appeared and how it looks now. Tell me what you guys think.",36,36,0.94,2022-07-25 18:46:18,"en",0.0959176234211759,"neutral",1,"post","Discussions focus on global mpox transmission concerns, public health responses (especially vaccine distribution and messaging), and stigma, with emphasis on LGBTQ+ communities and personal experiences of symptoms/issues.","Transmission, stigma, vaccines"
"r/monkeypoxpositive","https://www.reddit.com/r/monkeypoxpositive/comments/w84dnl/request_picturesdescription_of_early_lesion/","Request: Pictures/description of early lesion","Hey all, I was curious here if anyone has a picture or description of an early lesion, and any way you knew (or didn’t know) that it was different from a pimple.

I notice there’s more people coming to the sub in order to compare what they’re experiencing to what others have gone through, so thought this might be helpful. 

This guide from the CDC notes that lesions may be “deep seated,” which could be one way that a lesion is differentiated from something else. I was wondering if anyone has experienced that difference to be true.

https://www.cdc.gov/poxvirus/monkeypox/clinicians/clinical-recognition.html

Thanks, and be well!",12,12,1,2022-07-25 23:59:37,"en",0.194827669998005,"positive",6,"post","Emergence of high-risk mpox variants (e.g., Clade I), underreported global spread, and debates over containment strategies beyond MSM communities.","New variants, containment struggles"
"r/monkeypoxpositive","https://www.reddit.com/r/monkeypoxpositive/comments/w81y4y/worried_i_might_be_positive/","Worried I Might Be Positive","As the title suggests, I am incredibly anxious that I might have monkeypox after a hookup 5 days ago. He claims he doesn’t have it and has no visible symptoms but he could’ve transmitted it asymptomatically for all I know. 

My only symptoms have been a small perianal red pimple and some bumps on my tongue, but these have been enough to send me spiraling with fear and assuming the worst. 

I’ve reached out to a bunch of clinics nearby and secured a spot on the waiting list for a vaccine (not that it will do me much good at this point) and scheduled a test for tomorrow but I’m still freaking out.

I have pretty bad health anxiety and panic attacks ever since the start of the pandemic and I can never tell how much of my symptoms are “real” and how much is just from me worrying too much. I’ve barely eaten these last few days because of the worry, and I’m constantly looking at posts on this subreddit and general information on the internet about monkeypox which has mad my anxiety spike more. Feels like I’m trapped in a vicious cycle of fear and uncertainty. 

Any advice on how to navigate the uncertainty of this all psychologically, and prepare myself for the terrible fate that may yet come to pass?

Update: By some grace of god (not really, I’m atheist) my test came back negative. They did 4 swabs, 2 for two separate lesions, and nothing. I consider myself incredibly lucky and feel like a huge weight was lifted off my chest. I’m still wary and will watch for other symptoms in case it was a false negative (though I asked if that was a possibility and they said no) and will keep pushing to get the vaccine, but in the meantime I feel much less paranoid and panicked. Thank you to everyone on this subreddit for your kindness, support, and knowledge.",9,9,1,2022-07-25 22:14:57,"en",-0.211424972186298,"negative",9,"post","Sociopolitical reactions dominate, including stigma, naming controversies, and comparisons to past pandemics, alongside frustration with institutional mismanagement.","Stigma, naming debates"
"r/monkeypoxpositive","https://www.reddit.com/r/monkeypoxpositive/comments/w77jz4/any_anecdotal_cases_outside_of_sex/","Any anecdotal cases outside of sex?","I’m curious if anyone has heard of cases from friends or contacts of possibly getting it outside of sex? I’ve been avoiding going to the gym because I figure if there’s any place outside of sex that it could be transmissible is the gym or saunas. Not everyone wipes down the equipment and it sounds like the cleaning solutions needs to be stronger. Probably over cautious at the moment but waiting to see how cases develop over the next month before stepping back in.",56,56,0.98,2022-07-24 22:16:15,"en",0.140468872667796,"positive",8,"post","Scientific/policy debates on mutations and reinfection, stigma’s role in public perception, and advocacy for marginalized groups amid systemic gaps.","Mutations, reinfection risks"
"r/monkeypoxpositive","https://www.reddit.com/r/monkeypoxpositive/comments/w6zeba/difficulty_swallowing_throat_pain/","Difficulty Swallowing / Throat Pain?","Probable case here, waiting on my test results. 

I've only had one genital lesion so far, plus a scratchy and sore throat. However, the sore throat has recently gotten worse where it's now painful and difficult to swallow. It almost feels like there's a small lump or lesion at the very back of my throat. 

Anyone else experiencing this? How are you coping?",10,10,0.92,2022-07-24 16:21:45,"en",-0.264667828533215,"negative",9,"post","Sociopolitical reactions dominate, including stigma, naming controversies, and comparisons to past pandemics, alongside frustration with institutional mismanagement.","Stigma, naming debates"
"r/monkeypoxpositive","https://www.reddit.com/r/monkeypoxpositive/comments/w6r7s1/how_quickly_do_the_lesions_go_through_the_various/","How quickly do the lesions go through the various stages?","There is loads of info and pictures of the different stages the spots go through but how long does it usually take for a spot to move from stage to stage?

If you find what looks like a regular pimple, after how many days can you rest easy it’s not Monkeypox if it hasn’t changed/developed to include the pus etc?",7,7,0.9,2022-07-24 08:55:58,"en",0.155326732621993,"positive",5,"post","Fears of mpox resurgence or endemicity, debates over vaccine strategies, and critiques of global disparities in outbreak response.","Resurgence fears, global disparities"
"r/monkeypoxpositive","https://www.reddit.com/r/monkeypoxpositive/comments/w5k7zx/my_mpx_journey_711_1st_anal_lesion_712_2_more_714/","My MPX journey: 7/11: 1st anal lesion | 7/12: 2 more | 7/14: Spiked 104º, diarrhea | 7/15-17: Severe rectal pain (internal lesions), 20+ lesions all over my body | 7/18-21: Rash began, spread all over my body &amp; became lesions | FINALLY APPROVED FOR TPOXX! | 7/22: First dose of TPOXX. Wish me luck.",NA,138,138,0.97,2022-07-22 20:16:00,"en",0.172619938086693,"positive",1,"post","Discussions focus on global mpox transmission concerns, public health responses (especially vaccine distribution and messaging), and stigma, with emphasis on LGBTQ+ communities and personal experiences of symptoms/issues.","Transmission, stigma, vaccines"
"r/monkeypoxpositive","https://www.reddit.com/r/monkeypoxpositive/comments/w5m3ti/showering_with_monkeypox/","Showering with monkeypox","I have a suspected case of monkeypox, but it will be a week before I get my results. In the meantime, I'm assuming that I do have it. It's been three days since I first started showing symptoms, which were fatigue and headache on the first day and then a pimple-looking thing with a dot in the middle a few inches below my belly button. I do think I'm starting to develop a new one near my knee. I didn't get swollen lymph nodes as far as I could tell or a fever. I hope my symptoms remain mild. I was able to get the Jyennos vaccine one to three days before I was exposed so maybe that's been helping me.  


My doctor told me to avoid touching any lesions and then other parts of my body because I could spread the rash or lesions that way. I'm quarantining, disinfecting everything I touch, and trying to stay positive. I had a question about showering. Should I avoid letting water fall on the lesion so that it doesn't carry the infection to lower parts of my body? When I dry should I air dry the areas that have lesions? Should I use a new towel every day?  


Because the infection isn't always presenting as expected in the US, I was wondering if new lesions continue to develop throughout the infection or if I should expect all of the lesions to appear in the beginning stages?

&amp;#x200B;

Thank you.",13,13,0.94,2022-07-22 21:35:28,"en",0.0499826809722366,"neutral",8,"post","Scientific/policy debates on mutations and reinfection, stigma’s role in public perception, and advocacy for marginalized groups amid systemic gaps.","Mutations, reinfection risks"
"r/monkeypoxpositive","https://www.reddit.com/r/monkeypoxpositive/comments/w507k2/severe_case_traumatized_for_life/","Severe case. Traumatized for life.","First I wanna say I don’t know how I got It, things that could have put me at risk based on CDC monkeypox  guidance; I had sex with some dude, I was in close contact with people at a bar, I work at a hotel spa doing massages, like 7 people a day. Which exposure I got it from. I don’t know.


 On July 7th I started feeling sick, tired with flu like symptoms. I called off work and I ended up staying home for 3 days, flu symptoms eased but I was still still feeling fatigued. 

July 10th. I decided to go to the Dr bc I noticed a pimple on my hand. I got labs done and I got meningitis, flu and monkeypox shots just in case. Later on the day I felt a bit of hemorrhoid pain which once in a while I get so I put preparation H on the area. 

July 11, 12&amp;13th. I spent them at  home with severe body and rectal pain getting worse by the hour. When was time for #2 I has excruciating pain and bleeding so decided to start a liquid diet. 

July14th. I went to ER at mount Sinai bc my rectum pain was so severe I couldn’t even sit, stand or think. My legs were shaking, I had chills and could barely walk. I looked like a 90 year old man walking without his cane.

At ER The Dr did some tests which were gonna take 4/5 days.
I told her I thought I had monkeypox bc I READ about all the symptoms and they matched mine. But based on what she saw She thought it was HPV, and she was absolute on that. 
I begged her to hospitalize me bc I was feeling terribly. This conservative bitch piece of shit sent me home with Ibuprofen 500.
(5 days later monkeypox test came positive and HPV negative)

July15. My pain was even worse. I called ER
and told them the ibuprofen wasn’t working for pain. They sent a prescription to my pharmacy for tramadol and lidocaine 5%. I could barely make it the Pharmacy. 

July 16&amp;17th. It was hell. My pain was so severe that no ibuprofen tramadol and lidocaine together were working. I spent those 2 entire days in bed on my back &amp; legs up bc it was the only position I could be in, but still in extreme excruciating pain. I was without any sleep for almost 4 days and on a liquid diet. I left very fragile and I was having mental fatigue, confusion and suicidal thoughts

July 18th. I went to another ER at Jackson hospital bc at this point I thought I was gonna die, I walked in holding myself from walls and literally screaming for help. I told the Dr the whole story and she told me I should have been submitted on my 1st ER visit.
This Dr finally submitted me into the hospital and they put me in isolation. 
They gave me morphine for pain and it wasn’t working. Dr said; more morphine would make your heart stop beating. So they tried different pain meds to see which could work  better. 

July19th. they switched me to another intravenous pain medication together with a pain pill called neurontin, Antibiotics, antiviral and 3 more different pills.

July21st. I’m still at the hospital, still with pain but not so severe. I still ask for pain medication bc I can’t be w/o it.
My TPoxx medication was approved after a week of waiting, and I only got it bc my case was severe.  
I took my 1st dose, it arrived at 10pm.

At midnight I felt the urge to poop after a week of not doing. I screamed, I bled and I couldn’t  sleep all night, no medication removed the pain.
I’m traumatized and I haven’t eaten food in 8 days. I live out of IV, apple juice, water and apple sauce.
The rectum pain is so severe it feels like stabbed, extreme burning sensation, prolapse, balls hurt like if I was kicked hard and I have a non stop painful feeling of wanting to poop. 
I know when I need to pee bc I get a bladder pain, I have no feeling or sensation of wanting to pee.


On my body I got 20 blisters spread all over; hands(3), feet(1), knee(3), face (1), head(2), back(4), neck(1) and most painful area rectum(3/4)
At beginning I thought I had hemorrhoids 
So between wiping, cleaning and putting creams I ended up making it worse. 
This pain drained my soul out of me, and I’ll carry this level of exhaustion from the pain for months.

Things I tried at home for pain that can give some relief. 

- sitz bath with epson salt ( the water temp gotta feel soothing) or get in a warm bathtub.
 
- wrap an ice pack with a towel or something soft.
it should feel cooling not freezing.

-ibuprofen, tramadol, acetaminophen, stool softener, lidocaine. They help but don’t expect no pain at all.

-  keeping good hygiene at all times. 

depending how severe nothing will work and you need to be hospitalized!

Updates

July 23th I’ve been on tecovirimat for 2 days. I was feeling slightly better until I had an unstoppable urge to poop. It hurt, I bled and laid down in bed rolling in pain for 3 hours. 
I did some sitz bath in shower and was given intravenous and oral pain meds. 
I ate a bit yesterday, not a good idea yet. Now back to broth, juice, jelly and apple sauce.

July 25th. I’ve been on TPOXX for about 5 days. Blisters started to heal and I noticed they heal at different times some already became flat and purple and some are still full of pus.
Rectal pain is better but still hurts during and after defecation, not so excruciating as a few days ago but it still ruins my day.
I’m gonna be discharged from hospital today. The infectious disease Dr that came to see me kinda accidentally confessed me that there were a lot of people at the hospital with MPX.

July 26th I was released from hospital. I was in bed for a week. It’s hard to walk and I felt dizzy all day. 
I slept all day at home bc at hospital they don’t let you sleep, they come every a couple of hours to do something and wake you up.

July27th I stayed in bed all day, a bit of pain but I can finally sleep. 
I ate yesterday so Today I’m paying the consequence. Not eating for the rest of the day.

July30th I’ve been going walking, slow light exercising for 3 days in a row for about 6 hours each day. My body needs to move, I stayed in bed for too many days. There’s  a huge natural reserve close to where I live. I go there bc there are no people which is good Bc I can’t be close to anybody. Almost no pain. New skin growing on scars. My only complaint right now is feeling drowsy and at times dizzy. I think it’s a side effect from med. But I can handle this, is nothing.

July 31st. Today I found out I had encephalitis from the infection MPX caused.  I am taking acyclovir. It’s an antiviral which helps for monkeypox so the virus is not able to replicate.

August2nd. Over all I think I’m feeling breadcrumbs better. Healing is so slow. I still have confusion, weakness, dizziness, proctitis, prolapse. I’m starting to think I’ll develop some chronic organ condition like crown’s disease. And also some liver issues. At the hospital they monitored my liver bc is wasnt acting normal. Levels were too high. My new reality…",286,286,0.99,2022-07-22 03:32:21,"en",-0.162862069776211,"negative",8,"post","Scientific/policy debates on mutations and reinfection, stigma’s role in public perception, and advocacy for marginalized groups amid systemic gaps.","Mutations, reinfection risks"
"r/monkeypoxpositive","https://www.reddit.com/r/monkeypoxpositive/comments/w3w2d5/couple_of_spots_on_my_arm_mild_malaise_but_no/","Couple of spots on my arm? Mild Malaise? But no sexual activity since October, nor extended skin to skin. What do you guys think.",NA,13,13,0.89,2022-07-20 20:06:01,"en",-0.233766029239742,"negative",9,"post","Sociopolitical reactions dominate, including stigma, naming controversies, and comparisons to past pandemics, alongside frustration with institutional mismanagement.","Stigma, naming debates"
"r/monkeypoxpositive","https://www.reddit.com/r/monkeypoxpositive/comments/w3r7n0/no_testing_available_do_i_have_mpx/","No testing available - do I have MPX?","Does this sound like MPX, or just a sore throat and a weird skin thing?

I'm 30s/m/gay and I just got back home after an extended stay in NYC where I had sex with a couple different partners. On Monday, I developed a scratchy and sore throat and a single lesion on my d\*ck. At first, it was like a big red pimple, but yesterday, it suddenly flattened out and turned white with pus. It looks almost exactly like the picture for this sub, but a little bigger. That's my only lesion though — no others. I also haven't had any other flu-like symptoms like fever / fatigue / aches, so if it is MPX, it must be a light case.

I called around and no one in my county or state knows where I can get a test, so I am trying to self diagnose. What do you think — does it sound like monkeypox?

**Update**: I was able to get a hold of someone at my local health department so I have a test scheduled for tomorrow.",9,9,1,2022-07-20 16:49:15,"en",-0.110154439376026,"negative",1,"post","Discussions focus on global mpox transmission concerns, public health responses (especially vaccine distribution and messaging), and stigma, with emphasis on LGBTQ+ communities and personal experiences of symptoms/issues.","Transmission, stigma, vaccines"
"r/monkeypoxpositive","https://www.reddit.com/r/monkeypoxpositive/comments/w3do4b/my_experience_with_monkeypox_symptoms_shortly/","My experience with Monkeypox (symptoms shortly after getting vaccine)","Posting my experience (so far).

When I started suspecting I had monkeypox (and eventually confirmed), I honestly felt a bit helpless and ashamed. Plus, there was not much info on firsthand experiences.
My perspective might be different in that I was vaccinated before I noticed symptoms.

June 19: 
- Pretty sure this was the sexual encounter I got it from. There were no visible lesions that I could see. He even told me he already was vaccinated.

July 4:
- I get a message from the guy that he tested positive for MPX.

July 5:
- I call various local STI offices and CDC office. It wasn’t easy but eventually I find a nurse who tells me I can come in for a vaccine.

July 6:
- I get vaccinated with Imvamune.

July 10
- I start to break out with what looks to be pimples along my jaw line. At this point, I do not link this with MPX.

July 11:
- I see more pimples on my cheek.
Again, I’m noting this retroactively as I did not link it yet. They look like small pimples!

July 13:
- I start to see more “pimples” showing up on my neck.
- I head to an STI clinic to get tested.
- I start religiously applying hydrogen peroxide whenever I suspect a new one is appearing.

July 14:
- I get confirmed positive.
- I start seeing “pimples” on my back (3-4 of them).

July 17:
- So far, there has been no itching.
- I feel some discomfort when clothes rub against my back bumps but it’s hardly anything.


July 19:
- All of my face and neck blisters have dried out. I’m waiting 3 back blisters to do the same. It’s been 3 days and I haven’t seen a new one pop up.
Praying it stays that way.



Some Tips:

- Get vaccinated! I wonder if the vaccine (even so late) has made a difference. All the blisters I have gotten were extremely small. They also popped and crusted within 3-5 days.

- I never let the bumps get to a point where they pop and have the pus spread. Been religiously applying hydrogen peroxide whenever it happened. I also placed bandaids.

- I took two showers a day and never used the same towel twice. Frequently changed home clothes to minimize further spread on my skin.

- I actually kept exercising at home. Wanted to keep some sort of resemblance of a routine.
I’d like to think sweating a lot helped a bit.
Key thing though is at no point did I feel sick (no fever, headache, sore throat).

- I kept using Lysol fabric disinfectant spray on anything I sat or lay down on.

I don’t know how much of this actually worked. But I sure as hell wanted to minimize more blister forming. Made me a bit of a clean freak.",31,31,0.93,2022-07-20 04:59:57,"en",0.000400454636927728,"neutral",8,"post","Scientific/policy debates on mutations and reinfection, stigma’s role in public perception, and advocacy for marginalized groups amid systemic gaps.","Mutations, reinfection risks"
"r/monkeypoxpositive","https://www.reddit.com/r/monkeypoxpositive/comments/w2uavb/has_anyone_gotten_monkeypox_after_receiving_the/","Has anyone gotten monkeypox AFTER receiving the vaccine? If so, how were your symptoms?",NA,19,19,0.95,2022-07-19 14:37:21,"en",0.0172398152459488,"neutral",5,"post","Fears of mpox resurgence or endemicity, debates over vaccine strategies, and critiques of global disparities in outbreak response.","Resurgence fears, global disparities"
"r/monkeypoxpositive","https://www.reddit.com/r/monkeypoxpositive/comments/w2oo5r/i_think_i_have_monkeypox_headache_scratchy_throat/","I think I have monkeypox. Headache, scratchy throat, severe fatigue and now small blisters on the backs of my hands.",NA,4,4,0.65,2022-07-19 09:41:01,"en",-0.352980945792799,"negative",6,"post","Emergence of high-risk mpox variants (e.g., Clade I), underreported global spread, and debates over containment strategies beyond MSM communities.","New variants, containment struggles"
"r/monkeypoxpositive","https://www.reddit.com/r/monkeypoxpositive/comments/w12uyu/my_experience_with_monkeypox/","My experience with monkeypox","Hey , just wanted to share my experience with MPX 
I’m a 29 year old male from Europe. I apologise if I do any mistakes since English is not my native language . 

The first symptoms started July 5 - I had exhaustion , felt very tired at the point when I couldn’t stand at the end of the day - we are experiencing a heat wave so I just thought it was that . 

Around July 7 I noticed some lesions in the rectum, where it was a bit itchy but not painful . At the same time , the fever started, usually worse in the morning and late night, I would woke up completely soaked in sweat. Around this time I started to notice some little pimples , around 1mm, two at the back of my hand , one in my neck , another in my torso and two/three more in my legs . That was it , probably around twelve lesions at most. 

At July 11 I decided to get checked at my Infectious diseases doctor. She sent the blood work and some swabs (oral / anal) and sent me home with some medication for the fever .

At July 12 I got the results back , I was positive . I asked for some pain killer medication because the rectal lesions were really really painful at the point where I would wake up with pain . I read somewhere it was the most painful sh*t you’ll ever have - it was true , I dreaded the moment because I knew I would be down on the floor with pain afterwards. 

This was also the moment where I got some swollen lymph nodes at the legs , which disappeared the following day .


At July 15 I started to feel better , the lesions started to crust (the point where I am now ) and are starting to disappear.
I’m no longer on pain killers / fever medication and I’m feeling better overall . Still a bit tired but not at the point where I couldn’t stand .
 
If there’s updates worth of note I update this post .
I just found out this sub and I wanted to share my experience because it has been hard to find a realistic first hand experience, which can be helpful, especially at the beggining when you are scared and looking for resources. It does get better! If you have any questions , feel free to ask


Edit: correcting as I had written June instead of July 
(This is all fairly recent)

UPDATE : went to the doctor July 20 and I’m cleared , all the crusts have fallen so now I’m not contagious anymore. The anal lesions have cleared also. Sometimes I still feel a bit tired but nothing major, other than that no more symptoms",44,44,0.98,2022-07-17 08:42:50,"en",0.00358458168867277,"neutral",8,"post","Scientific/policy debates on mutations and reinfection, stigma’s role in public perception, and advocacy for marginalized groups amid systemic gaps.","Mutations, reinfection risks"
"r/monkeypoxpositive","https://www.reddit.com/r/monkeypoxpositive/comments/vslw4f/does_anyone_have_ongoing_symptoms/","Does anyone have ongoing symptoms?","My whole family continues to develop these bumps and I’m feeling very poorly. Tomorrow will be 5 weeks. Im pretty scared at this point that this isn’t going to end well.",6,6,0.8,2022-07-06 09:29:56,"en",-0.0989761159645203,"neutral",5,"post","Fears of mpox resurgence or endemicity, debates over vaccine strategies, and critiques of global disparities in outbreak response.","Resurgence fears, global disparities"
"r/Monkeypox","https://www.reddit.com/r/Monkeypox/comments/vw535w/monkeypox_multicountry_outbreak_summary_from/","Monkeypox multi-country outbreak summary from European Centre for Disease Prevention and Control",NA,19,19,0.91,2022-07-11 00:18:18,"en",-0.234586543537151,"negative",5,"post","Fears of mpox resurgence or endemicity, debates over vaccine strategies, and critiques of global disparities in outbreak response.","Resurgence fears, global disparities"
"r/Monkeypox","https://www.reddit.com/r/Monkeypox/comments/vvd65k/officials_note_multiple_sex_partners_as_monkey/","Officials note multiple sex partners as monkey pox risk",NA,93,93,0.91,2022-07-09 22:44:29,"en",-0.118232038132708,"negative",2,"post","Debates center on mpox spread among MSM, vaccine access challenges, and comparisons to COVID-19, alongside personal symptom accounts and frustration with public health failures.","MSM focus, vaccine inequity"
"r/Monkeypox","https://www.reddit.com/r/Monkeypox/comments/vvc0rz/monkeypox_testing_why_the_outbreak_might_be/","Monkeypox testing: Why the outbreak might be bigger than we think",NA,51,51,0.96,2022-07-09 21:48:09,"en",-0.131624495222999,"negative",8,"post","Scientific/policy debates on mutations and reinfection, stigma’s role in public perception, and advocacy for marginalized groups amid systemic gaps.","Mutations, reinfection risks"
"r/Monkeypox","https://www.reddit.com/r/Monkeypox/comments/vv40my/labcorp_starts_offering_monkeypox_testing_using/","Labcorp starts offering monkeypox testing using the CDC's PCR test",NA,97,97,0.95,2022-07-09 15:23:04,"en",0,"neutral",2,"post","Debates center on mpox spread among MSM, vaccine access challenges, and comparisons to COVID-19, alongside personal symptom accounts and frustration with public health failures.","MSM focus, vaccine inequity"
"r/Monkeypox","https://www.reddit.com/r/Monkeypox/comments/vuwgrr/new_zealands_first_case_of_monkeypox_detected/","New Zealand's first case of monkeypox detected",NA,78,78,0.97,2022-07-09 07:35:52,"en",0.16500003687004,"positive",5,"post","Fears of mpox resurgence or endemicity, debates over vaccine strategies, and critiques of global disparities in outbreak response.","Resurgence fears, global disparities"
"r/Monkeypox","https://www.reddit.com/r/Monkeypox/comments/vunvb7/aids_healthcare_foundation_who_declare_monkeypox/","AIDS Healthcare Foundation: WHO, Declare Monkeypox is a Pandemic",NA,61,61,0.93,2022-07-08 23:25:57,"en",-0.109137265968653,"negative",8,"post","Scientific/policy debates on mutations and reinfection, stigma’s role in public perception, and advocacy for marginalized groups amid systemic gaps.","Mutations, reinfection risks"
"r/Monkeypox","https://www.reddit.com/r/Monkeypox/comments/vumf0c/the_us_may_be_losing_the_fight_against_monkeypox/","The U.S. May Be Losing the Fight Against Monkeypox, Scientists Say",NA,140,140,0.93,2022-07-08 22:18:01,"en",-0.203435911396437,"negative",1,"post","Discussions focus on global mpox transmission concerns, public health responses (especially vaccine distribution and messaging), and stigma, with emphasis on LGBTQ+ communities and personal experiences of symptoms/issues.","Transmission, stigma, vaccines"
"r/Monkeypox","https://www.reddit.com/r/Monkeypox/comments/vuhat1/opinion_lets_call_monkeypox_what_it_is_a_pandemic/","Opinion | Let’s call monkeypox what it is: A pandemic",NA,112,112,0.84,2022-07-08 18:24:22,"en",-0.172561169032264,"negative",2,"post","Debates center on mpox spread among MSM, vaccine access challenges, and comparisons to COVID-19, alongside personal symptom accounts and frustration with public health failures.","MSM focus, vaccine inequity"
"r/Monkeypox","https://www.reddit.com/r/Monkeypox/comments/vug4q7/7_of_your_most_pressing_monkeypox_vaccine/","7 of your most pressing monkeypox vaccine questions, answered",NA,7,7,0.69,2022-07-08 17:31:47,"en",0,"neutral",1,"post","Discussions focus on global mpox transmission concerns, public health responses (especially vaccine distribution and messaging), and stigma, with emphasis on LGBTQ+ communities and personal experiences of symptoms/issues.","Transmission, stigma, vaccines"
"r/Monkeypox","https://www.reddit.com/r/Monkeypox/comments/vuedrk/monkeypox_outbreak_epidemiological_overview_8/","Monkeypox outbreak: epidemiological overview, 8 July 2022",NA,24,24,0.84,2022-07-08 16:14:17,"en",-0.195230676467507,"negative",1,"post","Discussions focus on global mpox transmission concerns, public health responses (especially vaccine distribution and messaging), and stigma, with emphasis on LGBTQ+ communities and personal experiences of symptoms/issues.","Transmission, stigma, vaccines"
"r/Monkeypox","https://www.reddit.com/r/Monkeypox/comments/vtz1yg/us_to_ship_144000_more_monkeypox_shots_and_expand/","U.S. to ship 144,000 more monkeypox shots and expand testing as cases top 700",NA,75,75,0.97,2022-07-08 01:50:19,"en",0.299665391099071,"positive",7,"post","Cross-border spread of strains, personal accounts of severe symptoms, and critiques of institutional response delays and inequities.","Cross-border spread, severe cases"
"r/Monkeypox","https://www.reddit.com/r/Monkeypox/comments/vtsq42/nyc_is_epicenter_of_us_monkeypox_outbreak/","NYC is 'epicenter' of U.S. monkeypox outbreak",NA,132,132,0.98,2022-07-07 20:50:51,"en",-0.154343401693189,"negative",9,"post","Sociopolitical reactions dominate, including stigma, naming controversies, and comparisons to past pandemics, alongside frustration with institutional mismanagement.","Stigma, naming debates"
"r/Monkeypox","https://www.reddit.com/r/Monkeypox/comments/vtradf/announcing_updated_rules_please_review_before/","Announcing Updated Rules: Please review before posting. Moderation will be more strict from this point forward as we work to improve the quality of content in this community.",NA,57,57,0.79,2022-07-07 19:48:44,"en",0.407695639018014,"positive",7,"post","Cross-border spread of strains, personal accounts of severe symptoms, and critiques of institutional response delays and inequities.","Cross-border spread, severe cases"
"r/Monkeypox","https://www.reddit.com/r/Monkeypox/comments/vtl0lr/this_patients_experience_with_mpxv_infection_was/","This patient’s experience with MPXV infection was anything but mild",NA,42,42,0.92,2022-07-07 15:16:47,"en",-0.0411326547571871,"neutral",5,"post","Fears of mpox resurgence or endemicity, debates over vaccine strategies, and critiques of global disparities in outbreak response.","Resurgence fears, global disparities"
"r/Monkeypox","https://www.reddit.com/r/Monkeypox/comments/vtkdq9/louisiana_department_of_health_says_monkeypox_is/","Louisiana Department of Health says monkeypox is likely already circulating in the state",NA,46,46,0.98,2022-07-07 14:47:52,"en",0,"neutral",8,"post","Scientific/policy debates on mutations and reinfection, stigma’s role in public perception, and advocacy for marginalized groups amid systemic gaps.","Mutations, reinfection risks"
"r/Monkeypox","https://www.reddit.com/r/Monkeypox/comments/vtgezi/neuropsychiatric_symptoms_prevalent_in_over_50_of/","Neuropsychiatric symptoms prevalent in over 50% of monkeypox infections according to new research",NA,75,75,0.96,2022-07-07 11:27:21,"en",-0.0945156448284328,"neutral",3,"post","Post-peak concerns include declining cases, lingering public health challenges (e.g., misinformation, isolation fatigue), and scientific analyses of mutations/long-term impacts.","Post-outbreak issues, mutations"
"r/Monkeypox","https://www.reddit.com/r/Monkeypox/comments/vt316z/man_infected_with_monkeypox_attended_daddyland/","Man infected with monkeypox attended Daddyland Festival in Dallas",NA,148,148,0.96,2022-07-06 22:52:24,"en",-0.0454738608202723,"neutral",6,"post","Emergence of high-risk mpox variants (e.g., Clade I), underreported global spread, and debates over containment strategies beyond MSM communities.","New variants, containment struggles"
"r/Monkeypox","https://www.reddit.com/r/Monkeypox/comments/vt00xa/monkeypox_a_comprehensive_review_of_transmission/","Monkeypox: A Comprehensive Review of Transmission, Pathogenesis, and Manifestation",NA,21,21,0.95,2022-07-06 20:42:31,"en",0.136421582460817,"positive",8,"post","Scientific/policy debates on mutations and reinfection, stigma’s role in public perception, and advocacy for marginalized groups amid systemic gaps.","Mutations, reinfection risks"
"r/Monkeypox","https://www.reddit.com/r/Monkeypox/comments/vsu43k/nyc_to_reopen_monkeypox_vaccine_appointments/","NYC to Reopen Monkeypox Vaccine Appointments Wednesday Afternoon",NA,35,35,0.95,2022-07-06 16:30:39,"en",0,"neutral",5,"post","Fears of mpox resurgence or endemicity, debates over vaccine strategies, and critiques of global disparities in outbreak response.","Resurgence fears, global disparities"
"r/Monkeypox","https://www.reddit.com/r/Monkeypox/comments/vsqgd1/breaking_who_will_meet_on_the_week_commencing/","BREAKING: WHO will meet on the week commencing July 18th or sooner in regards to the monkeypox outbreak and reconsider a “global health emergency” due to the increase in cases around the world.",NA,249,249,0.96,2022-07-06 13:48:08,"en",-0.11873974648273,"negative",9,"post","Sociopolitical reactions dominate, including stigma, naming controversies, and comparisons to past pandemics, alongside frustration with institutional mismanagement.","Stigma, naming debates"
"r/Monkeypox","https://www.reddit.com/r/Monkeypox/comments/vsjwp3/the_factory_making_jynneos_the_safest_vaccine_has/","The factory making Jynneos, the safest vaccine, has been closed since August, threatening global supplies as the virus spreads.",NA,120,120,0.96,2022-07-06 07:10:03,"en",-0.0125189029824127,"neutral",8,"post","Scientific/policy debates on mutations and reinfection, stigma’s role in public perception, and advocacy for marginalized groups amid systemic gaps.","Mutations, reinfection risks"
"r/Monkeypox","https://www.reddit.com/r/Monkeypox/comments/vsjoxu/11_confirmed_cases_of_mpx_in_new_south_wales/","11 confirmed cases of MPX in New South Wales, Australia, including two likely locally acquired.",NA,38,38,0.95,2022-07-06 06:55:20,"en",0.39377017676307,"positive",8,"post","Scientific/policy debates on mutations and reinfection, stigma’s role in public perception, and advocacy for marginalized groups amid systemic gaps.","Mutations, reinfection risks"
"r/Monkeypox","https://www.reddit.com/r/Monkeypox/comments/vsd50j/the_uk_is_essentially_telling_monkeypox_patients/","The UK is essentially telling Monkeypox patients that they are on their own now, and downgrading Monkeypox, meaning they will no longer be checking on patients progress.",NA,91,91,0.97,2022-07-06 00:53:00,"en",-0.0787630373570273,"neutral",3,"post","Post-peak concerns include declining cases, lingering public health challenges (e.g., misinformation, isolation fatigue), and scientific analyses of mutations/long-term impacts.","Post-outbreak issues, mutations"
"r/Monkeypox","https://www.reddit.com/r/Monkeypox/comments/vscd9v/monkeypox_likely_to_have_spread_during_sf_pride/","Monkeypox Likely to Have Spread During SF Pride; 16 Total Cases In the City As of Last Week",NA,27,27,0.86,2022-07-06 00:14:54,"en",0.0330870937705798,"neutral",3,"post","Post-peak concerns include declining cases, lingering public health challenges (e.g., misinformation, isolation fatigue), and scientific analyses of mutations/long-term impacts.","Post-outbreak issues, mutations"
"r/Monkeypox","https://www.reddit.com/r/Monkeypox/comments/vsc66k/monkeypox_cases_spike_in_washington_dc_from_7/","Monkeypox Cases Spike in Washington DC, from 7 last week to 58 on Tuesday, DC Health officials say",NA,72,72,0.95,2022-07-06 00:05:11,"en",0,"neutral",8,"post","Scientific/policy debates on mutations and reinfection, stigma’s role in public perception, and advocacy for marginalized groups amid systemic gaps.","Mutations, reinfection risks"
"r/Monkeypox","https://www.reddit.com/r/Monkeypox/comments/vs67ai/according_to_robert_koch_institute_german_cdc_it/","According to Robert Koch Institute (German CDC), it will take till late summer/early autumn until the monkeypox spread is under control in Germany. They expect low number of cases through the whole winter.",NA,86,86,0.96,2022-07-05 19:38:00,"en",0.0266402878170497,"neutral",5,"post","Fears of mpox resurgence or endemicity, debates over vaccine strategies, and critiques of global disparities in outbreak response.","Resurgence fears, global disparities"
"r/Monkeypox","https://www.reddit.com/r/Monkeypox/comments/vs1kxm/monkeypox_outbreak_epidemiological_overview_5/","Monkeypox outbreak: epidemiological overview, 5 July 2022",NA,20,20,0.8,2022-07-05 16:14:56,"en",-0.195230676467507,"negative",7,"post","Cross-border spread of strains, personal accounts of severe symptoms, and critiques of institutional response delays and inequities.","Cross-border spread, severe cases"
"r/Monkeypox","https://www.reddit.com/r/Monkeypox/comments/vs08fz/what_scientists_found_on_surfaces_in_monkeypox/","What scientists found on surfaces in monkeypox patient hospital rooms",NA,56,56,0.88,2022-07-05 15:16:39,"en",0.18981728593549,"positive",1,"post","Discussions focus on global mpox transmission concerns, public health responses (especially vaccine distribution and messaging), and stigma, with emphasis on LGBTQ+ communities and personal experiences of symptoms/issues.","Transmission, stigma, vaccines"
"r/Monkeypox","https://www.reddit.com/r/Monkeypox/comments/vqvmlh/monkeypox_cases_more_than_double_in_california/","Monkeypox cases more than double in California and the SF Bay Area",NA,111,111,0.97,2022-07-04 01:05:32,"en",0,"neutral",8,"post","Scientific/policy debates on mutations and reinfection, stigma’s role in public perception, and advocacy for marginalized groups amid systemic gaps.","Mutations, reinfection risks"
"r/Monkeypox","https://www.reddit.com/r/Monkeypox/comments/vqtqlk/msnbc_interview_with_infectious_disease_specialist/","MSNBC interview with infectious disease specialist",NA,41,41,0.89,2022-07-03 23:18:57,"en",-0.445551022576027,"negative",4,"post","Criticism of systemic public health failures (e.g., vaccine disparities, bureaucratic delays) and anxiety about broadening transmission (e.g., pediatric cases, workplaces).","Systemic failures, inequity"
"r/Monkeypox","https://www.reddit.com/r/Monkeypox/comments/vqkak4/theres_a_shortage_of_monkeypox_vaccine_could_one/","There’s a shortage of monkeypox vaccine. Could one dose instead of two suffice?",NA,33,33,0.92,2022-07-03 15:39:54,"en",-0.0333589749267666,"neutral",2,"post","Debates center on mpox spread among MSM, vaccine access challenges, and comparisons to COVID-19, alongside personal symptom accounts and frustration with public health failures.","MSM focus, vaccine inequity"
"r/Monkeypox","https://www.reddit.com/r/Monkeypox/comments/vqb7mf/with_another_confirmed_case_of_monkeypox_puerto/","With another confirmed case of Monkeypox, Puerto Vallarta has the most cases in Mexico",NA,67,67,0.93,2022-07-03 06:27:55,"en",0.0729204031042722,"neutral",8,"post","Scientific/policy debates on mutations and reinfection, stigma’s role in public perception, and advocacy for marginalized groups amid systemic gaps.","Mutations, reinfection risks"
"r/Monkeypox","https://www.reddit.com/r/Monkeypox/comments/vq7em2/all_your_monkeypox_vaccine_questions_answered/","All Your Monkeypox Vaccine Questions, Answered",NA,26,26,0.93,2022-07-03 02:36:34,"en",0,"neutral",4,"post","Criticism of systemic public health failures (e.g., vaccine disparities, bureaucratic delays) and anxiety about broadening transmission (e.g., pediatric cases, workplaces).","Systemic failures, inequity"
"r/Monkeypox","https://www.reddit.com/r/Monkeypox/comments/vq6oqx/cdc_monkeypox_count_california_is_at_95_cases_now/","CDC monkeypox count, California is at 95 cases now",NA,130,130,0.96,2022-07-03 01:56:37,"en",0,"neutral",6,"post","Emergence of high-risk mpox variants (e.g., Clade I), underreported global spread, and debates over containment strategies beyond MSM communities.","New variants, containment struggles"
"r/Monkeypox","https://www.reddit.com/r/Monkeypox/comments/vprf11/monkeypox_patients_mistook_early_symptoms_for_jet/","Monkeypox patients mistook early symptoms for jet lag, says PA treating cases",NA,36,36,0.96,2022-07-02 13:06:35,"en",-0.181154985921163,"negative",8,"post","Scientific/policy debates on mutations and reinfection, stigma’s role in public perception, and advocacy for marginalized groups amid systemic gaps.","Mutations, reinfection risks"
"r/Monkeypox","https://www.reddit.com/r/Monkeypox/comments/vpge6p/monkeypox_data_recorded_on_household_objects_the/","Monkeypox data recorded on household objects. The lower the CT value, the more concentrated the Monkeypox sample.",NA,98,98,0.94,2022-07-02 01:33:20,"en",0.119595402787037,"positive",1,"post","Discussions focus on global mpox transmission concerns, public health responses (especially vaccine distribution and messaging), and stigma, with emphasis on LGBTQ+ communities and personal experiences of symptoms/issues.","Transmission, stigma, vaccines"
"r/Monkeypox","https://www.reddit.com/r/Monkeypox/comments/vpet89/monkeypox_outbreak_met_with_complacency/","Monkeypox outbreak met with complacency",NA,39,39,0.93,2022-07-02 00:07:42,"en",-0.195230676467507,"negative",7,"post","Cross-border spread of strains, personal accounts of severe symptoms, and critiques of institutional response delays and inequities.","Cross-border spread, severe cases"
"r/Monkeypox","https://www.reddit.com/r/Monkeypox/comments/vp8yjy/us_to_offer_monkeypox_vaccines_in_states_with/","US to offer monkeypox vaccines in states with high case rates",NA,38,38,0.89,2022-07-01 19:31:47,"en",0.0164530619028749,"neutral",8,"post","Scientific/policy debates on mutations and reinfection, stigma’s role in public perception, and advocacy for marginalized groups amid systemic gaps.","Mutations, reinfection risks"
"r/Monkeypox","https://www.reddit.com/r/Monkeypox/comments/vp883l/monkeypox_cases_rise_to_1235_as_officials_issue/","Monkeypox cases rise to 1,235 as officials issue warning for Pride weekend",NA,55,55,0.88,2022-07-01 18:59:10,"en",-0.205663273785936,"negative",5,"post","Fears of mpox resurgence or endemicity, debates over vaccine strategies, and critiques of global disparities in outbreak response.","Resurgence fears, global disparities"
"r/Monkeypox","https://www.reddit.com/r/Monkeypox/comments/vp6f7i/25_million_more_doses_of_jynneos_monkeypox/","2.5 Million more doses of JYNNEOS Monkeypox vaccine ordered by U.S.",NA,71,71,0.92,2022-07-01 17:39:18,"en",0,"neutral",7,"post","Cross-border spread of strains, personal accounts of severe symptoms, and critiques of institutional response delays and inequities.","Cross-border spread, severe cases"
"r/Monkeypox","https://www.reddit.com/r/Monkeypox/comments/vp5v5x/monkeypox_spread_at_two_large_parties_in_la/","Monkeypox spread at two large parties in L.A. County, officials say",NA,118,118,0.98,2022-07-01 17:13:57,"en",0,"neutral",2,"post","Debates center on mpox spread among MSM, vaccine access challenges, and comparisons to COVID-19, alongside personal symptom accounts and frustration with public health failures.","MSM focus, vaccine inequity"
"r/Monkeypox","https://www.reddit.com/r/Monkeypox/comments/vp59yv/first_monkeypox_case_confirmed_in_michigan_how_to/","First Monkeypox Case Confirmed In Michigan: How To Keep Your Family Safe",NA,10,10,0.92,2022-07-01 16:47:30,"en",0.196907593392568,"positive",5,"post","Fears of mpox resurgence or endemicity, debates over vaccine strategies, and critiques of global disparities in outbreak response.","Resurgence fears, global disparities"
"r/Monkeypox","https://www.reddit.com/r/Monkeypox/comments/vp2pv6/monkeypox_outbreak_epidemiological_overview_1/","Monkeypox outbreak: epidemiological overview, 1 July 2022",NA,6,6,0.8,2022-07-01 14:53:56,"en",-0.195230676467507,"negative",7,"post","Cross-border spread of strains, personal accounts of severe symptoms, and critiques of institutional response delays and inequities.","Cross-border spread, severe cases"
"r/Monkeypox","https://www.reddit.com/r/Monkeypox/comments/vp22sa/who_monkeypox_cases_in_europe_have_tripled_in/","WHO: Monkeypox Cases in Europe Have Tripled in Last 2 Weeks",NA,93,93,0.96,2022-07-01 14:25:25,"en",0,"neutral",8,"post","Scientific/policy debates on mutations and reinfection, stigma’s role in public perception, and advocacy for marginalized groups amid systemic gaps.","Mutations, reinfection risks"
"r/Monkeypox","https://www.reddit.com/r/Monkeypox/comments/vp1r7o/us_government_orders_additional_monkeypox/","U.S. Government Orders Additional Monkeypox Vaccines from Bavarian Nordic",NA,27,27,0.97,2022-07-01 14:10:25,"en",-0.0431552737455858,"neutral",7,"post","Cross-border spread of strains, personal accounts of severe symptoms, and critiques of institutional response delays and inequities.","Cross-border spread, severe cases"
"r/Monkeypox","https://www.reddit.com/r/Monkeypox/comments/vp1fw8/this_is_not_another_covid_dr_sims_of_beaumont/","'This is not another COVID.' Dr. Sims of Beaumont Health discusses monkeypox after probable case found in MI",NA,18,18,0.8,2022-07-01 13:56:12,"en",0.0771717008465947,"neutral",3,"post","Post-peak concerns include declining cases, lingering public health challenges (e.g., misinformation, isolation fatigue), and scientific analyses of mutations/long-term impacts.","Post-outbreak issues, mutations"
"r/Monkeypox","https://www.reddit.com/r/Monkeypox/comments/vonvdy/monkeypox_mutating_12_times_faster_than_expected/","Monkeypox mutating 12 times faster than expected as daily UK cases ‘could hit 60,000’",NA,65,65,0.86,2022-07-01 00:57:55,"en",0.0551341261499191,"neutral",1,"post","Discussions focus on global mpox transmission concerns, public health responses (especially vaccine distribution and messaging), and stigma, with emphasis on LGBTQ+ communities and personal experiences of symptoms/issues.","Transmission, stigma, vaccines"
"r/Monkeypox","https://www.reddit.com/r/Monkeypox/comments/vom29q/additional_information_about_a_drug_approved_for/","Additional information about a drug approved for the treatment of monkeypox.",NA,7,7,0.89,2022-06-30 23:27:41,"en",0.213889804737373,"positive",3,"post","Post-peak concerns include declining cases, lingering public health challenges (e.g., misinformation, isolation fatigue), and scientific analyses of mutations/long-term impacts.","Post-outbreak issues, mutations"
"r/Monkeypox","https://www.reddit.com/r/Monkeypox/comments/vok0tw/detection_of_monkeypox_on_surfaces/","detection of Monkeypox on surfaces",NA,36,36,0.92,2022-06-30 21:55:23,"en",0.0610095863960959,"neutral",9,"post","Sociopolitical reactions dominate, including stigma, naming controversies, and comparisons to past pandemics, alongside frustration with institutional mismanagement.","Stigma, naming debates"
"r/Monkeypox","https://www.reddit.com/r/Monkeypox/comments/voilxn/3_cases_of_monkeypox_confirmed_in_tampa_bay_area/","3 cases of monkeypox confirmed in Tampa Bay area",NA,29,29,0.97,2022-06-30 20:53:16,"en",0.0964646260582434,"neutral",2,"post","Debates center on mpox spread among MSM, vaccine access challenges, and comparisons to COVID-19, alongside personal symptom accounts and frustration with public health failures.","MSM focus, vaccine inequity"
"r/Monkeypox","https://www.reddit.com/r/Monkeypox/comments/vogk7f/nigeria_reports_uptick_in_monkeypox_could_eclipse/","Nigeria reports uptick in monkeypox, Could eclipse peak number of cases seen in 2017",NA,28,28,0.91,2022-06-30 19:22:44,"en",0,"neutral",4,"post","Criticism of systemic public health failures (e.g., vaccine disparities, bureaucratic delays) and anxiety about broadening transmission (e.g., pediatric cases, workplaces).","Systemic failures, inequity"
"r/Monkeypox","https://www.reddit.com/r/Monkeypox/comments/vog4an/canadas_top_doctor_says_talks_underway_to_obtain/","Canada's top doctor says talks underway to obtain more vaccine to fight monkeypox",NA,17,17,0.87,2022-06-30 19:03:55,"en",0.0151346157120743,"neutral",1,"post","Discussions focus on global mpox transmission concerns, public health responses (especially vaccine distribution and messaging), and stigma, with emphasis on LGBTQ+ communities and personal experiences of symptoms/issues.","Transmission, stigma, vaccines"
"r/Monkeypox","https://www.reddit.com/r/Monkeypox/comments/vofwad/i_was_diagnosed_with_monkeypox_and_the_symptoms/","I Was Diagnosed With Monkeypox and the Symptoms Are Pretty Brutal",NA,155,155,0.95,2022-06-30 18:54:45,"en",-0.0246795928543123,"neutral",8,"post","Scientific/policy debates on mutations and reinfection, stigma’s role in public perception, and advocacy for marginalized groups amid systemic gaps.","Mutations, reinfection risks"
"r/Monkeypox","https://www.reddit.com/r/Monkeypox/comments/vodfmt/michigan_doesnt_have_any_doses_of_vaccine_used_to/","Michigan doesn't have any doses of vaccine used to prevent monkeypox",NA,31,31,0.92,2022-06-30 17:07:58,"en",-0.0411326547571871,"neutral",8,"post","Scientific/policy debates on mutations and reinfection, stigma’s role in public perception, and advocacy for marginalized groups amid systemic gaps.","Mutations, reinfection risks"
"r/Monkeypox","https://www.reddit.com/r/Monkeypox/comments/vo9u6z/pride_stay_at_home_if_you_have_monkeypox_symptoms/","Pride: Stay at home if you have monkeypox symptoms",NA,118,118,0.93,2022-06-30 14:33:06,"en",-0.0272843164921634,"neutral",8,"post","Scientific/policy debates on mutations and reinfection, stigma’s role in public perception, and advocacy for marginalized groups amid systemic gaps.","Mutations, reinfection risks"
"r/Monkeypox","https://www.reddit.com/r/Monkeypox/comments/vnvkz3/officials_say_multiple_traces_of_monkeypox_found/","Officials say multiple traces of monkeypox found in Bay Area wastewater",NA,76,76,0.95,2022-06-30 01:09:13,"en",0.0987183714172491,"neutral",7,"post","Cross-border spread of strains, personal accounts of severe symptoms, and critiques of institutional response delays and inequities.","Cross-border spread, severe cases"
"r/Monkeypox","https://www.reddit.com/r/Monkeypox/comments/vnsmim/monkeypox_in_the_us_cdc_update_after_todays/","Monkeypox in the U.S.- CDC Update after todays conference $CMRX $SIGA",NA,0,0,0.42,2022-06-29 22:48:33,"en",0,"neutral",1,"post","Discussions focus on global mpox transmission concerns, public health responses (especially vaccine distribution and messaging), and stigma, with emphasis on LGBTQ+ communities and personal experiences of symptoms/issues.","Transmission, stigma, vaccines"
"r/Monkeypox","https://www.reddit.com/r/Monkeypox/comments/vnnwjv/wales_makes_monkeypox_treatment_free_for_overseas/","Wales makes monkeypox treatment free for overseas visitors, and backdates it a month",NA,30,30,0.9,2022-06-29 19:24:16,"en",0.0378365392801857,"neutral",2,"post","Debates center on mpox spread among MSM, vaccine access challenges, and comparisons to COVID-19, alongside personal symptom accounts and frustration with public health failures.","MSM focus, vaccine inequity"
"r/Monkeypox","https://www.reddit.com/r/Monkeypox/comments/vngbns/tens_of_thousands_of_monkeypox_vaccine_doses_to/","Tens of thousands of monkeypox vaccine doses to be distributed immediately in U.S.",NA,85,85,0.91,2022-06-29 13:51:31,"en",0,"neutral",7,"post","Cross-border spread of strains, personal accounts of severe symptoms, and critiques of institutional response delays and inequities.","Cross-border spread, severe cases"
"r/news","https://www.reddit.com/r/news/comments/1gsyxhb/united_states_first_known_case_of_more_severe/","United States’ first known case of more severe strain of mpox confirmed in California",NA,8895,8895,0.97,2024-11-16 22:36:48,"en",0.0350017934900507,"neutral",4,"post","Criticism of systemic public health failures (e.g., vaccine disparities, bureaucratic delays) and anxiety about broadening transmission (e.g., pediatric cases, workplaces).","Systemic failures, inequity"
"r/news","https://www.reddit.com/r/news/comments/1et1q80/sweden_confirms_a_case_of_mpox_the_first_reported/","Sweden confirms a case of mpox — the first reported infection of the strain outside of Africa",NA,4860,4860,0.95,2024-08-15 17:55:20,"en",-0.184169136322103,"negative",1,"post","Discussions focus on global mpox transmission concerns, public health responses (especially vaccine distribution and messaging), and stigma, with emphasis on LGBTQ+ communities and personal experiences of symptoms/issues.","Transmission, stigma, vaccines"
"r/news","https://www.reddit.com/r/news/comments/1es97sj/who_declares_mpox_outbreaks_in_africa_a_global/","WHO declares mpox outbreaks in Africa a global health emergency as a new form of the virus spreads",NA,850,850,0.93,2024-08-14 18:33:50,"en",-0.00643097507054955,"neutral",5,"post","Fears of mpox resurgence or endemicity, debates over vaccine strategies, and critiques of global disparities in outbreak response.","Resurgence fears, global disparities"
"r/news","https://www.reddit.com/r/news/comments/1fich1o/who_grants_first_mpox_vaccine_approval_to_ramp_up/","WHO grants first mpox vaccine approval to ramp up response to disease in Africa",NA,381,381,0.93,2024-09-16 18:46:14,"en",0.0875044837251267,"neutral",1,"post","Discussions focus on global mpox transmission concerns, public health responses (especially vaccine distribution and messaging), and stigma, with emphasis on LGBTQ+ communities and personal experiences of symptoms/issues.","Transmission, stigma, vaccines"
"r/news","https://www.reddit.com/r/news/comments/1hijt4h/louisiana_forbids_public_health_workers_from/","Louisiana forbids public health workers from promoting COVID, flu and mpox shots",NA,2416,2416,0.96,2024-12-20 13:29:59,"en",-0.0236289112071082,"neutral",5,"post","Fears of mpox resurgence or endemicity, debates over vaccine strategies, and critiques of global disparities in outbreak response.","Resurgence fears, global disparities"
"r/news","https://www.reddit.com/r/news/comments/17mmdry/mpox_circulated_for_five_years_before_global/","Mpox circulated for five years before global explosion in 2022, research finds | Mpox",NA,73,73,0.85,2023-11-03 03:55:51,"en",-0.0315052149428109,"neutral",8,"post","Scientific/policy debates on mutations and reinfection, stigma’s role in public perception, and advocacy for marginalized groups amid systemic gaps.","Mutations, reinfection risks"
"r/news","https://www.reddit.com/r/news/comments/13er79z/who_says_mpox_is_no_longer_a_global_health/","WHO says mpox is no longer a global health emergency",NA,510,510,0.92,2023-05-11 15:49:14,"en",0.0603964091612923,"neutral",9,"post","Sociopolitical reactions dominate, including stigma, naming controversies, and comparisons to past pandemics, alongside frustration with institutional mismanagement.","Stigma, naming debates"
"r/news","https://www.reddit.com/r/news/comments/113javl/mpox_vaccination_encouraged_ahead_of_worldpride/","Mpox vaccination encouraged ahead of WorldPride as Sydney prepares to welcome thousands of visitors",NA,94,94,0.82,2023-02-16 05:48:42,"en",0.306265693037943,"positive",5,"post","Fears of mpox resurgence or endemicity, debates over vaccine strategies, and critiques of global disparities in outbreak response.","Resurgence fears, global disparities"
"r/news","https://www.reddit.com/r/news/comments/ws3r8q/9th_child_in_us_tests_positive_for_monkeypox_an/","9th child in US tests positive for monkeypox - An additional pediatric monkeypox case has been confirmed in Oregon.",NA,716,716,0.92,2022-08-19 03:51:16,"en",0.270100952963081,"positive",7,"post","Cross-border spread of strains, personal accounts of severe symptoms, and critiques of institutional response delays and inequities.","Cross-border spread, severe cases"
"r/news","https://www.reddit.com/r/news/comments/uuob5r/monkeypox_80_cases_confirmed_in_12_countries/","Monkeypox: 80 cases confirmed in 12 countries",NA,696,696,0.88,2022-05-21 14:30:42,"en",0.122019172792192,"positive",5,"post","Fears of mpox resurgence or endemicity, debates over vaccine strategies, and critiques of global disparities in outbreak response.","Resurgence fears, global disparities"
"r/news","https://www.reddit.com/r/news/comments/uyxdph/who_nearly_200_cases_of_monkeypox_in_more_than_20/","WHO: Nearly 200 cases of monkeypox in more than 20 countries",NA,730,730,0.89,2022-05-27 12:41:31,"en",0,"neutral",7,"post","Cross-border spread of strains, personal accounts of severe symptoms, and critiques of institutional response delays and inequities.","Cross-border spread, severe cases"
"r/news","https://www.reddit.com/r/news/comments/uw3qea/monkeypox_36_more_cases_detected_in_uk_as_virus/","Monkeypox: 36 more cases detected in UK - as virus could become endemic in Europe, health officials warn",NA,152,152,0.76,2022-05-23 16:08:53,"en",-0.323319150432136,"negative",1,"post","Discussions focus on global mpox transmission concerns, public health responses (especially vaccine distribution and messaging), and stigma, with emphasis on LGBTQ+ communities and personal experiences of symptoms/issues.","Transmission, stigma, vaccines"
"r/news","https://www.reddit.com/r/news/comments/v9d6dx/monkeypox_in_canada_112_infections_reported_as/","Monkeypox in Canada: 112 infections reported as global cases top 1,000",NA,437,437,0.89,2022-06-10 17:39:55,"en",0.0727581773124356,"neutral",3,"post","Post-peak concerns include declining cases, lingering public health challenges (e.g., misinformation, isolation fatigue), and scientific analyses of mutations/long-term impacts.","Post-outbreak issues, mutations"
"r/news","https://www.reddit.com/r/news/comments/uteekm/monkeypox_health_officials_investigate_possible/","Monkeypox: Health Officials Investigate Possible Case in New York City",NA,380,380,0.92,2022-05-19 22:09:15,"en",0.181189227483877,"positive",5,"post","Fears of mpox resurgence or endemicity, debates over vaccine strategies, and critiques of global disparities in outbreak response.","Resurgence fears, global disparities"
"r/news","https://www.reddit.com/r/news/comments/op0wf5/monkeypox_more_than_200_contacts_tracked_in_us/","Monkeypox: More than 200 contacts tracked in US for rare disease",NA,337,337,0.91,2021-07-21 22:42:20,"en",-0.310610104258075,"negative",9,"post","Sociopolitical reactions dominate, including stigma, naming controversies, and comparisons to past pandemics, alongside frustration with institutional mismanagement.","Stigma, naming debates"
"r/news","https://www.reddit.com/r/news/comments/usnzr0/monkeypox_cases_under_investigation_in_canada_as/","Monkeypox cases under investigation in Canada as outbreak spreads in Europe, U.S.",NA,154,154,0.9,2022-05-18 22:01:30,"en",-0.121076925696594,"negative",3,"post","Post-peak concerns include declining cases, lingering public health challenges (e.g., misinformation, isolation fatigue), and scientific analyses of mutations/long-term impacts.","Post-outbreak issues, mutations"
"r/news","https://www.reddit.com/r/news/comments/ut2pxm/us_confirms_monkeypox_case_in_man_who_recently/","U.S. confirms monkeypox case in man who recently travelled to Canada",NA,1011,1011,0.94,2022-05-19 12:50:34,"en",0,"neutral",8,"post","Scientific/policy debates on mutations and reinfection, stigma’s role in public perception, and advocacy for marginalized groups amid systemic gaps.","Mutations, reinfection risks"
"r/news","https://www.reddit.com/r/news/comments/uyh6pl/us_confirms_9_monkeypox_cases_in_7_states/","U.S. confirms 9 monkeypox cases in 7 states",NA,194,194,0.9,2022-05-26 20:50:25,"en",0,"neutral",6,"post","Emergence of high-risk mpox variants (e.g., Clade I), underreported global spread, and debates over containment strategies beyond MSM communities.","New variants, containment struggles"
"r/news","https://www.reddit.com/r/news/comments/wrq5ab/monkeypox_case_reported_in_man_whose_primary_risk/","Monkeypox case reported in man whose 'primary risk factor' was close, nonsexual contact at a crowded outdoor event | CNN",NA,2753,2753,0.9,2022-08-18 17:56:31,"en",-0.11892957833292,"negative",6,"post","Emergence of high-risk mpox variants (e.g., Clade I), underreported global spread, and debates over containment strategies beyond MSM communities.","New variants, containment struggles"
"r/news","https://www.reddit.com/r/news/comments/ut2uza/italy_reports_first_case_of_monkeypox_infection/","Italy reports first case of monkeypox infection, two more suspected",NA,193,193,0.89,2022-05-19 12:58:09,"en",-0.315786939329043,"negative",1,"post","Discussions focus on global mpox transmission concerns, public health responses (especially vaccine distribution and messaging), and stigma, with emphasis on LGBTQ+ communities and personal experiences of symptoms/issues.","Transmission, stigma, vaccines"
"r/news","https://www.reddit.com/r/news/comments/w6521w/monkeypox_declared_a_global_health_emergency_by/","Monkeypox declared a global health emergency by the World Health Organization following a surge in cases",NA,49754,49754,0.82,2022-07-23 14:16:40,"en",0.00682107912304085,"neutral",1,"post","Discussions focus on global mpox transmission concerns, public health responses (especially vaccine distribution and messaging), and stigma, with emphasis on LGBTQ+ communities and personal experiences of symptoms/issues.","Transmission, stigma, vaccines"
"r/news","https://www.reddit.com/r/news/comments/w5qszm/us_confirms_first_two_cases_of_monkeypox_in/","U.S. confirms first two cases of monkeypox in children — one case is in California",NA,3334,3334,0.94,2022-07-23 01:08:21,"en",0,"neutral",4,"post","Criticism of systemic public health failures (e.g., vaccine disparities, bureaucratic delays) and anxiety about broadening transmission (e.g., pediatric cases, workplaces).","Systemic failures, inequity"
"r/news","https://www.reddit.com/r/news/comments/xe44fn/as_monkeypox_drops_in_the_west_still_no_vaccines/","As monkeypox drops in the West, still no vaccines for Africa",NA,127,127,0.82,2022-09-14 14:57:25,"en",0,"neutral",5,"post","Fears of mpox resurgence or endemicity, debates over vaccine strategies, and critiques of global disparities in outbreak response.","Resurgence fears, global disparities"
"r/news","https://www.reddit.com/r/news/comments/w739i0/monkeypox_outbreak_can_be_contained_white_house/","Monkeypox outbreak can be contained, White House says",NA,737,737,0.89,2022-07-24 19:09:57,"en",-0.0771717008465947,"neutral",2,"post","Debates center on mpox spread among MSM, vaccine access challenges, and comparisons to COVID-19, alongside personal symptom accounts and frustration with public health failures.","MSM focus, vaccine inequity"
"r/news","https://www.reddit.com/r/news/comments/w5k61e/monkeypox_virus_could_become_entrenched_as_new/","Monkeypox virus could become entrenched as new STD in the US",NA,1207,1207,0.82,2022-07-22 20:13:40,"en",0.0493591857086246,"neutral",3,"post","Post-peak concerns include declining cases, lingering public health challenges (e.g., misinformation, isolation fatigue), and scientific analyses of mutations/long-term impacts.","Post-outbreak issues, mutations"
"r/news","https://www.reddit.com/r/news/comments/v4nflo/three_additional_monkeypox_cases_reported_in/","Three additional monkeypox cases reported in Toronto, six under investigation",NA,135,135,0.85,2022-06-04 12:01:38,"en",0.043140292258066,"neutral",7,"post","Cross-border spread of strains, personal accounts of severe symptoms, and critiques of institutional response delays and inequities.","Cross-border spread, severe cases"
"r/news","https://www.reddit.com/r/news/comments/w8eeme/years_of_neglect_leaves_sexual_health_clinics/","Years of neglect leaves sexual health clinics ill-prepared for monkeypox",NA,354,354,0.88,2022-07-26 08:37:15,"en",-0.123397964271561,"negative",1,"post","Discussions focus on global mpox transmission concerns, public health responses (especially vaccine distribution and messaging), and stigma, with emphasis on LGBTQ+ communities and personal experiences of symptoms/issues.","Transmission, stigma, vaccines"
"r/news","https://www.reddit.com/r/news/comments/uu90l1/world_health_organization_confirms_80_cases_of/","World Health Organization confirms 80 cases of monkeypox with outbreaks in 11 countries",NA,1680,1680,0.93,2022-05-20 22:08:32,"en",0.0658122476114994,"neutral",9,"post","Sociopolitical reactions dominate, including stigma, naming controversies, and comparisons to past pandemics, alongside frustration with institutional mismanagement.","Stigma, naming debates"
"r/news","https://www.reddit.com/r/news/comments/wryfsw/us_offers_extra_monkeypox_vaccine_doses_for_gay/","US offers extra monkeypox vaccine doses for gay pride events",NA,456,456,0.89,2022-08-18 23:37:42,"en",0.112164759870971,"positive",8,"post","Scientific/policy debates on mutations and reinfection, stigma’s role in public perception, and advocacy for marginalized groups amid systemic gaps.","Mutations, reinfection risks"
"r/news","https://www.reddit.com/r/news/comments/uwxzht/germany_orders_40000_vaccine_doses_as_precaution/","Germany orders 40,000 vaccine doses as precaution against monkeypox spread",NA,410,410,0.92,2022-05-24 18:49:03,"en",-0.0727581773124356,"neutral",7,"post","Cross-border spread of strains, personal accounts of severe symptoms, and critiques of institutional response delays and inequities.","Cross-border spread, severe cases"
"r/news","https://www.reddit.com/r/news/comments/uw4egf/slcohd_announces_probable_monkeypox_cases_in_two/","SLCoHD Announces Probable Monkeypox Cases in Two County Residents (Utah)",NA,119,119,0.84,2022-05-23 16:38:58,"en",0,"neutral",1,"post","Discussions focus on global mpox transmission concerns, public health responses (especially vaccine distribution and messaging), and stigma, with emphasis on LGBTQ+ communities and personal experiences of symptoms/issues.","Transmission, stigma, vaccines"
"r/news","https://www.reddit.com/r/news/comments/wwyxgd/3_children_infected_with_monkeypox_in_georgia/","3 children infected with monkeypox in Georgia",NA,424,424,0.92,2022-08-25 00:00:56,"en",-0.16708163346601,"negative",6,"post","Emergence of high-risk mpox variants (e.g., Clade I), underreported global spread, and debates over containment strategies beyond MSM communities.","New variants, containment struggles"
"r/news","https://www.reddit.com/r/news/comments/wbtk53/nyc_health_officials_look_to_rename_monkeypox/","NYC health officials look to rename monkeypox over stigma in communities of color",NA,728,728,0.75,2022-07-30 09:30:34,"en",-0.0756730785603714,"neutral",7,"post","Cross-border spread of strains, personal accounts of severe symptoms, and critiques of institutional response delays and inequities.","Cross-border spread, severe cases"
"r/news","https://www.reddit.com/r/news/comments/uwzprx/uae_announces_first_case_of_monkeypox_in_the/","UAE announces first case of monkeypox in the country",NA,185,185,0.87,2022-05-24 20:06:13,"en",0,"neutral",5,"post","Fears of mpox resurgence or endemicity, debates over vaccine strategies, and critiques of global disparities in outbreak response.","Resurgence fears, global disparities"
"r/news","https://www.reddit.com/r/news/comments/x1pevd/texas_reports_what_may_be_the_first_us_death_from/","Texas reports what may be the first U.S. death from monkeypox",NA,2050,2050,0.95,2022-08-30 17:42:54,"en",-0.118144556035541,"negative",4,"post","Criticism of systemic public health failures (e.g., vaccine disparities, bureaucratic delays) and anxiety about broadening transmission (e.g., pediatric cases, workplaces).","Systemic failures, inequity"
"r/news","https://www.reddit.com/r/news/comments/w9lefq/us_signs_off_on_800000_more_doses_of_monkeypox/","US signs off on 800,000 more doses of monkeypox vaccine",NA,194,194,0.93,2022-07-27 17:56:41,"en",0,"neutral",7,"post","Cross-border spread of strains, personal accounts of severe symptoms, and critiques of institutional response delays and inequities.","Cross-border spread, severe cases"
"r/news","https://www.reddit.com/r/news/comments/wgk2y1/cdc_estimates_17_million_gay_and_bisexual_men/","CDC estimates 1.7 million gay and bisexual men face highest risk from monkeypox",NA,1839,1839,0.9,2022-08-05 02:59:08,"en",-0.118144556035541,"negative",4,"post","Criticism of systemic public health failures (e.g., vaccine disparities, bureaucratic delays) and anxiety about broadening transmission (e.g., pediatric cases, workplaces).","Systemic failures, inequity"
"r/news","https://www.reddit.com/r/news/comments/vn15by/us_to_offer_monkeypox_vaccines_in_states_with/","US to offer monkeypox vaccines in states with high case rates",NA,616,616,0.93,2022-06-28 23:35:17,"en",0.0164530619028749,"neutral",2,"post","Debates center on mpox spread among MSM, vaccine access challenges, and comparisons to COVID-19, alongside personal symptom accounts and frustration with public health failures.","MSM focus, vaccine inequity"
"r/news","https://www.reddit.com/r/news/comments/w8wzkv/us_now_leads_globe_in_reported_monkeypox_cases/","US now leads globe in reported monkeypox cases, data shows",NA,5449,5449,0.94,2022-07-26 22:22:15,"en",0.0690244676129055,"neutral",9,"post","Sociopolitical reactions dominate, including stigma, naming controversies, and comparisons to past pandemics, alongside frustration with institutional mismanagement.","Stigma, naming debates"
"r/news","https://www.reddit.com/r/news/comments/w9njha/canadian_gay_and_bisexual_men_urged_to_cut_number/","Canadian gay and bisexual men urged to cut number of sexual partners - and get vaccinated - to stem monkeypox",NA,2517,2517,0.93,2022-07-27 19:25:10,"en",-0.0321548753527478,"neutral",7,"post","Cross-border spread of strains, personal accounts of severe symptoms, and critiques of institutional response delays and inequities.","Cross-border spread, severe cases"
"r/news","https://www.reddit.com/r/news/comments/wg31uq/african_monkeypox_cases_not_concentrated_among/","African monkeypox cases not concentrated among gay men, experts say",NA,956,956,0.85,2022-08-04 14:44:34,"en",0,"neutral",9,"post","Sociopolitical reactions dominate, including stigma, naming controversies, and comparisons to past pandemics, alongside frustration with institutional mismanagement.","Stigma, naming debates"
"r/news","https://www.reddit.com/r/news/comments/wf9f6e/some_lab_techs_refuse_to_take_blood_from_possible/","Some lab techs refuse to take blood from possible monkeypox patients, raising concerns about stigma and testing delays",NA,2698,2698,0.94,2022-08-03 15:23:53,"en",-0.340841678739127,"negative",8,"post","Scientific/policy debates on mutations and reinfection, stigma’s role in public perception, and advocacy for marginalized groups amid systemic gaps.","Mutations, reinfection risks"
"r/news","https://www.reddit.com/r/news/comments/w8mwdm/british_agencies_secure_funds_to_develop_standard/","British agencies secure funds to develop standard monkeypox tools",NA,139,139,0.89,2022-07-26 15:37:24,"en",0.109137265968653,"positive",6,"post","Emergence of high-risk mpox variants (e.g., Clade I), underreported global spread, and debates over containment strategies beyond MSM communities.","New variants, containment struggles"
"r/news","https://www.reddit.com/r/news/comments/wdx6d0/california_declares_state_of_emergency_over/","California declares state of emergency over monkeypox outbreak",NA,40118,40118,0.87,2022-08-02 00:29:03,"en",-0.299040340780554,"negative",5,"post","Fears of mpox resurgence or endemicity, debates over vaccine strategies, and critiques of global disparities in outbreak response.","Resurgence fears, global disparities"
"r/news","https://www.reddit.com/r/news/comments/uw3top/expert_monkeypox_likely_spread_by_sex_at_2_raves/","Expert: Monkeypox likely spread by sex at 2 raves in Europe",NA,15526,15526,0.94,2022-05-23 16:13:06,"en",0.120792818322585,"positive",7,"post","Cross-border spread of strains, personal accounts of severe symptoms, and critiques of institutional response delays and inequities.","Cross-border spread, severe cases"
"r/news","https://www.reddit.com/r/news/comments/vmzyk5/cdc_activates_emergency_operations_center_for/","CDC activates Emergency Operations Center for monkeypox",NA,2075,2075,0.93,2022-06-28 22:38:35,"en",-0.103125023043775,"negative",4,"post","Criticism of systemic public health failures (e.g., vaccine disparities, bureaucratic delays) and anxiety about broadening transmission (e.g., pediatric cases, workplaces).","Systemic failures, inequity"
"r/news","https://www.reddit.com/r/news/comments/w8qltj/more_than_1000_monkeypox_cases_confirmed_in_new/","More than 1,000 monkeypox cases confirmed in New York City | New York",NA,11972,11972,0.95,2022-07-26 18:04:50,"en",0.345514299960372,"positive",8,"post","Scientific/policy debates on mutations and reinfection, stigma’s role in public perception, and advocacy for marginalized groups amid systemic gaps.","Mutations, reinfection risks"
"r/worldnews","https://www.reddit.com/r/worldnews/comments/1i5ssv1/new_case_of_mpox_detected_in_england/","New case of mpox detected in England",NA,104,104,0.85,2025-01-20 15:32:52,"en",0.16500003687004,"positive",5,"post","Fears of mpox resurgence or endemicity, debates over vaccine strategies, and critiques of global disparities in outbreak response.","Resurgence fears, global disparities"
"r/worldnews","https://www.reddit.com/r/worldnews/comments/1ezi2zh/pakistan_confirms_second_mpox_case_amid_global/","Pakistan confirms second mpox case amid global outbreak",NA,56,56,0.8,2024-08-23 17:07:24,"en",-0.0771717008465947,"neutral",5,"post","Fears of mpox resurgence or endemicity, debates over vaccine strategies, and critiques of global disparities in outbreak response.","Resurgence fears, global disparities"
"r/worldnews","https://www.reddit.com/r/worldnews/comments/1fipfy6/philippines_reports_surge_in_mpox_cases/","Philippines reports surge in mpox cases",NA,49,49,0.8,2024-09-17 04:04:25,"en",0,"neutral",8,"post","Scientific/policy debates on mutations and reinfection, stigma’s role in public perception, and advocacy for marginalized groups amid systemic gaps.","Mutations, reinfection risks"
"r/worldnews","https://www.reddit.com/r/worldnews/comments/1et0qed/first_case_of_mpox_outside_of_africa_confirmed_in/","First case of mpox outside of Africa confirmed in Sweden",NA,95,95,0.83,2024-08-15 17:15:06,"en",0.0862805845161319,"neutral",3,"post","Post-peak concerns include declining cases, lingering public health challenges (e.g., misinformation, isolation fatigue), and scientific analyses of mutations/long-term impacts.","Post-outbreak issues, mutations"
"r/worldnews","https://www.reddit.com/r/worldnews/comments/1eue14q/heightened_mpox_vigilance_urged_by_eu_as_deadly/","Heightened mpox vigilance urged by EU as deadly virus spreads",NA,241,241,0.88,2024-08-17 09:51:55,"en",-0.129420876774198,"negative",3,"post","Post-peak concerns include declining cases, lingering public health challenges (e.g., misinformation, isolation fatigue), and scientific analyses of mutations/long-term impacts.","Post-outbreak issues, mutations"
"r/worldnews","https://www.reddit.com/r/worldnews/comments/1etm05n/mpox_vaccine_makers_shares_continue_rising_as/","Mpox Vaccine Maker’s Shares Continue Rising As Concern Over Virus Outbreak Grows",NA,53,53,0.8,2024-08-16 11:12:11,"en",-0.21188461996904,"negative",2,"post","Debates center on mpox spread among MSM, vaccine access challenges, and comparisons to COVID-19, alongside personal symptom accounts and frustration with public health failures.","MSM focus, vaccine inequity"
"r/worldnews","https://www.reddit.com/r/worldnews/comments/1gtc8kx/first_known_us_case_of_person_infected_with_new/","First known US case of person infected with new mpox strain reported",NA,74,74,0.81,2024-11-17 12:11:16,"en",-0.08663934109273,"neutral",8,"post","Scientific/policy debates on mutations and reinfection, stigma’s role in public perception, and advocacy for marginalized groups amid systemic gaps.","Mutations, reinfection risks"
"r/worldnews","https://www.reddit.com/r/worldnews/comments/1fvs18w/who_approves_first_mpox_diagnostic_test_for/","WHO approves first mpox diagnostic test for emergency use",NA,105,105,0.93,2024-10-04 05:37:05,"en",0.0454738608202723,"neutral",1,"post","Discussions focus on global mpox transmission concerns, public health responses (especially vaccine distribution and messaging), and stigma, with emphasis on LGBTQ+ communities and personal experiences of symptoms/issues.","Transmission, stigma, vaccines"
"r/worldnews","https://www.reddit.com/r/worldnews/comments/1k6mhe3/philippines_confirms_1_death_from_mpox_another_in/","Philippines confirms 1 death from mpox, another in hospital",NA,44,44,0.86,2025-04-24 07:38:34,"en",-0.144696939087365,"negative",2,"post","Debates center on mpox spread among MSM, vaccine access challenges, and comparisons to COVID-19, alongside personal symptom accounts and frustration with public health failures.","MSM focus, vaccine inequity"
"r/worldnews","https://www.reddit.com/r/worldnews/comments/1fw4j73/who_approves_first_mpox_diagnostic_test/","WHO approves first mpox diagnostic test",NA,55,55,0.84,2024-10-04 17:17:48,"en",0.222775511288014,"positive",6,"post","Emergence of high-risk mpox variants (e.g., Clade I), underreported global spread, and debates over containment strategies beyond MSM communities.","New variants, containment struggles"
"r/worldnews","https://www.reddit.com/r/worldnews/comments/1fv1fie/nsw_records_largest_mpox_outbreak_and_urges/","NSW records largest mpox outbreak and urges vaccination due to rising hospitalisations",NA,68,68,0.86,2024-10-03 06:25:44,"en",-0.126020859771244,"negative",8,"post","Scientific/policy debates on mutations and reinfection, stigma’s role in public perception, and advocacy for marginalized groups amid systemic gaps.","Mutations, reinfection risks"
"r/worldnews","https://www.reddit.com/r/worldnews/comments/1fc59z1/india_detects_1st_suspected_mpox_case/","India detects 1st suspected mpox case",NA,70,70,0.79,2024-09-08 18:56:41,"en",-0.133665306772808,"negative",7,"post","Cross-border spread of strains, personal accounts of severe symptoms, and critiques of institutional response delays and inequities.","Cross-border spread, severe cases"
"r/worldnews","https://www.reddit.com/r/worldnews/comments/1eywcqj/more_infectious_mpox_variant_is_detected_in/","More infectious mpox variant is detected in Thailand as new strain reaches third continent",NA,2986,2986,0.95,2024-08-22 22:22:48,"en",-0.233345289933671,"negative",8,"post","Scientific/policy debates on mutations and reinfection, stigma’s role in public perception, and advocacy for marginalized groups amid systemic gaps.","Mutations, reinfection risks"
"r/worldnews","https://www.reddit.com/r/worldnews/comments/1hx7c8n/china_discovers_cluster_of_new_mpox_strain/","China discovers cluster of new mpox strain",NA,208,208,0.88,2025-01-09 07:12:08,"en",0.04125000921751,"neutral",7,"post","Cross-border spread of strains, personal accounts of severe symptoms, and critiques of institutional response delays and inequities.","Cross-border spread, severe cases"
"r/worldnews","https://www.reddit.com/r/worldnews/comments/1evtjqj/1st_mpox_case_in_the_philippines_for_2024/","1st mpox case in the Philippines for 2024 detected – DOH",NA,102,102,0.89,2024-08-19 04:57:44,"en",0,"neutral",1,"post","Discussions focus on global mpox transmission concerns, public health responses (especially vaccine distribution and messaging), and stigma, with emphasis on LGBTQ+ communities and personal experiences of symptoms/issues.","Transmission, stigma, vaccines"
"r/worldnews","https://www.reddit.com/r/worldnews/comments/1escfso/mpox_outbreak_in_africa_is_public_health/","Mpox outbreak in Africa is public health emergency resembling early days of HIV, says WHO",NA,252,252,0.89,2024-08-14 20:53:24,"en",-0.218388186999389,"negative",3,"post","Post-peak concerns include declining cases, lingering public health challenges (e.g., misinformation, isolation fatigue), and scientific analyses of mutations/long-term impacts.","Post-outbreak issues, mutations"
"r/worldnews","https://www.reddit.com/r/worldnews/comments/1eszcke/first_case_of_more_contagious_mpox_found_outside/","First case of more contagious mpox found outside Africa",NA,548,548,0.9,2024-08-15 16:18:28,"en",-0.0491117696858941,"neutral",9,"post","Sociopolitical reactions dominate, including stigma, naming controversies, and comparisons to past pandemics, alongside frustration with institutional mismanagement.","Stigma, naming debates"
"r/worldnews","https://www.reddit.com/r/worldnews/comments/1filkkb/japan_pledges_3_mil_doses_of_mpox_vaccine_to_who/","Japan pledges 3 mil doses of mpox vaccine to WHO",NA,135,135,0.9,2024-09-17 01:01:09,"en",0,"neutral",8,"post","Scientific/policy debates on mutations and reinfection, stigma’s role in public perception, and advocacy for marginalized groups amid systemic gaps.","Mutations, reinfection risks"
"r/worldnews","https://www.reddit.com/r/worldnews/comments/1exis1x/thailand_says_mpox_case_recorded_in_foreigner/","Thailand says mpox case recorded in foreigner travelling from Africa",NA,111,111,0.85,2024-08-21 06:43:37,"en",-0.043140292258066,"neutral",4,"post","Criticism of systemic public health failures (e.g., vaccine disparities, bureaucratic delays) and anxiety about broadening transmission (e.g., pediatric cases, workplaces).","Systemic failures, inequity"
"r/worldnews","https://www.reddit.com/r/worldnews/comments/1etpqcw/mpox_thriving_near_gold_mines_refugee_camps_risks/","Mpox Thriving Near Gold Mines, Refugee Camps Risks Rapid Spread",NA,72,72,0.84,2024-08-16 14:08:14,"en",0.301982045806462,"positive",2,"post","Debates center on mpox spread among MSM, vaccine access challenges, and comparisons to COVID-19, alongside personal symptom accounts and frustration with public health failures.","MSM focus, vaccine inequity"
"r/worldnews","https://www.reddit.com/r/worldnews/comments/1f1uicb/the_virus_can_be_stopped_who_says_it_has_a_135/","'The virus can be stopped' – WHO says it has a $135 million plan to halt mpox spread; DRC vaccine delivery delayed",NA,404,404,0.92,2024-08-26 17:51:06,"en",-0.128120131431801,"negative",5,"post","Fears of mpox resurgence or endemicity, debates over vaccine strategies, and critiques of global disparities in outbreak response.","Resurgence fears, global disparities"
"r/worldnews","https://www.reddit.com/r/worldnews/comments/1f35843/children_dying_of_mpox_are_far_from_first_in_line/","Children Dying of Mpox Are Far From First in Line for a Vaccine | Children account for over 80% of mpox deaths in the Democratic Republic of the Congo, yet the first shots to arrive in the country won’t be given to the youngest and most vulnerable patients",NA,84,84,0.84,2024-08-28 08:44:49,"en",-0.0716368786767949,"neutral",8,"post","Scientific/policy debates on mutations and reinfection, stigma’s role in public perception, and advocacy for marginalized groups amid systemic gaps.","Mutations, reinfection risks"
"r/worldnews","https://www.reddit.com/r/worldnews/comments/1febsuh/mpox_vaccine_doses_finally_arrive_in_congo/","Mpox vaccine doses finally arrive in Congo, offering glimmers of hope",NA,91,91,0.89,2024-09-11 14:40:40,"en",0.148077557125874,"positive",7,"post","Cross-border spread of strains, personal accounts of severe symptoms, and critiques of institutional response delays and inequities.","Cross-border spread, severe cases"
"r/worldnews","https://www.reddit.com/r/worldnews/comments/1eto4kk/more_imported_cases_of_new_mpox_strain_in_europe/","More imported cases of new mpox strain in Europe expected, public health agency says",NA,71,71,0.84,2024-08-16 12:58:46,"en",0.122506277215177,"positive",8,"post","Scientific/policy debates on mutations and reinfection, stigma’s role in public perception, and advocacy for marginalized groups amid systemic gaps.","Mutations, reinfection risks"
"r/worldnews","https://www.reddit.com/r/worldnews/comments/1fioelh/malaysia_reports_new_mpox_case_of_less_severe/","Malaysia reports new mpox case of less severe variant",NA,38,38,0.79,2024-09-17 03:13:00,"en",0.145516354624871,"positive",1,"post","Discussions focus on global mpox transmission concerns, public health responses (especially vaccine distribution and messaging), and stigma, with emphasis on LGBTQ+ communities and personal experiences of symptoms/issues.","Transmission, stigma, vaccines"
"r/worldnews","https://www.reddit.com/r/worldnews/comments/1fogo9v/us_to_donate_1_million_mpox_vaccine_doses_to_halt/","US to donate 1 million mpox vaccine doses to halt outbreak in Africa",NA,57,57,0.84,2024-09-24 16:27:28,"en",-0.189031289656866,"negative",3,"post","Post-peak concerns include declining cases, lingering public health challenges (e.g., misinformation, isolation fatigue), and scientific analyses of mutations/long-term impacts.","Post-outbreak issues, mutations"
"r/worldnews","https://www.reddit.com/r/worldnews/comments/1etad7e/mpox_sweden_confirms_first_case_of_more_grave/","Mpox: Sweden confirms first case of ‘more grave’ variant outside Africa",NA,151,151,0.89,2024-08-15 23:52:38,"en",-0.148077557125874,"negative",9,"post","Sociopolitical reactions dominate, including stigma, naming controversies, and comparisons to past pandemics, alongside frustration with institutional mismanagement.","Stigma, naming debates"
"r/worldnews","https://www.reddit.com/r/worldnews/comments/1f606xm/mpox_uae_sends_vaccines_to_5_countries_to_combat/","Mpox: UAE sends vaccines to 5 countries to combat outbreak of virus",NA,102,102,0.87,2024-08-31 23:10:37,"en",-0.296155114251747,"negative",6,"post","Emergence of high-risk mpox variants (e.g., Clade I), underreported global spread, and debates over containment strategies beyond MSM communities.","New variants, containment struggles"
"r/worldnews","https://www.reddit.com/r/worldnews/comments/1ewzslt/africa_to_launch_mpox_vaccination_campaigns/","Africa to launch mpox vaccination campaigns within days as cases surge",NA,75,75,0.87,2024-08-20 16:18:24,"en",-0.0164530619028749,"neutral",4,"post","Criticism of systemic public health failures (e.g., vaccine disparities, bureaucratic delays) and anxiety about broadening transmission (e.g., pediatric cases, workplaces).","Systemic failures, inequity"
"r/worldnews","https://www.reddit.com/r/worldnews/comments/1fs6llo/mpox_in_africa_vaccine_efforts_ramp_up_an/","Mpox in Africa: Vaccine efforts ramp up. An alarming surge in mpox cases has hit Africa, with more than 32,000 suspected infections recorded",NA,117,117,0.91,2024-09-29 15:13:00,"en",-0.327768021093313,"negative",5,"post","Fears of mpox resurgence or endemicity, debates over vaccine strategies, and critiques of global disparities in outbreak response.","Resurgence fears, global disparities"
"r/worldnews","https://www.reddit.com/r/worldnews/comments/1hagwaq/morocco_produces_africas_first_mpox_tests_as_the/","Morocco produces Africa’s first mpox tests as the continent tries to rely less on imports",NA,126,126,0.94,2024-12-09 18:41:32,"en",0,"neutral",8,"post","Scientific/policy debates on mutations and reinfection, stigma’s role in public perception, and advocacy for marginalized groups amid systemic gaps.","Mutations, reinfection risks"
"r/worldnews","https://www.reddit.com/r/worldnews/comments/1fp2d3u/india_confirms_first_case_of_deadlier_mpox_strain/","India confirms first case of deadlier mpox strain.",NA,150,150,0.88,2024-09-25 11:43:48,"en",-0.115757551269892,"negative",3,"post","Post-peak concerns include declining cases, lingering public health challenges (e.g., misinformation, isolation fatigue), and scientific analyses of mutations/long-term impacts.","Post-outbreak issues, mutations"
"r/worldnews","https://www.reddit.com/r/worldnews/comments/1gvyk81/un_authorizes_first_mpox_vaccine_for_children_in/","UN authorizes first mpox vaccine for children in an attempt to control Congo outbreak",NA,49,49,0.84,2024-11-20 19:55:54,"en",-0.116672644966836,"negative",3,"post","Post-peak concerns include declining cases, lingering public health challenges (e.g., misinformation, isolation fatigue), and scientific analyses of mutations/long-term impacts.","Post-outbreak issues, mutations"
"r/worldnews","https://www.reddit.com/r/worldnews/comments/1f30qwi/scientists_studying_the_new_mpox_strain_that_has/","Scientists studying the new mpox strain that has spread out of Democratic Republic of Congo say the virus is changing faster than expected, and often in areas where experts lack the funding and equipment to properly track it",NA,209,209,0.91,2024-08-28 03:47:57,"en",0.0486871065553427,"neutral",8,"post","Scientific/policy debates on mutations and reinfection, stigma’s role in public perception, and advocacy for marginalized groups amid systemic gaps.","Mutations, reinfection risks"
"r/worldnews","https://www.reddit.com/r/worldnews/comments/1fe32d4/mpox_in_dr_congo_medics_plead_for_vaccines_as/","Mpox in DR Congo: Medics plead for vaccines as rate of infections increases",NA,81,81,0.84,2024-09-11 05:52:28,"en",-0.151346157120743,"negative",7,"post","Cross-border spread of strains, personal accounts of severe symptoms, and critiques of institutional response delays and inequities.","Cross-border spread, severe cases"
"r/worldnews","https://www.reddit.com/r/worldnews/comments/1f4rt0x/congos_refugee_camps_face_severe_mpox_outbreak/","Congo’s refugee camps face severe mpox outbreak",NA,66,66,0.86,2024-08-30 10:22:46,"en",-0.277818123047741,"negative",5,"post","Fears of mpox resurgence or endemicity, debates over vaccine strategies, and critiques of global disparities in outbreak response.","Resurgence fears, global disparities"
"r/worldnews","https://www.reddit.com/r/worldnews/comments/1ew1i18/philippines_detects_first_mpox_case_this_year_yet/","Philippines detects first mpox case this year, yet to determine strain",NA,104,104,0.91,2024-08-19 13:15:02,"en",-0.0987183714172491,"neutral",1,"post","Discussions focus on global mpox transmission concerns, public health responses (especially vaccine distribution and messaging), and stigma, with emphasis on LGBTQ+ communities and personal experiences of symptoms/issues.","Transmission, stigma, vaccines"
"r/worldnews","https://www.reddit.com/r/worldnews/comments/1gp3hre/first_local_transmissions_of_clade_ib_mpox_in/","First Local Transmissions of Clade Ib Mpox in Europe Confirmed in the U.K.",NA,41,41,0.81,2024-11-11 21:18:21,"en",0.0729204031042722,"neutral",1,"post","Discussions focus on global mpox transmission concerns, public health responses (especially vaccine distribution and messaging), and stigma, with emphasis on LGBTQ+ communities and personal experiences of symptoms/issues.","Transmission, stigma, vaccines"
"r/worldnews","https://www.reddit.com/r/worldnews/comments/1fg2c66/mpox_vaccines_arrive_in_congo_but_not_fast_enough/","Mpox vaccines arrive in Congo, but not fast enough as the disease spreads and deaths mount fast",NA,135,135,0.88,2024-09-13 18:49:53,"en",-0.223337882951414,"negative",8,"post","Scientific/policy debates on mutations and reinfection, stigma’s role in public perception, and advocacy for marginalized groups amid systemic gaps.","Mutations, reinfection risks"
"r/worldnews","https://www.reddit.com/r/worldnews/comments/1ewy2nx/latest_mpox_data_in_africa_more_cases_registered/","Latest mpox data in Africa: More cases registered in 2024 than in past two years",NA,39,39,0.83,2024-08-20 15:10:22,"en",0,"neutral",9,"post","Sociopolitical reactions dominate, including stigma, naming controversies, and comparisons to past pandemics, alongside frustration with institutional mismanagement.","Stigma, naming debates"
"r/worldnews","https://www.reddit.com/r/worldnews/comments/1eyny1j/mpox_thailand_confirms_clade_1b_strain_for_first/","Mpox: Thailand confirms Clade 1b strain for first time in Asia",NA,66,66,0.85,2024-08-22 16:35:59,"en",-0.0987183714172491,"neutral",9,"post","Sociopolitical reactions dominate, including stigma, naming controversies, and comparisons to past pandemics, alongside frustration with institutional mismanagement.","Stigma, naming debates"
"r/worldnews","https://www.reddit.com/r/worldnews/comments/1f6ufw9/netherlands_a_majority_of_mps_want_farright/","Netherlands: A majority of MPs want far-right health minister Fleur Agema to do a u-turn and send Mpox vaccines to Africa, as called for by the World Health Organization and the EU",NA,115,115,0.83,2024-09-02 01:14:10,"en",0.135697428574607,"positive",3,"post","Post-peak concerns include declining cases, lingering public health challenges (e.g., misinformation, isolation fatigue), and scientific analyses of mutations/long-term impacts.","Post-outbreak issues, mutations"
"r/worldnews","https://www.reddit.com/r/worldnews/comments/1cbd3oh/monkeypox_virus_dangerous_strain_gains_ability_to/","Monkeypox virus: dangerous strain gains ability to spread through sex, new data from Central Africa suggest",NA,297,297,0.92,2024-04-23 19:12:55,"en",0.040926474738245,"neutral",9,"post","Sociopolitical reactions dominate, including stigma, naming controversies, and comparisons to past pandemics, alongside frustration with institutional mismanagement.","Stigma, naming debates"
"r/worldnews","https://www.reddit.com/r/worldnews/comments/vplg1v/who_monkeypox_cases_in_europe_have_tripled_in/","WHO: Monkeypox cases in Europe have tripled in last 2 weeks",NA,409,409,0.88,2022-07-02 06:33:13,"en",0,"neutral",5,"post","Fears of mpox resurgence or endemicity, debates over vaccine strategies, and critiques of global disparities in outbreak response.","Resurgence fears, global disparities"
"r/worldnews","https://www.reddit.com/r/worldnews/comments/vx9dsa/monkeypox_could_become_endemic_if_urgent_action/","Monkeypox could become 'endemic' if urgent action isn't taken, experts warn",NA,856,856,0.87,2022-07-12 11:53:21,"en",-0.0411326547571871,"neutral",7,"post","Cross-border spread of strains, personal accounts of severe symptoms, and critiques of institutional response delays and inequities.","Cross-border spread, severe cases"
"r/worldnews","https://www.reddit.com/r/worldnews/comments/usnga6/health_authorities_in_spain_have_issued_an_alert/","Health authorities in Spain have issued an alert over a possible outbreak of monkeypox after 23 people showed symptoms compatible with the viral infection, which has already been detected in the UK and Portugal.",NA,397,397,0.93,2022-05-18 21:36:04,"en",-0.161486055216512,"negative",7,"post","Cross-border spread of strains, personal accounts of severe symptoms, and critiques of institutional response delays and inequities.","Cross-border spread, severe cases"
"r/worldnews","https://www.reddit.com/r/worldnews/comments/w4o386/monkeypox_vaccine_should_be_given_to_gay/","Monkeypox vaccine should be given to gay community first, experts say",NA,177,177,0.82,2022-07-21 18:34:34,"en",0.0987183714172491,"neutral",5,"post","Fears of mpox resurgence or endemicity, debates over vaccine strategies, and critiques of global disparities in outbreak response.","Resurgence fears, global disparities"
"r/worldnews","https://www.reddit.com/r/worldnews/comments/uyw1kl/monkeypox_can_be_contained_if_we_act_now_who_says/","Monkeypox can be contained if we act now, WHO says",NA,393,393,0.93,2022-05-27 11:21:11,"en",0,"neutral",6,"post","Emergence of high-risk mpox variants (e.g., Clade I), underreported global spread, and debates over containment strategies beyond MSM communities.","New variants, containment struggles"
"r/worldnews","https://www.reddit.com/r/worldnews/comments/uwo6z5/monkeypox_conspiracy_theories_blaming_us_for/","Monkeypox Conspiracy Theories, Blaming US For Spread, Swirl In China",NA,237,237,0.81,2022-05-24 11:02:27,"en",-0.258841753548396,"negative",8,"post","Scientific/policy debates on mutations and reinfection, stigma’s role in public perception, and advocacy for marginalized groups amid systemic gaps.","Mutations, reinfection risks"
"r/worldnews","https://www.reddit.com/r/worldnews/comments/utspkv/number_of_people_with_monkeypox_in_uk_more_than/","Number of people with monkeypox in UK more than doubles to 20",NA,638,638,0.9,2022-05-20 11:31:02,"en",0,"neutral",6,"post","Emergence of high-risk mpox variants (e.g., Clade I), underreported global spread, and debates over containment strategies beyond MSM communities.","New variants, containment struggles"
"r/worldnews","https://www.reddit.com/r/worldnews/comments/uubbib/monkeypox_cases_in_belgium_may_be_linked_to/","Monkeypox cases in Belgium may be linked to fetish festival: Organizers",NA,794,794,0.93,2022-05-21 00:10:43,"en",0.0822653095143743,"neutral",6,"post","Emergence of high-risk mpox variants (e.g., Clade I), underreported global spread, and debates over containment strategies beyond MSM communities.","New variants, containment struggles"
"r/worldnews","https://www.reddit.com/r/worldnews/comments/wqh1m3/monkeypox_can_spread_to_pet_dogs_doctors_report/","Monkeypox can spread to pet dogs, doctors report",NA,62,62,0.85,2022-08-17 05:56:38,"en",0,"neutral",7,"post","Cross-border spread of strains, personal accounts of severe symptoms, and critiques of institutional response delays and inequities.","Cross-border spread, severe cases"
"r/worldnews","https://www.reddit.com/r/worldnews/comments/uvspzl/100_confirmed_cases_of_monkeypox_in_12_countries/","100+ confirmed cases of monkeypox in 12 countries &amp; spreading",NA,798,798,0.88,2022-05-23 05:04:44,"en",0.0964646260582434,"neutral",1,"post","Discussions focus on global mpox transmission concerns, public health responses (especially vaccine distribution and messaging), and stigma, with emphasis on LGBTQ+ communities and personal experiences of symptoms/issues.","Transmission, stigma, vaccines"
"r/worldnews","https://www.reddit.com/r/worldnews/comments/ut88wr/17_suspected_monkeypox_cases_seen_in_montreal_as/","17 suspected monkeypox cases seen in Montreal, as European tally increases",NA,498,498,0.94,2022-05-19 17:15:27,"en",-0.0345122338064527,"neutral",1,"post","Discussions focus on global mpox transmission concerns, public health responses (especially vaccine distribution and messaging), and stigma, with emphasis on LGBTQ+ communities and personal experiences of symptoms/issues.","Transmission, stigma, vaccines"
"r/worldnews","https://www.reddit.com/r/worldnews/comments/v1xvhi/monkeypox_patients_warned_to_stop_having_sex_and/","Monkeypox patients warned to stop having sex and use condoms for eight weeks after virus. Health chiefs, including the UK Health Security Agency, released new guidance today that advised any monkeypox patients to stop having sex and then use condoms for eight weeks after infection.",NA,432,432,0.92,2022-05-31 19:25:40,"en",-0.0637129812080664,"neutral",8,"post","Scientific/policy debates on mutations and reinfection, stigma’s role in public perception, and advocacy for marginalized groups amid systemic gaps.","Mutations, reinfection risks"
"r/worldnews","https://www.reddit.com/r/worldnews/comments/uwmdos/monkeypox_not_a_gay_disease_whos_sexually/","Monkeypox ""not a gay disease,"" , WHO's sexually transmitted disease expert has stressed.",NA,40677,40677,0.85,2022-05-24 08:56:17,"en",0.133897163506946,"positive",8,"post","Scientific/policy debates on mutations and reinfection, stigma’s role in public perception, and advocacy for marginalized groups amid systemic gaps.","Mutations, reinfection risks"
"r/worldnews","https://www.reddit.com/r/worldnews/comments/uzlu5z/monkeypox_outbreak_could_be_just_the_peak_of_the/","Monkeypox outbreak could be just ‘the peak of the iceberg’, WHO warns",NA,179,179,0.72,2022-05-28 11:59:29,"en",-0.165402378449757,"negative",8,"post","Scientific/policy debates on mutations and reinfection, stigma’s role in public perception, and advocacy for marginalized groups amid systemic gaps.","Mutations, reinfection risks"
"r/worldnews","https://www.reddit.com/r/worldnews/comments/utr3bz/monkeypox_outbreak_spreads_to_germany_and_belgium/","Monkeypox outbreak spreads to Germany and Belgium",NA,4700,4700,0.94,2022-05-20 10:23:31,"en",-0.16500003687004,"negative",9,"post","Sociopolitical reactions dominate, including stigma, naming controversies, and comparisons to past pandemics, alongside frustration with institutional mismanagement.","Stigma, naming debates"
"r/worldnews","https://www.reddit.com/r/worldnews/comments/uv92nh/belgium_becomes_first_country_to_introduce/","Belgium becomes first country to introduce compulsory monkeypox quarantine",NA,9337,9337,0.88,2022-05-22 11:29:07,"en",-0.0727581773124356,"neutral",7,"post","Cross-border spread of strains, personal accounts of severe symptoms, and critiques of institutional response delays and inequities.","Cross-border spread, severe cases"
"r/worldnews","https://www.reddit.com/r/worldnews/comments/uu8cck/african_scientists_baffled_by_monkeypox_cases_in/","African scientists baffled by monkeypox cases in Europe, US",NA,534,534,0.93,2022-05-20 21:35:50,"en",-0.109137265968653,"negative",1,"post","Discussions focus on global mpox transmission concerns, public health responses (especially vaccine distribution and messaging), and stigma, with emphasis on LGBTQ+ communities and personal experiences of symptoms/issues.","Transmission, stigma, vaccines"
"r/worldnews","https://www.reddit.com/r/worldnews/comments/uvq9kj/un_denounces_homophobic_and_racist_reporting_on/","UN denounces ‘homophobic and racist’ reporting on monkeypox spread",NA,1024,1024,0.84,2022-05-23 02:34:57,"en",-0.291032709249743,"negative",4,"post","Criticism of systemic public health failures (e.g., vaccine disparities, bureaucratic delays) and anxiety about broadening transmission (e.g., pediatric cases, workplaces).","Systemic failures, inequity"
"r/worldnews","https://www.reddit.com/r/worldnews/comments/uu5krq/israel_reports_first_suspected_case_of_monkeypox/","Israel reports first suspected case of monkeypox in man who returned from Europe",NA,1375,1375,0.93,2022-05-20 19:21:59,"en",-0.0908076942724456,"neutral",6,"post","Emergence of high-risk mpox variants (e.g., Clade I), underreported global spread, and debates over containment strategies beyond MSM communities.","New variants, containment struggles"
"r/worldnews","https://www.reddit.com/r/worldnews/comments/uso1ft/us_confirms_monkeypox_case_in_man_who_recently/","U.S. confirms monkeypox case in man who recently travelled to Canada - National",NA,476,476,0.94,2022-05-18 22:03:40,"en",0,"neutral",1,"post","Discussions focus on global mpox transmission concerns, public health responses (especially vaccine distribution and messaging), and stigma, with emphasis on LGBTQ+ communities and personal experiences of symptoms/issues.","Transmission, stigma, vaccines"
"r/worldnews","https://www.reddit.com/r/worldnews/comments/ur2vhj/monkeypox_four_more_cases_of_rare_viral_infection/","Monkeypox: Four more cases of rare viral infection have been confirmed in England",NA,132,132,0.89,2022-05-16 18:41:55,"en",-0.0681057707043343,"neutral",2,"post","Debates center on mpox spread among MSM, vaccine access challenges, and comparisons to COVID-19, alongside personal symptom accounts and frustration with public health failures.","MSM focus, vaccine inequity"
"r/worldnews","https://www.reddit.com/r/worldnews/comments/vc8gi2/monkeypox_to_get_a_new_name_says_who/","Monkeypox to get a new name, says WHO",NA,60,60,0.77,2022-06-14 17:16:07,"en",0.154343401693189,"positive",3,"post","Post-peak concerns include declining cases, lingering public health challenges (e.g., misinformation, isolation fatigue), and scientific analyses of mutations/long-term impacts.","Post-outbreak issues, mutations"
"r/worldnews","https://www.reddit.com/r/worldnews/comments/uvn8ff/more_than_100_confirmed_or_suspected_cases_of/","More than 100 confirmed or suspected cases of monkeypox have been reported in 12 countries, including the US",NA,232,232,0.91,2022-05-22 23:41:15,"en",0.0572970646335431,"neutral",8,"post","Scientific/policy debates on mutations and reinfection, stigma’s role in public perception, and advocacy for marginalized groups amid systemic gaps.","Mutations, reinfection risks"
"r/worldnews","https://www.reddit.com/r/worldnews/comments/usifjc/monkeypox_outbreak_spreads_in_europe_as_uk/","Monkeypox outbreak spreads in Europe as U.K., Portugal confirm cases",NA,241,241,0.94,2022-05-18 17:42:45,"en",-0.131624495222999,"negative",8,"post","Scientific/policy debates on mutations and reinfection, stigma’s role in public perception, and advocacy for marginalized groups amid systemic gaps.","Mutations, reinfection risks"
"r/worldnews","https://www.reddit.com/r/worldnews/comments/upybqm/two_people_diagnosed_with_monkeypox_in_london/","Two people diagnosed with monkeypox in London, health officials say",NA,253,253,0.92,2022-05-15 04:35:35,"en",0,"neutral",5,"post","Fears of mpox resurgence or endemicity, debates over vaccine strategies, and critiques of global disparities in outbreak response.","Resurgence fears, global disparities"
"r/worldnews","https://www.reddit.com/r/worldnews/comments/utyz5o/monkeypox_outbreak_in_europe_and_north_america/","Monkeypox Outbreak In Europe And North America, WHO Calls Emergency Meeting",NA,158,158,0.91,2022-05-20 15:12:34,"en",-0.25502245949456,"negative",3,"post","Post-peak concerns include declining cases, lingering public health challenges (e.g., misinformation, isolation fatigue), and scientific analyses of mutations/long-term impacts.","Post-outbreak issues, mutations"
"r/worldnews","https://www.reddit.com/r/worldnews/comments/vjksat/monkeypox_vaccines_offered_to_gay_and_bisexual/","Monkeypox vaccines offered to gay and bisexual men in New York, Canada and U.K.",NA,166,166,0.87,2022-06-24 09:55:46,"en",0.112716483612588,"positive",5,"post","Fears of mpox resurgence or endemicity, debates over vaccine strategies, and critiques of global disparities in outbreak response.","Resurgence fears, global disparities"
"r/worldnews","https://www.reddit.com/r/worldnews/comments/uyf5g0/mystery_monkeypox_outbreak_sparked_by_sex_raves/","Mystery monkeypox outbreak sparked by sex raves in Europe",NA,66,66,0.67,2022-05-26 19:15:59,"en",-0.200084987609198,"negative",6,"post","Emergence of high-risk mpox variants (e.g., Clade I), underreported global spread, and debates over containment strategies beyond MSM communities.","New variants, containment struggles"
"r/worldnews","https://www.reddit.com/r/worldnews/comments/uv9sk9/more_cases_of_monkeypox_expected_to_emerge_around/","More cases of monkeypox expected to emerge around the world, WHO says - National",NA,127,127,0.83,2022-05-22 12:16:29,"en",0,"neutral",4,"post","Criticism of systemic public health failures (e.g., vaccine disparities, bureaucratic delays) and anxiety about broadening transmission (e.g., pediatric cases, workplaces).","Systemic failures, inequity"
"r/worldnews","https://www.reddit.com/r/worldnews/comments/uw42b7/monkeypox_likely_spread_by_sex_at_two_raves_in/","Monkeypox likely spread by sex at two raves in Europe, expert says",NA,95,95,0.83,2022-05-23 16:23:40,"en",0.110268252299838,"positive",6,"post","Emergence of high-risk mpox variants (e.g., Clade I), underreported global spread, and debates over containment strategies beyond MSM communities.","New variants, containment struggles"
"r/worldnews","https://www.reddit.com/r/worldnews/comments/vplsx2/who_says_monkeypox_cases_triple_in_europe_in_two/","WHO says monkeypox cases triple in Europe in two weeks, urgent action needed to contain spread",NA,6226,6226,0.93,2022-07-02 06:58:23,"en",-0.0682107912304084,"neutral",8,"post","Scientific/policy debates on mutations and reinfection, stigma’s role in public perception, and advocacy for marginalized groups amid systemic gaps.","Mutations, reinfection risks"
"r/worldnews","https://www.reddit.com/r/worldnews/comments/wqq5p9/monkeypox_is_accelerating_so_fast_the_only/","Monkeypox is accelerating so fast the only approved vaccine maker admits it doesn’t know if it can keep up with demand",NA,4462,4462,0.93,2022-08-17 14:17:50,"en",0.00232681432856096,"neutral",5,"post","Fears of mpox resurgence or endemicity, debates over vaccine strategies, and critiques of global disparities in outbreak response.","Resurgence fears, global disparities"
"r/worldnews","https://www.reddit.com/r/worldnews/comments/utig1l/canada_confirms_first_2_cases_of_monkeypox_in/","Canada confirms first 2 cases of monkeypox in Quebec",NA,196,196,0.89,2022-05-20 01:41:27,"en",0,"neutral",4,"post","Criticism of systemic public health failures (e.g., vaccine disparities, bureaucratic delays) and anxiety about broadening transmission (e.g., pediatric cases, workplaces).","Systemic failures, inequity"
"r/worldnews","https://www.reddit.com/r/worldnews/comments/uuwpjb/toronto_investigating_first_suspected_case_of/","Toronto investigating first suspected case of monkeypox",NA,1368,1368,0.94,2022-05-21 21:42:49,"en",-0.12375002765253,"negative",9,"post","Sociopolitical reactions dominate, including stigma, naming controversies, and comparisons to past pandemics, alongside frustration with institutional mismanagement.","Stigma, naming debates"
"r/worldnews","https://www.reddit.com/r/worldnews/comments/uwb39g/us_let_monkeypox_loose_conspiracy_theories_swirl/","‘US let monkeypox loose’ conspiracy theories swirl on China’s Weibo platform",NA,51,51,0.7,2022-05-23 21:38:16,"en",-0.118144556035541,"negative",8,"post","Scientific/policy debates on mutations and reinfection, stigma’s role in public perception, and advocacy for marginalized groups amid systemic gaps.","Mutations, reinfection risks"
"r/worldnews","https://www.reddit.com/r/worldnews/comments/uswus5/rare_monkeypox_outbreak_in_uk_europe_and_us_might/","Rare monkeypox outbreak in U.K., Europe and U.S.; might be sexually transmitted",NA,2986,2986,0.94,2022-05-19 06:10:03,"en",-0.0802124434146995,"neutral",7,"post","Cross-border spread of strains, personal accounts of severe symptoms, and critiques of institutional response delays and inequities.","Cross-border spread, severe cases"
"r/worldnews","https://www.reddit.com/r/worldnews/comments/ur2tcy/monkeypox_four_more_cases_detected_in_england/","Monkeypox: Four more cases detected in England",NA,101,101,0.88,2022-05-16 18:39:18,"en",0,"neutral",8,"post","Scientific/policy debates on mutations and reinfection, stigma’s role in public perception, and advocacy for marginalized groups amid systemic gaps.","Mutations, reinfection risks"
"r/worldnews","https://www.reddit.com/r/worldnews/comments/wnbawl/to_prevent_offending_anyones_culture_who/","'To prevent offending anyone's culture,' WHO announces new names for variants of monkeypox virus",NA,21,21,0.6,2022-08-13 10:27:25,"en",0.0218761209312817,"neutral",2,"post","Debates center on mpox spread among MSM, vaccine access challenges, and comparisons to COVID-19, alongside personal symptom accounts and frustration with public health failures.","MSM focus, vaccine inequity"
"r/worldnews","https://www.reddit.com/r/worldnews/comments/v2rubw/monkeypox_outbreak_mostly_in_young_men_in_london/","Monkeypox outbreak mostly in young men in London.",NA,44,44,0.78,2022-06-01 21:22:57,"en",-0.0771717008465947,"neutral",7,"post","Cross-border spread of strains, personal accounts of severe symptoms, and critiques of institutional response delays and inequities.","Cross-border spread, severe cases"
"r/worldnews","https://www.reddit.com/r/worldnews/comments/v18bdb/monkeypox_cases_rise_as_guidance_advises_infected/","Monkeypox cases rise as guidance advises infected to abstain from sex",NA,41,41,0.73,2022-05-30 19:52:15,"en",-0.0246795928543123,"neutral",9,"post","Sociopolitical reactions dominate, including stigma, naming controversies, and comparisons to past pandemics, alongside frustration with institutional mismanagement.","Stigma, naming debates"
"r/worldnews","https://www.reddit.com/r/worldnews/comments/vbeotx/uk_reports_nearly_500_cases_of_monkeypox_mostly/","U.K. reports nearly 500 cases of monkeypox, mostly in men",NA,78,78,0.86,2022-06-13 15:24:08,"en",0,"neutral",7,"post","Cross-border spread of strains, personal accounts of severe symptoms, and critiques of institutional response delays and inequities.","Cross-border spread, severe cases"
"r/worldnews","https://www.reddit.com/r/worldnews/comments/wixi7g/medical_staff_call_to_be_vaccinated_against/","Medical staff call to be vaccinated against monkeypox after doctor infected",NA,334,334,0.91,2022-08-08 02:48:32,"en",-0.123397964271561,"negative",7,"post","Cross-border spread of strains, personal accounts of severe symptoms, and critiques of institutional response delays and inequities.","Cross-border spread, severe cases"
"r/worldnews","https://www.reddit.com/r/worldnews/comments/uwngo0/monkeypox_investigation_linked_to_canary_islands/","Monkeypox investigation linked to Canary Islands parties after Brit tourist tests positive. Portuguese authorities believe the first cases in the country came from a man who attended parties in the Canary Islands in April and May.",NA,355,355,0.92,2022-05-24 10:15:09,"en",0.105708400386813,"positive",8,"post","Scientific/policy debates on mutations and reinfection, stigma’s role in public perception, and advocacy for marginalized groups amid systemic gaps.","Mutations, reinfection risks"
"r/worldnews","https://www.reddit.com/r/worldnews/comments/uua4g2/world_health_organization_confirms_80_cases_of/","World Health Organization confirms 80 cases of monkeypox with outbreaks in 11 countries",NA,3705,3705,0.95,2022-05-20 23:04:44,"en",0.0658122476114994,"neutral",2,"post","Debates center on mpox spread among MSM, vaccine access challenges, and comparisons to COVID-19, alongside personal symptom accounts and frustration with public health failures.","MSM focus, vaccine inequity"
"r/worldnews","https://www.reddit.com/r/worldnews/comments/vgaua1/42_countries_reported_2103_cases_of_monkeypox/","42 countries reported 2,103 cases of monkeypox since January: WHO",NA,60,60,0.78,2022-06-20 02:30:03,"en",0,"neutral",7,"post","Cross-border spread of strains, personal accounts of severe symptoms, and critiques of institutional response delays and inequities.","Cross-border spread, severe cases"
"r/worldnews","https://www.reddit.com/r/worldnews/comments/ut7on9/montreal_health_officials_investigating_17/","Montreal health officials investigating 17 suspected cases of monkeypox",NA,79,79,0.87,2022-05-19 16:49:36,"en",-0.115757551269892,"negative",8,"post","Scientific/policy debates on mutations and reinfection, stigma’s role in public perception, and advocacy for marginalized groups amid systemic gaps.","Mutations, reinfection risks"
"r/worldnews","https://www.reddit.com/r/worldnews/comments/vjmq2q/who_weighs_declaring_monkeypox_a_global_emergency/","WHO weighs declaring monkeypox a global emergency as European cases surge",NA,61,61,0.81,2022-06-24 11:56:02,"en",-0.057585716660062,"neutral",8,"post","Scientific/policy debates on mutations and reinfection, stigma’s role in public perception, and advocacy for marginalized groups amid systemic gaps.","Mutations, reinfection risks"
"r/worldnews","https://www.reddit.com/r/worldnews/comments/v41dwh/who_does_a_uturn_on_monkeypox_says_unsure_whether/","WHO does a U-turn on monkeypox, says unsure whether it can be contained",NA,49,49,0.81,2022-06-03 15:04:58,"en",-0.0729204031042722,"neutral",2,"post","Debates center on mpox spread among MSM, vaccine access challenges, and comparisons to COVID-19, alongside personal symptom accounts and frustration with public health failures.","MSM focus, vaccine inequity"
"r/worldnews","https://www.reddit.com/r/worldnews/comments/uz931c/monkeypox_patients_should_avoid_pet_contact_the/","""Monkeypox patients should avoid pet contact"" the UK Health Security Agency says.",NA,164,164,0.91,2022-05-27 22:07:25,"en",-0.0157526074714055,"neutral",2,"post","Debates center on mpox spread among MSM, vaccine access challenges, and comparisons to COVID-19, alongside personal symptom accounts and frustration with public health failures.","MSM focus, vaccine inequity"
"r/worldnews","https://www.reddit.com/r/worldnews/comments/utysw2/quebec_confirms_first_two_cases_of_monkeypox_20/","Quebec confirms first two cases of monkeypox; 20 other suspected cases under investigation",NA,144,144,0.91,2022-05-20 15:06:36,"en",-0.0945156448284328,"neutral",1,"post","Discussions focus on global mpox transmission concerns, public health responses (especially vaccine distribution and messaging), and stigma, with emphasis on LGBTQ+ communities and personal experiences of symptoms/issues.","Transmission, stigma, vaccines"
"r/worldnews","https://www.reddit.com/r/worldnews/comments/vxp47v/who_to_convene_second_emergency_meeting_to_decide/","WHO to convene second emergency meeting to decide if monkeypox is a global health threat as cases rise to 9,200",NA,71,71,0.83,2022-07-12 23:47:10,"en",-0.137707932806539,"negative",6,"post","Emergence of high-risk mpox variants (e.g., Clade I), underreported global spread, and debates over containment strategies beyond MSM communities.","New variants, containment struggles"
"r/worldnews","https://www.reddit.com/r/worldnews/comments/ut4fbe/uk_is_stockpiling_thousands_of_monkeypox_vaccines/","UK is stockpiling 'thousands' of monkeypox vaccines and drugs as UK cases rise to nine",NA,1163,1163,0.93,2022-05-19 14:17:29,"en",0,"neutral",3,"post","Post-peak concerns include declining cases, lingering public health challenges (e.g., misinformation, isolation fatigue), and scientific analyses of mutations/long-term impacts.","Post-outbreak issues, mutations"
"r/worldnews","https://www.reddit.com/r/worldnews/comments/v4p0bd/outbreaks_of_diseases_such_as_monkeypox_becoming/","Outbreaks of diseases such as monkeypox becoming more frequent, warns WHO",NA,269,269,0.87,2022-06-04 13:34:40,"en",-0.0411326547571871,"neutral",1,"post","Discussions focus on global mpox transmission concerns, public health responses (especially vaccine distribution and messaging), and stigma, with emphasis on LGBTQ+ communities and personal experiences of symptoms/issues.","Transmission, stigma, vaccines"
"r/worldnews","https://www.reddit.com/r/worldnews/comments/wbrek8/in_race_for_monkeypox_vaccines_experts_see_repeat/","In race for monkeypox vaccines, experts see repeat of COVID",NA,283,283,0.84,2022-07-30 07:04:34,"en",0,"neutral",7,"post","Cross-border spread of strains, personal accounts of severe symptoms, and critiques of institutional response delays and inequities.","Cross-border spread, severe cases"
"r/worldnews","https://www.reddit.com/r/worldnews/comments/v63gj4/monkeypox_77_more_cases_detected_in_uk_taking/","Monkeypox: 77 more cases detected in UK taking total to 302",NA,80,80,0.83,2022-06-06 13:24:20,"en",0,"neutral",9,"post","Sociopolitical reactions dominate, including stigma, naming controversies, and comparisons to past pandemics, alongside frustration with institutional mismanagement.","Stigma, naming debates"
"r/worldnews","https://www.reddit.com/r/worldnews/comments/v2wtgl/monkeypox_could_have_been_spreading_undetected/","Monkeypox ‘could have been spreading undetected for years’ – WHO",NA,76,76,0.79,2022-06-02 01:04:39,"en",-0.190990215445144,"negative",8,"post","Scientific/policy debates on mutations and reinfection, stigma’s role in public perception, and advocacy for marginalized groups amid systemic gaps.","Mutations, reinfection risks"
"r/worldnews","https://www.reddit.com/r/worldnews/comments/v16f96/monkeypox_cases_rise_in_spain_to_120_and_in/","Monkeypox cases rise in Spain to 120 and in Portugal to 96",NA,62,62,0.76,2022-05-30 18:22:20,"en",0,"neutral",3,"post","Post-peak concerns include declining cases, lingering public health challenges (e.g., misinformation, isolation fatigue), and scientific analyses of mutations/long-term impacts.","Post-outbreak issues, mutations"
"r/worldnews","https://www.reddit.com/r/worldnews/comments/v48oys/monkeypox_public_health_advice_for_gay_bisexual/","Monkeypox: public health advice for gay, bisexual and other men who have sex with men | World Health Organization",NA,48,48,0.76,2022-06-03 20:49:54,"en",0.0643097507054956,"neutral",1,"post","Discussions focus on global mpox transmission concerns, public health responses (especially vaccine distribution and messaging), and stigma, with emphasis on LGBTQ+ communities and personal experiences of symptoms/issues.","Transmission, stigma, vaccines"
"r/worldnews","https://www.reddit.com/r/worldnews/comments/v6b4na/monkeypox_dna_hints_virus_has_been_spreading/","Monkeypox DNA hints virus has been spreading outside Africa for years",NA,129,129,0.9,2022-06-06 19:12:19,"en",-0.0822653095143743,"neutral",9,"post","Sociopolitical reactions dominate, including stigma, naming controversies, and comparisons to past pandemics, alongside frustration with institutional mismanagement.","Stigma, naming debates"
"r/worldnews","https://www.reddit.com/r/worldnews/comments/ur7aue/four_new_cases_of_monkeypox_identified_in_the_uk/","Four new cases of monkeypox identified in the UK, bringing total to seven",NA,50,50,0.8,2022-05-16 22:01:44,"en",0.121076925696594,"positive",1,"post","Discussions focus on global mpox transmission concerns, public health responses (especially vaccine distribution and messaging), and stigma, with emphasis on LGBTQ+ communities and personal experiences of symptoms/issues.","Transmission, stigma, vaccines"
"r/worldnews","https://www.reddit.com/r/worldnews/comments/v46rul/canada_reports_77_confirmed_cases_of_monkeypox/","Canada reports 77 confirmed cases of monkeypox",NA,55,55,0.83,2022-06-03 19:19:20,"en",0.111387755644007,"positive",5,"post","Fears of mpox resurgence or endemicity, debates over vaccine strategies, and critiques of global disparities in outbreak response.","Resurgence fears, global disparities"
"r/worldnews","https://www.reddit.com/r/worldnews/comments/uu6y83/monkeypox_doctors_concerned_over_impact_on_sexual/","Monkeypox: Doctors concerned over impact on sexual health",NA,46,46,0.88,2022-05-20 20:28:41,"en",-0.115757551269892,"negative",8,"post","Scientific/policy debates on mutations and reinfection, stigma’s role in public perception, and advocacy for marginalized groups amid systemic gaps.","Mutations, reinfection risks"
"r/worldnews","https://www.reddit.com/r/worldnews/comments/ut35v4/sweden_reports_first_case_of_monkeypox/","Sweden Reports First Case Of Monkeypox",NA,50,50,0.83,2022-05-19 13:13:27,"en",0,"neutral",4,"post","Criticism of systemic public health failures (e.g., vaccine disparities, bureaucratic delays) and anxiety about broadening transmission (e.g., pediatric cases, workplaces).","Systemic failures, inequity"
"r/worldnews","https://www.reddit.com/r/worldnews/comments/uyiiad/eight_more_monkeypox_cases_detected_in_england_as/","Eight more monkeypox cases detected in England as UK total rises to 90",NA,24,24,0.64,2022-05-26 21:52:18,"en",0,"neutral",1,"post","Discussions focus on global mpox transmission concerns, public health responses (especially vaccine distribution and messaging), and stigma, with emphasis on LGBTQ+ communities and personal experiences of symptoms/issues.","Transmission, stigma, vaccines"
"r/worldnews","https://www.reddit.com/r/worldnews/comments/v8d093/who_warns_of_real_risk_monkeypox_will_become/","WHO warns of 'real' risk monkeypox will become established outside Africa",NA,41,41,0.79,2022-06-09 09:33:20,"en",-0.0987183714172491,"neutral",1,"post","Discussions focus on global mpox transmission concerns, public health responses (especially vaccine distribution and messaging), and stigma, with emphasis on LGBTQ+ communities and personal experiences of symptoms/issues.","Transmission, stigma, vaccines"
"r/worldnews","https://www.reddit.com/r/worldnews/comments/vckpvq/who_to_determine_if_monkeypox_should_be_declared/","WHO to determine if Monkeypox should be declared ‘Emergency of International Concern’; rights expert warns of COVID ‘vaccine apartheid’",NA,53,53,0.75,2022-06-15 03:08:11,"en",-0.125189029824127,"negative",5,"post","Fears of mpox resurgence or endemicity, debates over vaccine strategies, and critiques of global disparities in outbreak response.","Resurgence fears, global disparities"
"r/worldnews","https://www.reddit.com/r/worldnews/comments/uzuau4/mexico_confirms_first_case_of_monkeypox/","Mexico confirms first case of monkeypox",NA,86,86,0.86,2022-05-28 19:25:27,"en",0,"neutral",8,"post","Scientific/policy debates on mutations and reinfection, stigma’s role in public perception, and advocacy for marginalized groups amid systemic gaps.","Mutations, reinfection risks"
"r/worldnews","https://www.reddit.com/r/worldnews/comments/vc8xc5/monkeypox_unsafe_sex_link_as_skintoskin_contact/","Monkeypox 'unsafe sex' link as skin-to-skin contact spreads disease",NA,40,40,0.74,2022-06-14 17:36:39,"en",-0.0987183714172491,"neutral",1,"post","Discussions focus on global mpox transmission concerns, public health responses (especially vaccine distribution and messaging), and stigma, with emphasis on LGBTQ+ communities and personal experiences of symptoms/issues.","Transmission, stigma, vaccines"
"r/worldnews","https://www.reddit.com/r/worldnews/comments/w9yjz3/who_chief_advises_men_who_have_sex_with_men_to/","WHO chief advises men who have sex with men to reduce partners to limit exposure to monkeypox",NA,32,32,0.7,2022-07-28 03:19:25,"en",-0.0198522562623479,"neutral",6,"post","Emergence of high-risk mpox variants (e.g., Clade I), underreported global spread, and debates over containment strategies beyond MSM communities.","New variants, containment struggles"
"r/worldnews","https://www.reddit.com/r/worldnews/comments/wh5gjn/woman_with_extremely_painful_monkeypox_says_she/","Woman with 'Extremely Painful' Monkeypox Says She Wasn't Offered Vaccine",NA,15,15,0.6,2022-08-05 20:27:06,"en",0,"neutral",3,"post","Post-peak concerns include declining cases, lingering public health challenges (e.g., misinformation, isolation fatigue), and scientific analyses of mutations/long-term impacts.","Post-outbreak issues, mutations"
"r/worldnews","https://www.reddit.com/r/worldnews/comments/wc1ito/australia_can_avoid_big_monkeypox_outbreak_with/","Australia can avoid big monkeypox outbreak with targeted vaccination, health experts say. Call for vaccines to be prioritised for gay and bisexual men who have travelled internationally.",NA,64,64,0.79,2022-07-30 16:35:09,"en",-0.147991760541538,"negative",5,"post","Fears of mpox resurgence or endemicity, debates over vaccine strategies, and critiques of global disparities in outbreak response.","Resurgence fears, global disparities"
"r/worldnews","https://www.reddit.com/r/worldnews/comments/uyglsx/quebec_to_start_vaccinating_against_monkeypox_as/","Quebec to start vaccinating against monkeypox as cases climb to 25",NA,119,119,0.89,2022-05-26 20:22:35,"en",0,"neutral",5,"post","Fears of mpox resurgence or endemicity, debates over vaccine strategies, and critiques of global disparities in outbreak response.","Resurgence fears, global disparities"
"r/worldnews","https://www.reddit.com/r/worldnews/comments/vhg5yo/gay_and_bisexual_men_will_be_offered_monkeypox/","Gay and bisexual men will be offered monkeypox vaccine in targeted rollout: UK steps up efforts to thwart outbreak amid warning it could get 10 times bigger as health chiefs log another 200 cases",NA,49,49,0.75,2022-06-21 15:38:35,"en",-0.197752483419399,"negative",2,"post","Debates center on mpox spread among MSM, vaccine access challenges, and comparisons to COVID-19, alongside personal symptom accounts and frustration with public health failures.","MSM focus, vaccine inequity"
"r/worldnews","https://www.reddit.com/r/worldnews/comments/1etnqfj/china_to_screen_arrivals_for_monkeypox_as/","China to screen arrivals for monkeypox as Pakistan reports first case of deadly virus",NA,72,72,0.85,2024-08-16 12:40:20,"en",-0.182301007760681,"negative",5,"post","Fears of mpox resurgence or endemicity, debates over vaccine strategies, and critiques of global disparities in outbreak response.","Resurgence fears, global disparities"
"r/worldnews","https://www.reddit.com/r/worldnews/comments/ut27v1/monkeypox_cases_investigated_in_us_canada_and/","Monkeypox cases investigated in US, Canada and Europe",NA,42,42,0.86,2022-05-19 12:22:27,"en",0,"neutral",1,"post","Discussions focus on global mpox transmission concerns, public health responses (especially vaccine distribution and messaging), and stigma, with emphasis on LGBTQ+ communities and personal experiences of symptoms/issues.","Transmission, stigma, vaccines"
"r/worldnews","https://www.reddit.com/r/worldnews/comments/uxow69/monkeypox_may_have_been_circulating_in_uk_for/","Monkeypox may have been circulating in UK for years, scientists say",NA,60,60,0.81,2022-05-25 19:21:56,"en",0,"neutral",4,"post","Criticism of systemic public health failures (e.g., vaccine disparities, bureaucratic delays) and anxiety about broadening transmission (e.g., pediatric cases, workplaces).","Systemic failures, inequity"
"r/worldnews","https://www.reddit.com/r/worldnews/comments/ukdfgz/rare_case_of_monkeypox_confirmed_in_england/","Rare case of monkeypox confirmed in England",NA,60,60,0.81,2022-05-07 13:35:02,"en",0.103125023043775,"positive",6,"post","Emergence of high-risk mpox variants (e.g., Clade I), underreported global spread, and debates over containment strategies beyond MSM communities.","New variants, containment struggles"
"r/worldnews","https://www.reddit.com/r/worldnews/comments/xdt464/monkeypox_virus_continues_to_spread_another/","Monkeypox virus continues to spread: another confirmed fatal case in the US",NA,46,46,0.79,2022-09-14 05:08:33,"en",-0.0787630373570273,"neutral",7,"post","Cross-border spread of strains, personal accounts of severe symptoms, and critiques of institutional response delays and inequities.","Cross-border spread, severe cases"
"r/worldnews","https://www.reddit.com/r/worldnews/comments/v7zp4a/germany_72_monkeypox_cases_reported_in_berlin/","Germany: 72 Monkeypox cases reported in Berlin",NA,57,57,0.87,2022-06-08 20:51:19,"en",0,"neutral",6,"post","Emergence of high-risk mpox variants (e.g., Clade I), underreported global spread, and debates over containment strategies beyond MSM communities.","New variants, containment struggles"
"r/worldnews","https://www.reddit.com/r/worldnews/comments/v15sov/britain_says_71_more_monkeypox_cases_identified/","Britain says 71 more monkeypox cases identified in England",NA,31,31,0.7,2022-05-30 17:53:54,"en",0,"neutral",9,"post","Sociopolitical reactions dominate, including stigma, naming controversies, and comparisons to past pandemics, alongside frustration with institutional mismanagement.","Stigma, naming debates"
"r/worldnews","https://www.reddit.com/r/worldnews/comments/uu7oux/who_calls_emergency_meeting_as_monkeypox_cases/","WHO calls emergency meeting as monkeypox cases top 100 in Europe",NA,59,59,0.87,2022-05-20 21:04:07,"en",0.043140292258066,"neutral",9,"post","Sociopolitical reactions dominate, including stigma, naming controversies, and comparisons to past pandemics, alongside frustration with institutional mismanagement.","Stigma, naming debates"
"r/worldnews","https://www.reddit.com/r/worldnews/comments/vav5t4/multicountry_monkeypox_outbreak_situation_update/","Multi-country monkeypox outbreak: situation update",NA,37,37,0.75,2022-06-12 20:50:52,"en",-0.178220409030411,"negative",1,"post","Discussions focus on global mpox transmission concerns, public health responses (especially vaccine distribution and messaging), and stigma, with emphasis on LGBTQ+ communities and personal experiences of symptoms/issues.","Transmission, stigma, vaccines"
"r/worldnews","https://www.reddit.com/r/worldnews/comments/uwqrmx/germany_orders_40000_vaccine_doses_as_precaution/","Germany orders 40,000 vaccine doses as precaution against monkeypox spread",NA,97,97,0.91,2022-05-24 13:24:29,"en",-0.0727581773124356,"neutral",1,"post","Discussions focus on global mpox transmission concerns, public health responses (especially vaccine distribution and messaging), and stigma, with emphasis on LGBTQ+ communities and personal experiences of symptoms/issues.","Transmission, stigma, vaccines"
"r/worldnews","https://www.reddit.com/r/worldnews/comments/vamfeh/112_cases_of_monkeypox_in_canada_all_of_them/","112 cases of monkeypox in Canada, all of them among men: Tam",NA,796,796,0.93,2022-06-12 13:52:13,"en",0,"neutral",7,"post","Cross-border spread of strains, personal accounts of severe symptoms, and critiques of institutional response delays and inequities.","Cross-border spread, severe cases"
"r/worldnews","https://www.reddit.com/r/worldnews/comments/uutmfy/who_working_on_more_monkeypox_guidance_as_cases/","WHO working on more monkeypox guidance as cases spike, adviser says - National - Verve times",NA,53,53,0.77,2022-05-21 19:00:28,"en",0.371894055831788,"positive",7,"post","Cross-border spread of strains, personal accounts of severe symptoms, and critiques of institutional response delays and inequities.","Cross-border spread, severe cases"
"r/worldnews","https://www.reddit.com/r/worldnews/comments/w2lnj4/for_monkeypox_patients_excruciating_symptoms_and/","For Monkeypox Patients, Excruciating Symptoms and a Struggle for Care",NA,19,19,0.65,2022-07-19 06:24:05,"en",-0.112164759870971,"negative",1,"post","Discussions focus on global mpox transmission concerns, public health responses (especially vaccine distribution and messaging), and stigma, with emphasis on LGBTQ+ communities and personal experiences of symptoms/issues.","Transmission, stigma, vaccines"
"r/worldnews","https://www.reddit.com/r/worldnews/comments/vc4v1w/who_to_assess_if_monkeypox_an_international/","WHO to assess if monkeypox an international health emergency",NA,33,33,0.74,2022-06-14 14:34:43,"en",-0.136421582460817,"negative",6,"post","Emergence of high-risk mpox variants (e.g., Clade I), underreported global spread, and debates over containment strategies beyond MSM communities.","New variants, containment struggles"
"r/worldnews","https://www.reddit.com/r/worldnews/comments/y9zhf9/the_global_monkeypox_outbreak_has_been_receding/","The global monkeypox outbreak has been receding for months, but experts warn against prematurely declaring victory because a resurgence remains possible and the virus still circulates in the African countries where it has long been endemic",NA,32,32,0.75,2022-10-21 17:30:33,"en",-0.220548224978321,"negative",8,"post","Scientific/policy debates on mutations and reinfection, stigma’s role in public perception, and advocacy for marginalized groups amid systemic gaps.","Mutations, reinfection risks"
"r/worldnews","https://www.reddit.com/r/worldnews/comments/uwnqvd/monkeypox_outbreak_who_working_on_sexual_contact/","Monkeypox outbreak: WHO working on sexual contact theory, top adviser says",NA,38,38,0.78,2022-05-24 10:34:01,"en",0.238569397591685,"positive",8,"post","Scientific/policy debates on mutations and reinfection, stigma’s role in public perception, and advocacy for marginalized groups amid systemic gaps.","Mutations, reinfection risks"
"r/worldnews","https://www.reddit.com/r/worldnews/comments/1dp4luw/warnings_over_lethal_and_contagious_strain_of/","Warnings over lethal and contagious strain of monkeypox as children in eastern Democratic Republic of the Congo die",NA,195,195,0.89,2024-06-26 17:39:51,"en",-0.398720454374073,"negative",9,"post","Sociopolitical reactions dominate, including stigma, naming controversies, and comparisons to past pandemics, alongside frustration with institutional mismanagement.","Stigma, naming debates"
"r/worldnews","https://www.reddit.com/r/worldnews/comments/vhi16r/monkeypox_jab_to_be_offered_to_atrisk_men/","Monkeypox jab to be offered to at-risk men",NA,15,15,0.66,2022-06-21 17:01:50,"en",-0.24555884842947,"negative",9,"post","Sociopolitical reactions dominate, including stigma, naming controversies, and comparisons to past pandemics, alongside frustration with institutional mismanagement.","Stigma, naming debates"
"r/worldnews","https://www.reddit.com/r/worldnews/comments/uurbri/extremadura_detects_first_suspected_case_of/","Extremadura detects first suspected case of monkeypox in a woman",NA,49,49,0.84,2022-05-21 17:04:02,"en",-0.103536701419358,"negative",1,"post","Discussions focus on global mpox transmission concerns, public health responses (especially vaccine distribution and messaging), and stigma, with emphasis on LGBTQ+ communities and personal experiences of symptoms/issues.","Transmission, stigma, vaccines"
"r/worldnews","https://www.reddit.com/r/worldnews/comments/v7cizy/canada_issues_travel_notice_as_monkeypox/","Canada issues travel notice as monkeypox continues to spread around the world",NA,731,731,0.93,2022-06-08 00:43:02,"en",-0.157526074714055,"negative",8,"post","Scientific/policy debates on mutations and reinfection, stigma’s role in public perception, and advocacy for marginalized groups amid systemic gaps.","Mutations, reinfection risks"
"r/worldnews","https://www.reddit.com/r/worldnews/comments/vo7db0/africa_in_need_of_test_kits_vaccines_for/","Africa in need of test kits, vaccines for monkeypox: CDC Africa.",NA,43,43,0.84,2022-06-30 12:37:24,"en",0,"neutral",8,"post","Scientific/policy debates on mutations and reinfection, stigma’s role in public perception, and advocacy for marginalized groups amid systemic gaps.","Mutations, reinfection risks"
"r/worldnews","https://www.reddit.com/r/worldnews/comments/utz3wy/who_to_hold_emergency_meeting_on_monkeypox_on/","WHO to hold emergency meeting on monkeypox on Friday -sources",NA,51,51,0.81,2022-05-20 15:17:09,"en",-0.129420876774198,"negative",1,"post","Discussions focus on global mpox transmission concerns, public health responses (especially vaccine distribution and messaging), and stigma, with emphasis on LGBTQ+ communities and personal experiences of symptoms/issues.","Transmission, stigma, vaccines"
"r/worldnews","https://www.reddit.com/r/worldnews/comments/v34j1g/monkeypox_cases_rise_to_over_550_infections/","Monkeypox cases rise to over 550, infections spreading undetected: WHO",NA,24,24,0.72,2022-06-02 08:58:17,"en",-0.181895443281089,"negative",9,"post","Sociopolitical reactions dominate, including stigma, naming controversies, and comparisons to past pandemics, alongside frustration with institutional mismanagement.","Stigma, naming debates"
"r/worldnews","https://www.reddit.com/r/worldnews/comments/uw13nl/first_case_of_monkeypox_confirmed_in_scotland_as/","First case of monkeypox confirmed in Scotland as cases surge across UK",NA,32,32,0.73,2022-05-23 14:11:06,"en",0.0787630373570273,"neutral",3,"post","Post-peak concerns include declining cases, lingering public health challenges (e.g., misinformation, isolation fatigue), and scientific analyses of mutations/long-term impacts.","Post-outbreak issues, mutations"
"r/worldnews","https://www.reddit.com/r/worldnews/comments/w57sox/thailand_confirms_first_monkeypox_case_in_phuket/","Thailand confirms first monkeypox case in Phuket but patient is missing",NA,35,35,0.78,2022-07-22 11:02:52,"en",0,"neutral",5,"post","Fears of mpox resurgence or endemicity, debates over vaccine strategies, and critiques of global disparities in outbreak response.","Resurgence fears, global disparities"
"r/worldnews","https://www.reddit.com/r/worldnews/comments/vp3smy/monkeypox_who_calls_for_urgent_action_in_europe/","Monkeypox: WHO calls for urgent action in Europe. Europe has been told to increase its surveillance and genetic sequencing of the monkeypox outbreak. It is home to around 90% of all reported cases of the disease",NA,42,42,0.8,2022-07-01 15:40:58,"en",-0.168605830386137,"negative",3,"post","Post-peak concerns include declining cases, lingering public health challenges (e.g., misinformation, isolation fatigue), and scientific analyses of mutations/long-term impacts.","Post-outbreak issues, mutations"
"r/worldnews","https://www.reddit.com/r/worldnews/comments/w98hds/monkeypox_emergency_could_last_months_with_window/","Monkeypox emergency could last months, with window closing to stop spread, experts say",NA,16,16,0.63,2022-07-27 07:44:42,"en",-0.174048080688854,"negative",8,"post","Scientific/policy debates on mutations and reinfection, stigma’s role in public perception, and advocacy for marginalized groups amid systemic gaps.","Mutations, reinfection risks"
"r/worldnews","https://www.reddit.com/r/worldnews/comments/vhsryr/south_korea_reports_first_suspected_monkeypox/","South Korea reports first suspected monkeypox cases, tests underway",NA,41,41,0.83,2022-06-22 01:12:49,"en",-0.109137265968653,"negative",3,"post","Post-peak concerns include declining cases, lingering public health challenges (e.g., misinformation, isolation fatigue), and scientific analyses of mutations/long-term impacts.","Post-outbreak issues, mutations"
"r/worldnews","https://www.reddit.com/r/worldnews/comments/x1fbjq/monkeypox_outbreak_can_be_eliminated_in_europe/","Monkeypox outbreak can be eliminated in Europe - WHO officials",NA,54,54,0.85,2022-08-30 10:18:25,"en",-0.190990215445144,"negative",7,"post","Cross-border spread of strains, personal accounts of severe symptoms, and critiques of institutional response delays and inequities.","Cross-border spread, severe cases"
"r/worldnews","https://www.reddit.com/r/worldnews/comments/vuwf06/new_zealands_first_case_of_monkeypox_confirmed_in/","New Zealand’s first case of monkeypox confirmed in Auckland",NA,38,38,0.78,2022-07-09 07:32:17,"en",0.224329519741943,"positive",1,"post","Discussions focus on global mpox transmission concerns, public health responses (especially vaccine distribution and messaging), and stigma, with emphasis on LGBTQ+ communities and personal experiences of symptoms/issues.","Transmission, stigma, vaccines"
"r/worldnews","https://www.reddit.com/r/worldnews/comments/yidn8y/in_africas_monkeypox_outbreak_sickness_and_death/","In Africa's monkeypox outbreak, sickness and death go undetected",NA,33,33,0.75,2022-10-31 14:25:30,"en",-0.418359519546505,"negative",7,"post","Cross-border spread of strains, personal accounts of severe symptoms, and critiques of institutional response delays and inequities.","Cross-border spread, severe cases"
"r/worldnews","https://www.reddit.com/r/worldnews/comments/1esb1wf/new_monkeypox_variant_spurs_continentwide_health/","New Monkeypox Variant Spurs Continent-Wide Health Alert in Africa",NA,92,92,0.84,2024-08-14 19:56:56,"en",0.0949086429677451,"neutral",9,"post","Sociopolitical reactions dominate, including stigma, naming controversies, and comparisons to past pandemics, alongside frustration with institutional mismanagement.","Stigma, naming debates"
"r/worldnews","https://www.reddit.com/r/worldnews/comments/wblhd7/spain_and_brazil_reported_their_first/","Spain and Brazil reported their first monkeypox-related deaths on Friday, marking what are thought to be the first fatalities linked to the current outbreak outside of Africa.",NA,94,94,0.91,2022-07-30 01:37:31,"en",-0.185625041478795,"negative",7,"post","Cross-border spread of strains, personal accounts of severe symptoms, and critiques of institutional response delays and inequities.","Cross-border spread, severe cases"
"r/worldnews","https://www.reddit.com/r/worldnews/comments/uy0a8h/swiss_pharmaceutical_giant_roche_says_it_has_come/","Swiss pharmaceutical giant Roche says it has come up with PCR tests that can detect monkeypox, as the virus spreads outside endemic countries.",NA,66,66,0.86,2022-05-26 05:19:55,"en",-0.136540158391469,"negative",3,"post","Post-peak concerns include declining cases, lingering public health challenges (e.g., misinformation, isolation fatigue), and scientific analyses of mutations/long-term impacts.","Post-outbreak issues, mutations"
"r/worldnews","https://www.reddit.com/r/worldnews/comments/vkpduh/world_health_organization_says_monkeypox_is_not_a/","World Health Organization says monkeypox is not a global health emergency right now",NA,1375,1375,0.94,2022-06-25 21:52:58,"en",-0.00756730785603714,"neutral",7,"post","Cross-border spread of strains, personal accounts of severe symptoms, and critiques of institutional response delays and inequities.","Cross-border spread, severe cases"
"r/worldnews","https://www.reddit.com/r/worldnews/comments/wba0iv/brazil_confirms_its_first_monkeypoxrelated_death/","Brazil confirms its first monkeypox-related death",NA,50,50,0.77,2022-07-29 17:00:49,"en",-0.154687534565662,"negative",7,"post","Cross-border spread of strains, personal accounts of severe symptoms, and critiques of institutional response delays and inequities.","Cross-border spread, severe cases"
"r/worldnews","https://www.reddit.com/r/worldnews/comments/uyej3o/gran_canaria_pride_festival_attended_by_80000/","Gran Canaria pride festival attended by 80,000 investigated as monkeypox superspreader event",NA,236,236,0.83,2022-05-26 18:48:11,"en",0.123397964271561,"positive",9,"post","Sociopolitical reactions dominate, including stigma, naming controversies, and comparisons to past pandemics, alongside frustration with institutional mismanagement.","Stigma, naming debates"
"r/worldnews","https://www.reddit.com/r/worldnews/comments/uydb3p/canadian_government_to_ship_vaccines_to_quebec/","Canadian government to ship vaccines to Quebec after 27 confirmed or probable monkeypox cases",NA,90,90,0.88,2022-05-26 17:52:13,"en",0,"neutral",8,"post","Scientific/policy debates on mutations and reinfection, stigma’s role in public perception, and advocacy for marginalized groups amid systemic gaps.","Mutations, reinfection risks"
"r/worldnews","https://www.reddit.com/r/worldnews/comments/uymo6s/pet_hamsters_belonging_to_monkeypox_patients/","Pet hamsters belonging to monkeypox patients should be isolated or killed, say health chiefs",NA,30912,30912,0.92,2022-05-27 01:20:29,"en",-0.182301007760681,"negative",9,"post","Sociopolitical reactions dominate, including stigma, naming controversies, and comparisons to past pandemics, alongside frustration with institutional mismanagement.","Stigma, naming debates"
"r/worldnews","https://www.reddit.com/r/worldnews/comments/utbv8p/france_says_first_suspected_case_of_monkeypox/","France says first suspected case of monkeypox detected in Paris region",NA,65,65,0.88,2022-05-19 20:02:10,"en",-0.0987183714172491,"neutral",1,"post","Discussions focus on global mpox transmission concerns, public health responses (especially vaccine distribution and messaging), and stigma, with emphasis on LGBTQ+ communities and personal experiences of symptoms/issues.","Transmission, stigma, vaccines"
